[07Jun2026 04:28:08.809] [main/INFO] [cpw.mods.modlauncher.Launcher/MODLAUNCHER]: ModLauncher running: args [--launchTarget, forgeserver, --fml.forgeVersion, 47.3.7, --fml.mcVersion, 1.20.1, --fml.forgeGroup, net.minecraftforge, --fml.mcpVersion, 20230612.114412, nogui]
[07Jun2026 04:28:08.815] [main/INFO] [cpw.mods.modlauncher.Launcher/MODLAUNCHER]: ModLauncher 10.0.9+10.0.9+main.dcd20f30 starting: java version 17.0.18 by Ubuntu; OS Linux arch amd64 version 6.8.0-1052-azure
[07Jun2026 04:28:08.839] [main/DEBUG] [cpw.mods.modlauncher.LaunchServiceHandler/MODLAUNCHER]: Found launch services [fmlclientdev,forgeclient,minecraft,forgegametestserverdev,fmlserveruserdev,fmlclient,fmldatauserdev,forgeserverdev,forgeserveruserdev,forgeclientdev,forgeclientuserdev,forgeserver,forgedatadev,fmlserver,fmlclientuserdev,fmlserverdev,forgedatauserdev,testharness,forgegametestserveruserdev]
[07Jun2026 04:28:08.852] [main/DEBUG] [cpw.mods.modlauncher.NameMappingServiceHandler/MODLAUNCHER]: Found naming services : [srgtomcp]
[07Jun2026 04:28:08.866] [main/DEBUG] [cpw.mods.modlauncher.LaunchPluginHandler/MODLAUNCHER]: Found launch plugins: [mixin,eventbus,slf4jfixer,object_holder_definalize,runtime_enum_extender,capability_token_subclass,accesstransformer,runtimedistcleaner]
[07Jun2026 04:28:08.875] [main/DEBUG] [cpw.mods.modlauncher.TransformationServicesHandler/MODLAUNCHER]: Discovering transformation services
[07Jun2026 04:28:08.880] [main/DEBUG] [net.minecraftforge.fml.loading.FMLPaths/CORE]: Path GAMEDIR is /workspaces/NEW-WORLD/servidor_minecraft
[07Jun2026 04:28:08.880] [main/DEBUG] [net.minecraftforge.fml.loading.FMLPaths/CORE]: Path MODSDIR is /workspaces/NEW-WORLD/servidor_minecraft/mods
[07Jun2026 04:28:08.880] [main/DEBUG] [net.minecraftforge.fml.loading.FMLPaths/CORE]: Path CONFIGDIR is /workspaces/NEW-WORLD/servidor_minecraft/config
[07Jun2026 04:28:08.880] [main/DEBUG] [net.minecraftforge.fml.loading.FMLPaths/CORE]: Path FMLCONFIG is /workspaces/NEW-WORLD/servidor_minecraft/config/fml.toml
[07Jun2026 04:28:09.885] [main/DEBUG] [cpw.mods.modlauncher.TransformationServicesHandler/MODLAUNCHER]: Found additional transformation services from discovery services: 
[07Jun2026 04:28:09.890] [main/INFO] [net.minecraftforge.fml.loading.ImmediateWindowHandler/]: ImmediateWindowProvider not loading because launch target is forgeserver
[07Jun2026 04:28:09.897] [main/DEBUG] [cpw.mods.modlauncher.TransformationServicesHandler/MODLAUNCHER]: Found transformer services : [mixin,fml]
[07Jun2026 04:28:09.897] [main/DEBUG] [cpw.mods.modlauncher.TransformationServicesHandler/MODLAUNCHER]: Transformation services loading
[07Jun2026 04:28:09.898] [main/DEBUG] [cpw.mods.modlauncher.TransformationServiceDecorator/MODLAUNCHER]: Loading service mixin
[07Jun2026 04:28:09.898] [main/DEBUG] [cpw.mods.modlauncher.TransformationServiceDecorator/MODLAUNCHER]: Loaded service mixin
[07Jun2026 04:28:09.898] [main/DEBUG] [cpw.mods.modlauncher.TransformationServiceDecorator/MODLAUNCHER]: Loading service fml
[07Jun2026 04:28:09.899] [main/DEBUG] [net.minecraftforge.fml.loading.LauncherVersion/CORE]: Found FMLLauncher version 1.0
[07Jun2026 04:28:09.899] [main/DEBUG] [net.minecraftforge.fml.loading.FMLLoader/CORE]: FML 1.0 loading
[07Jun2026 04:28:09.899] [main/DEBUG] [net.minecraftforge.fml.loading.FMLLoader/CORE]: FML found ModLauncher version : 10.0.9+10.0.9+main.dcd20f30
[07Jun2026 04:28:09.900] [main/DEBUG] [net.minecraftforge.fml.loading.FMLLoader/CORE]: FML found AccessTransformer version : 8.0.4+66+master.c09db6d7
[07Jun2026 04:28:09.900] [main/DEBUG] [net.minecraftforge.fml.loading.FMLLoader/CORE]: FML found EventBus version : 6.0.5+6.0.5+master.eb8e549b
[07Jun2026 04:28:09.900] [main/DEBUG] [net.minecraftforge.fml.loading.FMLLoader/CORE]: Found Runtime Dist Cleaner
[07Jun2026 04:28:09.902] [main/DEBUG] [net.minecraftforge.fml.loading.FMLLoader/CORE]: FML found CoreMod version : 5.1.6
[07Jun2026 04:28:09.903] [main/DEBUG] [net.minecraftforge.fml.loading.FMLLoader/CORE]: Found ForgeSPI package implementation version 7.0.1+7.0.1+master.d2b38bf6
[07Jun2026 04:28:09.903] [main/DEBUG] [net.minecraftforge.fml.loading.FMLLoader/CORE]: Found ForgeSPI package specification 5
[07Jun2026 04:28:09.903] [main/DEBUG] [cpw.mods.modlauncher.TransformationServiceDecorator/MODLAUNCHER]: Loaded service fml
[07Jun2026 04:28:09.904] [main/DEBUG] [cpw.mods.modlauncher.TransformationServicesHandler/MODLAUNCHER]: Configuring option handling for services
[07Jun2026 04:28:09.911] [main/DEBUG] [cpw.mods.modlauncher.TransformationServicesHandler/MODLAUNCHER]: Transformation services initializing
[07Jun2026 04:28:09.911] [main/DEBUG] [cpw.mods.modlauncher.TransformationServiceDecorator/MODLAUNCHER]: Initializing transformation service mixin
[07Jun2026 04:28:09.923] [main/DEBUG] [mixin/]: MixinService [ModLauncher] was successfully booted in cpw.mods.cl.ModuleClassLoader@7a3d45bd
[07Jun2026 04:28:09.960] [main/INFO] [mixin/]: SpongePowered MIXIN Subsystem Version=0.8.5 Source=union:/workspaces/NEW-WORLD/servidor_minecraft/libraries/org/spongepowered/mixin/0.8.5/mixin-0.8.5.jar%2365!/ Service=ModLauncher Env=SERVER
[07Jun2026 04:28:09.965] [main/DEBUG] [mixin/]: Initialising Mixin Platform Manager
[07Jun2026 04:28:09.965] [main/DEBUG] [mixin/]: Adding mixin platform agents for container ModLauncher Root Container(ModLauncher:4f56a0a2)
[07Jun2026 04:28:09.966] [main/DEBUG] [mixin/]: Instancing new MixinPlatformAgentMinecraftForge for ModLauncher Root Container(ModLauncher:4f56a0a2)
[07Jun2026 04:28:09.966] [main/DEBUG] [mixin/]: MixinPlatformAgentMinecraftForge rejected container ModLauncher Root Container(ModLauncher:4f56a0a2)
[07Jun2026 04:28:09.967] [main/DEBUG] [mixin/]: Instancing new MixinPlatformAgentDefault for ModLauncher Root Container(ModLauncher:4f56a0a2)
[07Jun2026 04:28:09.967] [main/DEBUG] [mixin/]: MixinPlatformAgentDefault accepted container ModLauncher Root Container(ModLauncher:4f56a0a2)
[07Jun2026 04:28:09.971] [main/DEBUG] [cpw.mods.modlauncher.TransformationServiceDecorator/MODLAUNCHER]: Initialized transformation service mixin
[07Jun2026 04:28:09.971] [main/DEBUG] [cpw.mods.modlauncher.TransformationServiceDecorator/MODLAUNCHER]: Initializing transformation service fml
[07Jun2026 04:28:09.971] [main/DEBUG] [net.minecraftforge.fml.loading.FMLServiceProvider/CORE]: Setting up basic FML game directories
[07Jun2026 04:28:09.972] [main/DEBUG] [net.minecraftforge.fml.loading.FMLPaths/CORE]: Path GAMEDIR is /workspaces/NEW-WORLD/servidor_minecraft
[07Jun2026 04:28:09.972] [main/DEBUG] [net.minecraftforge.fml.loading.FMLPaths/CORE]: Path MODSDIR is /workspaces/NEW-WORLD/servidor_minecraft/mods
[07Jun2026 04:28:09.972] [main/DEBUG] [net.minecraftforge.fml.loading.FMLPaths/CORE]: Path CONFIGDIR is /workspaces/NEW-WORLD/servidor_minecraft/config
[07Jun2026 04:28:09.972] [main/DEBUG] [net.minecraftforge.fml.loading.FMLPaths/CORE]: Path FMLCONFIG is /workspaces/NEW-WORLD/servidor_minecraft/config/fml.toml
[07Jun2026 04:28:09.972] [main/DEBUG] [net.minecraftforge.fml.loading.FMLServiceProvider/CORE]: Loading configuration
[07Jun2026 04:28:09.975] [main/DEBUG] [net.minecraftforge.fml.loading.FMLServiceProvider/CORE]: Preparing ModFile
[07Jun2026 04:28:09.977] [main/DEBUG] [net.minecraftforge.fml.loading.FMLServiceProvider/CORE]: Preparing launch handler
[07Jun2026 04:28:09.978] [main/DEBUG] [net.minecraftforge.fml.loading.FMLLoader/CORE]: Using forgeserver as launch service
[07Jun2026 04:28:09.989] [main/DEBUG] [net.minecraftforge.fml.loading.FMLLoader/CORE]: Received command line version data  : VersionInfo[forgeVersion=47.3.7, mcVersion=1.20.1, mcpVersion=20230612.114412, forgeGroup=net.minecraftforge]
[07Jun2026 04:28:09.990] [main/DEBUG] [cpw.mods.modlauncher.TransformationServiceDecorator/MODLAUNCHER]: Initialized transformation service fml
[07Jun2026 04:28:09.991] [main/DEBUG] [cpw.mods.modlauncher.NameMappingServiceHandler/MODLAUNCHER]: Current naming domain is 'srg'
[07Jun2026 04:28:09.991] [main/DEBUG] [cpw.mods.modlauncher.NameMappingServiceHandler/MODLAUNCHER]: Identified name mapping providers {}
[07Jun2026 04:28:09.991] [main/DEBUG] [cpw.mods.modlauncher.TransformationServicesHandler/MODLAUNCHER]: Transformation services begin scanning
[07Jun2026 04:28:09.992] [main/DEBUG] [cpw.mods.modlauncher.TransformationServiceDecorator/MODLAUNCHER]: Beginning scan trigger - transformation service mixin
[07Jun2026 04:28:09.992] [main/DEBUG] [cpw.mods.modlauncher.TransformationServiceDecorator/MODLAUNCHER]: End scan trigger - transformation service mixin
[07Jun2026 04:28:09.992] [main/DEBUG] [cpw.mods.modlauncher.TransformationServiceDecorator/MODLAUNCHER]: Beginning scan trigger - transformation service fml
[07Jun2026 04:28:09.992] [main/DEBUG] [net.minecraftforge.fml.loading.FMLServiceProvider/CORE]: Initiating mod scan
[07Jun2026 04:28:10.000] [main/DEBUG] [net.minecraftforge.fml.loading.moddiscovery.ModListHandler/CORE]: Found mod coordinates from lists: []
[07Jun2026 04:28:10.004] [main/DEBUG] [net.minecraftforge.fml.loading.moddiscovery.ModDiscoverer/CORE]: Found Mod Locators : (mods folder:null),(maven libs:null),(exploded directory:null),(minecraft:null),(userdev classpath:null)
[07Jun2026 04:28:10.004] [main/DEBUG] [net.minecraftforge.fml.loading.moddiscovery.ModDiscoverer/CORE]: Found Dependency Locators : (JarInJar:null)
[07Jun2026 04:28:10.011] [main/DEBUG] [net.minecraftforge.fml.loading.moddiscovery.ModFileParser/LOADING]: Considering mod file candidate /workspaces/NEW-WORLD/servidor_minecraft/mods/3d_placeable_food-2.6.0-forge-1.20.1.jar
[07Jun2026 04:28:10.046] [main/DEBUG] [net.minecraftforge.fml.loading.moddiscovery.ModFileInfo/LOADING]: Found valid mod file 3d_placeable_food-2.6.0-forge-1.20.1.jar with {placeable_food} mods - versions {2.6.0}
[07Jun2026 04:28:10.050] [main/DEBUG] [net.minecraftforge.fml.loading.moddiscovery.ModFileParser/LOADING]: Considering mod file candidate /workspaces/NEW-WORLD/servidor_minecraft/mods/alexsmobs-1.22.9.jar
[07Jun2026 04:28:10.054] [main/DEBUG] [net.minecraftforge.fml.loading.moddiscovery.ModFileInfo/LOADING]: Found valid mod file alexsmobs-1.22.9.jar with {alexsmobs} mods - versions {1.22.9}
[07Jun2026 04:28:10.055] [main/DEBUG] [net.minecraftforge.fml.loading.moddiscovery.ModFileParser/LOADING]: Considering mod file candidate /workspaces/NEW-WORLD/servidor_minecraft/mods/architectury-9.2.14-forge.jar
[07Jun2026 04:28:10.056] [main/DEBUG] [net.minecraftforge.fml.loading.moddiscovery.ModFileInfo/LOADING]: Found valid mod file architectury-9.2.14-forge.jar with {architectury} mods - versions {9.2.14}
[07Jun2026 04:28:10.056] [main/DEBUG] [net.minecraftforge.fml.loading.moddiscovery.ModFileParser/LOADING]: Considering mod file candidate /workspaces/NEW-WORLD/servidor_minecraft/mods/Better_Dogs_X_Doggy_Talents_Next_v1.2.2 [Forge] - [1.20-1.20.1].jar
[07Jun2026 04:28:10.059] [main/DEBUG] [net.minecraftforge.fml.loading.moddiscovery.ModFileInfo/LOADING]: Found valid mod file Better_Dogs_X_Doggy_Talents_Next_v1.2.2 [Forge] - [1.20-1.20.1].jar with {betterdogs_dtn} mods - versions {1.2.2}
[07Jun2026 04:28:10.060] [main/DEBUG] [net.minecraftforge.fml.loading.moddiscovery.ModFileParser/LOADING]: Considering mod file candidate /workspaces/NEW-WORLD/servidor_minecraft/mods/citadel-2.6.3-1.20.1.jar
[07Jun2026 04:28:10.062] [main/DEBUG] [net.minecraftforge.fml.loading.moddiscovery.ModFileInfo/LOADING]: Found valid mod file citadel-2.6.3-1.20.1.jar with {citadel} mods - versions {2.6.3}
[07Jun2026 04:28:10.065] [main/DEBUG] [net.minecraftforge.fml.loading.moddiscovery.ModFileParser/LOADING]: Considering mod file candidate /workspaces/NEW-WORLD/servidor_minecraft/mods/cluttered-[Forge]-3.0.3-1.20.1.jar
[07Jun2026 04:28:10.067] [main/DEBUG] [net.minecraftforge.fml.loading.moddiscovery.ModFileInfo/LOADING]: Found valid mod file cluttered-[Forge]-3.0.3-1.20.1.jar with {cluttered} mods - versions {3.0.3-1.20.1}
[07Jun2026 04:28:10.067] [main/DEBUG] [net.minecraftforge.fml.loading.moddiscovery.ModFileParser/LOADING]: Considering mod file candidate /workspaces/NEW-WORLD/servidor_minecraft/mods/cristellib-1.1.6-forge.jar
[07Jun2026 04:28:10.068] [main/DEBUG] [net.minecraftforge.fml.loading.moddiscovery.ModFileInfo/LOADING]: Found valid mod file cristellib-1.1.6-forge.jar with {cristellib} mods - versions {1.1.6}
[07Jun2026 04:28:10.068] [main/DEBUG] [net.minecraftforge.fml.loading.moddiscovery.ModFileParser/LOADING]: Considering mod file candidate /workspaces/NEW-WORLD/servidor_minecraft/mods/cute_companions_ducks-0.0.2-forge-1.20.1.jar
[07Jun2026 04:28:10.069] [main/DEBUG] [net.minecraftforge.fml.loading.moddiscovery.ModFileInfo/LOADING]: Found valid mod file cute_companions_ducks-0.0.2-forge-1.20.1.jar with {cute_companions_ducks} mods - versions {1.0.0}
[07Jun2026 04:28:10.071] [main/DEBUG] [net.minecraftforge.fml.loading.moddiscovery.ModFileParser/LOADING]: Considering mod file candidate /workspaces/NEW-WORLD/servidor_minecraft/mods/DoggyTalentsNext-1.20.1-1.19.0.jar
[07Jun2026 04:28:10.072] [main/DEBUG] [net.minecraftforge.fml.loading.moddiscovery.ModFileInfo/LOADING]: Found valid mod file DoggyTalentsNext-1.20.1-1.19.0.jar with {doggytalents} mods - versions {1.19.0}
[07Jun2026 04:28:10.073] [main/DEBUG] [net.minecraftforge.fml.loading.moddiscovery.ModFileParser/LOADING]: Considering mod file candidate /workspaces/NEW-WORLD/servidor_minecraft/mods/Explorify v1.6.4 f15-88.mod.jar
[07Jun2026 04:28:10.074] [main/DEBUG] [net.minecraftforge.fml.loading.moddiscovery.ModFileInfo/LOADING]: Found valid mod file Explorify v1.6.4 f15-88.mod.jar with {explorify} mods - versions {1.6.4}
[07Jun2026 04:28:10.076] [main/DEBUG] [net.minecraftforge.fml.loading.moddiscovery.ModFileParser/LOADING]: Considering mod file candidate /workspaces/NEW-WORLD/servidor_minecraft/mods/FarmersDelight-1.20.1-1.3.1.jar
[07Jun2026 04:28:10.079] [main/DEBUG] [net.minecraftforge.fml.loading.moddiscovery.ModFileInfo/LOADING]: Found valid mod file FarmersDelight-1.20.1-1.3.1.jar with {farmersdelight} mods - versions {1.20.1-1.3.1}
[07Jun2026 04:28:10.080] [main/DEBUG] [net.minecraftforge.fml.loading.moddiscovery.ModFileParser/LOADING]: Considering mod file candidate /workspaces/NEW-WORLD/servidor_minecraft/mods/faunify-forge-1.20.1-1.3.1.jar
[07Jun2026 04:28:10.081] [main/DEBUG] [net.minecraftforge.fml.loading.moddiscovery.ModFileInfo/LOADING]: Found valid mod file faunify-forge-1.20.1-1.3.1.jar with {faunify} mods - versions {1.3.1}
[07Jun2026 04:28:10.082] [main/DEBUG] [net.minecraftforge.fml.loading.moddiscovery.ModFileParser/LOADING]: Considering mod file candidate /workspaces/NEW-WORLD/servidor_minecraft/mods/friendsandfoes-forge-mc1.20.1-3.0.9.jar
[07Jun2026 04:28:10.084] [main/DEBUG] [net.minecraftforge.fml.loading.moddiscovery.ModFileInfo/LOADING]: Found valid mod file friendsandfoes-forge-mc1.20.1-3.0.9.jar with {friendsandfoes} mods - versions {3.0.9}
[07Jun2026 04:28:10.086] [main/DEBUG] [net.minecraftforge.fml.loading.moddiscovery.ModFileParser/LOADING]: Considering mod file candidate /workspaces/NEW-WORLD/servidor_minecraft/mods/furnish-26-forge.jar
[07Jun2026 04:28:10.087] [main/DEBUG] [net.minecraftforge.fml.loading.moddiscovery.ModFileInfo/LOADING]: Found valid mod file furnish-26-forge.jar with {furnish} mods - versions {26}
[07Jun2026 04:28:10.088] [main/DEBUG] [net.minecraftforge.fml.loading.moddiscovery.ModFileParser/LOADING]: Considering mod file candidate /workspaces/NEW-WORLD/servidor_minecraft/mods/geckolib-forge-1.20.1-4.8.3.jar
[07Jun2026 04:28:10.089] [main/DEBUG] [net.minecraftforge.fml.loading.moddiscovery.ModFileInfo/LOADING]: Found valid mod file geckolib-forge-1.20.1-4.8.3.jar with {geckolib} mods - versions {4.8.3}
[07Jun2026 04:28:10.092] [main/DEBUG] [net.minecraftforge.fml.loading.moddiscovery.ModFileParser/LOADING]: Considering mod file candidate /workspaces/NEW-WORLD/servidor_minecraft/mods/KawaiiDishes_1.10.2-1.20.1.jar
[07Jun2026 04:28:10.093] [main/DEBUG] [net.minecraftforge.fml.loading.moddiscovery.ModFileInfo/LOADING]: Found valid mod file KawaiiDishes_1.10.2-1.20.1.jar with {kawaiidishes} mods - versions {1.10.2}
[07Jun2026 04:28:10.094] [main/DEBUG] [net.minecraftforge.fml.loading.moddiscovery.ModFileParser/LOADING]: Considering mod file candidate /workspaces/NEW-WORLD/servidor_minecraft/mods/letsdo-bakery-forge-2.0.6.jar
[07Jun2026 04:28:10.095] [main/DEBUG] [net.minecraftforge.fml.loading.moddiscovery.ModFileInfo/LOADING]: Found valid mod file letsdo-bakery-forge-2.0.6.jar with {bakery} mods - versions {2.0.6}
[07Jun2026 04:28:10.096] [main/DEBUG] [net.minecraftforge.fml.loading.moddiscovery.ModFileParser/LOADING]: Considering mod file candidate /workspaces/NEW-WORLD/servidor_minecraft/mods/letsdo-farm_and_charm-forge-1.0.14.jar
[07Jun2026 04:28:10.097] [main/DEBUG] [net.minecraftforge.fml.loading.moddiscovery.ModFileInfo/LOADING]: Found valid mod file letsdo-farm_and_charm-forge-1.0.14.jar with {farm_and_charm} mods - versions {1.0.14}
[07Jun2026 04:28:10.099] [main/DEBUG] [net.minecraftforge.fml.loading.moddiscovery.ModFileParser/LOADING]: Considering mod file candidate /workspaces/NEW-WORLD/servidor_minecraft/mods/letsdo-meadow-forge-1.3.25.jar
[07Jun2026 04:28:10.100] [main/DEBUG] [net.minecraftforge.fml.loading.moddiscovery.ModFileInfo/LOADING]: Found valid mod file letsdo-meadow-forge-1.3.25.jar with {meadow} mods - versions {1.3.25}
[07Jun2026 04:28:10.165] [main/DEBUG] [net.minecraftforge.fml.loading.moddiscovery.ModFileParser/LOADING]: Considering mod file candidate /workspaces/NEW-WORLD/servidor_minecraft/mods/shroom_dealers-2.0.2-1.20.1.jar
[07Jun2026 04:28:10.167] [main/DEBUG] [net.minecraftforge.fml.loading.moddiscovery.ModFileInfo/LOADING]: Found valid mod file shroom_dealers-2.0.2-1.20.1.jar with {shroom_dealers} mods - versions {2.0.2}
[07Jun2026 04:28:10.169] [main/DEBUG] [net.minecraftforge.fml.loading.moddiscovery.ModFileParser/LOADING]: Considering mod file candidate /workspaces/NEW-WORLD/servidor_minecraft/mods/sootsandwichcraft1.2.3[1.20.1].jar
[07Jun2026 04:28:10.170] [main/DEBUG] [net.minecraftforge.fml.loading.moddiscovery.ModFileInfo/LOADING]: Found valid mod file sootsandwichcraft1.2.3[1.20.1].jar with {breadcraft} mods - versions {1.2.3}
[07Jun2026 04:28:10.171] [main/DEBUG] [net.minecraftforge.fml.loading.moddiscovery.ModFileParser/LOADING]: Considering mod file candidate /workspaces/NEW-WORLD/servidor_minecraft/mods/tameablebeasts-1.20.1-7.1.3.jar
[07Jun2026 04:28:10.172] [main/DEBUG] [net.minecraftforge.fml.loading.moddiscovery.ModFileInfo/LOADING]: Found valid mod file tameablebeasts-1.20.1-7.1.3.jar with {tameablebeasts} mods - versions {7.1}
[07Jun2026 04:28:10.174] [main/DEBUG] [net.minecraftforge.fml.loading.moddiscovery.ModFileParser/LOADING]: Considering mod file candidate /workspaces/NEW-WORLD/servidor_minecraft/mods/Terralith_1.20.x_v2.5.4.jar
[07Jun2026 04:28:10.175] [main/DEBUG] [net.minecraftforge.fml.loading.moddiscovery.ModFileInfo/LOADING]: Found valid mod file Terralith_1.20.x_v2.5.4.jar with {terralith} mods - versions {2.5.4}
[07Jun2026 04:28:10.176] [main/DEBUG] [net.minecraftforge.fml.loading.moddiscovery.ModFileParser/LOADING]: Considering mod file candidate /workspaces/NEW-WORLD/servidor_minecraft/mods/Towns-and-Towers-1.12-Fabric+Forge.jar
[07Jun2026 04:28:10.177] [main/DEBUG] [net.minecraftforge.fml.loading.moddiscovery.ModFileInfo/LOADING]: Found valid mod file Towns-and-Towers-1.12-Fabric+Forge.jar with {t_and_t} mods - versions {0.0NONE}
[07Jun2026 04:28:10.178] [main/DEBUG] [net.minecraftforge.fml.loading.moddiscovery.ModFileParser/LOADING]: Considering mod file candidate /workspaces/NEW-WORLD/servidor_minecraft/mods/xaerominimap-forge-1.20.1-25.3.13.jar
[07Jun2026 04:28:10.179] [main/DEBUG] [net.minecraftforge.fml.loading.moddiscovery.ModFileInfo/LOADING]: Found valid mod file xaerominimap-forge-1.20.1-25.3.13.jar with {xaerominimap} mods - versions {25.3.13}
[07Jun2026 04:28:10.312] [main/DEBUG] [net.minecraftforge.fml.loading.moddiscovery.ModFileInfo/LOADING]: Found valid mod file server-1.20.1-20230612.114412-srg.jar with {minecraft} mods - versions {1.20.1}
[07Jun2026 04:28:10.317] [main/DEBUG] [net.minecraftforge.fml.loading.moddiscovery.ModFileParser/LOADING]: Considering mod file candidate /workspaces/NEW-WORLD/servidor_minecraft/libraries/net/minecraftforge/fmlcore/1.20.1-47.3.7/fmlcore-1.20.1-47.3.7.jar
[07Jun2026 04:28:10.317] [main/WARN] [net.minecraftforge.fml.loading.moddiscovery.ModFileParser/LOADING]: Mod file /workspaces/NEW-WORLD/servidor_minecraft/libraries/net/minecraftforge/fmlcore/1.20.1-47.3.7/fmlcore-1.20.1-47.3.7.jar is missing mods.toml file
[07Jun2026 04:28:10.320] [main/DEBUG] [net.minecraftforge.fml.loading.moddiscovery.ModFileParser/LOADING]: Considering mod file candidate /workspaces/NEW-WORLD/servidor_minecraft/libraries/net/minecraftforge/javafmllanguage/1.20.1-47.3.7/javafmllanguage-1.20.1-47.3.7.jar
[07Jun2026 04:28:10.320] [main/WARN] [net.minecraftforge.fml.loading.moddiscovery.ModFileParser/LOADING]: Mod file /workspaces/NEW-WORLD/servidor_minecraft/libraries/net/minecraftforge/javafmllanguage/1.20.1-47.3.7/javafmllanguage-1.20.1-47.3.7.jar is missing mods.toml file
[07Jun2026 04:28:10.322] [main/DEBUG] [net.minecraftforge.fml.loading.moddiscovery.ModFileParser/LOADING]: Considering mod file candidate /workspaces/NEW-WORLD/servidor_minecraft/libraries/net/minecraftforge/lowcodelanguage/1.20.1-47.3.7/lowcodelanguage-1.20.1-47.3.7.jar
[07Jun2026 04:28:10.322] [main/WARN] [net.minecraftforge.fml.loading.moddiscovery.ModFileParser/LOADING]: Mod file /workspaces/NEW-WORLD/servidor_minecraft/libraries/net/minecraftforge/lowcodelanguage/1.20.1-47.3.7/lowcodelanguage-1.20.1-47.3.7.jar is missing mods.toml file
[07Jun2026 04:28:10.323] [main/DEBUG] [net.minecraftforge.fml.loading.moddiscovery.ModFileParser/LOADING]: Considering mod file candidate /workspaces/NEW-WORLD/servidor_minecraft/libraries/net/minecraftforge/mclanguage/1.20.1-47.3.7/mclanguage-1.20.1-47.3.7.jar
[07Jun2026 04:28:10.324] [main/WARN] [net.minecraftforge.fml.loading.moddiscovery.ModFileParser/LOADING]: Mod file /workspaces/NEW-WORLD/servidor_minecraft/libraries/net/minecraftforge/mclanguage/1.20.1-47.3.7/mclanguage-1.20.1-47.3.7.jar is missing mods.toml file
[07Jun2026 04:28:10.369] [main/DEBUG] [net.minecraftforge.fml.loading.moddiscovery.ModFileParser/LOADING]: Considering mod file candidate /workspaces/NEW-WORLD/servidor_minecraft/libraries/net/minecraftforge/forge/1.20.1-47.3.7/forge-1.20.1-47.3.7-universal.jar
[07Jun2026 04:28:10.370] [main/DEBUG] [net.minecraftforge.fml.loading.moddiscovery.ModFileInfo/LOADING]: Found valid mod file forge-1.20.1-47.3.7-universal.jar with {forge} mods - versions {47.3.7}
[07Jun2026 04:28:10.381] [main/DEBUG] [net.minecraftforge.fml.loading.moddiscovery.AbstractJarFileDependencyLocator/]: Failed to load resource META-INF/jarjar/metadata.json from server-1.20.1-20230612.114412-srg.jar, it does not contain dependency information.
[07Jun2026 04:28:10.381] [main/DEBUG] [net.minecraftforge.fml.loading.moddiscovery.AbstractJarFileDependencyLocator/]: Failed to load resource META-INF/jarjar/metadata.json from tameablebeasts-1.20.1-7.1.3.jar, it does not contain dependency information.
[07Jun2026 04:28:10.381] [main/DEBUG] [net.minecraftforge.fml.loading.moddiscovery.AbstractJarFileDependencyLocator/]: Failed to load resource META-INF/jarjar/metadata.json from cute_companions_ducks-0.0.2-forge-1.20.1.jar, it does not contain dependency information.
[07Jun2026 04:28:10.382] [main/DEBUG] [net.minecraftforge.fml.loading.moddiscovery.AbstractJarFileDependencyLocator/]: Failed to load resource META-INF/jarjar/metadata.json from alexsmobs-1.22.9.jar, it does not contain dependency information.
[07Jun2026 04:28:10.382] [main/DEBUG] [net.minecraftforge.fml.loading.moddiscovery.AbstractJarFileDependencyLocator/]: Failed to load resource META-INF/jarjar/metadata.json from Explorify v1.6.4 f15-88.mod.jar, it does not contain dependency information.
[07Jun2026 04:28:10.382] [main/DEBUG] [net.minecraftforge.fml.loading.moddiscovery.AbstractJarFileDependencyLocator/]: Failed to load resource META-INF/jarjar/metadata.json from cluttered-[Forge]-3.0.3-1.20.1.jar, it does not contain dependency information.
[07Jun2026 04:28:10.382] [main/DEBUG] [net.minecraftforge.fml.loading.moddiscovery.AbstractJarFileDependencyLocator/]: Failed to load resource META-INF/jarjar/metadata.json from faunify-forge-1.20.1-1.3.1.jar, it does not contain dependency information.
[07Jun2026 04:28:10.382] [main/DEBUG] [net.minecraftforge.fml.loading.moddiscovery.AbstractJarFileDependencyLocator/]: Failed to load resource META-INF/jarjar/metadata.json from furnish-26-forge.jar, it does not contain dependency information.
[07Jun2026 04:28:10.382] [main/DEBUG] [net.minecraftforge.fml.loading.moddiscovery.AbstractJarFileDependencyLocator/]: Failed to load resource META-INF/jarjar/metadata.json from DoggyTalentsNext-1.20.1-1.19.0.jar, it does not contain dependency information.
[07Jun2026 04:28:10.382] [main/DEBUG] [net.minecraftforge.fml.loading.moddiscovery.AbstractJarFileDependencyLocator/]: Failed to load resource META-INF/jarjar/metadata.json from shroom_dealers-2.0.2-1.20.1.jar, it does not contain dependency information.
[07Jun2026 04:28:10.383] [main/DEBUG] [net.minecraftforge.fml.loading.moddiscovery.AbstractJarFileDependencyLocator/]: Failed to load resource META-INF/jarjar/metadata.json from sootsandwichcraft1.2.3[1.20.1].jar, it does not contain dependency information.
[07Jun2026 04:28:10.383] [main/DEBUG] [net.minecraftforge.fml.loading.moddiscovery.AbstractJarFileDependencyLocator/]: Failed to load resource META-INF/jarjar/metadata.json from letsdo-meadow-forge-1.3.25.jar, it does not contain dependency information.
[07Jun2026 04:28:10.383] [main/DEBUG] [net.minecraftforge.fml.loading.moddiscovery.AbstractJarFileDependencyLocator/]: Failed to load resource META-INF/jarjar/metadata.json from citadel-2.6.3-1.20.1.jar, it does not contain dependency information.
[07Jun2026 04:28:10.383] [main/DEBUG] [net.minecraftforge.fml.loading.moddiscovery.AbstractJarFileDependencyLocator/]: Failed to load resource META-INF/jarjar/metadata.json from letsdo-bakery-forge-2.0.6.jar, it does not contain dependency information.
[07Jun2026 04:28:10.383] [main/DEBUG] [net.minecraftforge.fml.loading.moddiscovery.AbstractJarFileDependencyLocator/]: Failed to load resource META-INF/jarjar/metadata.json from architectury-9.2.14-forge.jar, it does not contain dependency information.
[07Jun2026 04:28:10.383] [main/DEBUG] [net.minecraftforge.fml.loading.moddiscovery.AbstractJarFileDependencyLocator/]: Failed to load resource META-INF/jarjar/metadata.json from KawaiiDishes_1.10.2-1.20.1.jar, it does not contain dependency information.
[07Jun2026 04:28:10.383] [main/DEBUG] [net.minecraftforge.fml.loading.moddiscovery.AbstractJarFileDependencyLocator/]: Failed to load resource META-INF/jarjar/metadata.json from Terralith_1.20.x_v2.5.4.jar, it does not contain dependency information.
[07Jun2026 04:28:10.384] [main/DEBUG] [net.minecraftforge.fml.loading.moddiscovery.AbstractJarFileDependencyLocator/]: Failed to load resource META-INF/jarjar/metadata.json from 3d_placeable_food-2.6.0-forge-1.20.1.jar, it does not contain dependency information.
[07Jun2026 04:28:10.384] [main/DEBUG] [net.minecraftforge.fml.loading.moddiscovery.AbstractJarFileDependencyLocator/]: Failed to load resource META-INF/jarjar/metadata.json from forge-1.20.1-47.3.7-universal.jar, it does not contain dependency information.
[07Jun2026 04:28:10.384] [main/DEBUG] [net.minecraftforge.fml.loading.moddiscovery.AbstractJarFileDependencyLocator/]: Failed to load resource META-INF/jarjar/metadata.json from Towns-and-Towers-1.12-Fabric+Forge.jar, it does not contain dependency information.
[07Jun2026 04:28:10.384] [main/DEBUG] [net.minecraftforge.fml.loading.moddiscovery.AbstractJarFileDependencyLocator/]: Failed to load resource META-INF/jarjar/metadata.json from letsdo-farm_and_charm-forge-1.0.14.jar, it does not contain dependency information.
[07Jun2026 04:28:10.384] [main/DEBUG] [net.minecraftforge.fml.loading.moddiscovery.AbstractJarFileDependencyLocator/]: Failed to load resource META-INF/jarjar/metadata.json from Better_Dogs_X_Doggy_Talents_Next_v1.2.2 [Forge] - [1.20-1.20.1].jar, it does not contain dependency information.
[07Jun2026 04:28:10.384] [main/DEBUG] [net.minecraftforge.fml.loading.moddiscovery.AbstractJarFileDependencyLocator/]: Failed to load resource META-INF/jarjar/metadata.json from mclanguage-1.20.1-47.3.7.jar, it does not contain dependency information.
[07Jun2026 04:28:10.384] [main/DEBUG] [net.minecraftforge.fml.loading.moddiscovery.AbstractJarFileDependencyLocator/]: Failed to load resource META-INF/jarjar/metadata.json from javafmllanguage-1.20.1-47.3.7.jar, it does not contain dependency information.
[07Jun2026 04:28:10.385] [main/DEBUG] [net.minecraftforge.fml.loading.moddiscovery.AbstractJarFileDependencyLocator/]: Failed to load resource META-INF/jarjar/metadata.json from fmlcore-1.20.1-47.3.7.jar, it does not contain dependency information.
[07Jun2026 04:28:10.385] [main/DEBUG] [net.minecraftforge.fml.loading.moddiscovery.AbstractJarFileDependencyLocator/]: Failed to load resource META-INF/jarjar/metadata.json from lowcodelanguage-1.20.1-47.3.7.jar, it does not contain dependency information.
[07Jun2026 04:28:10.434] [main/DEBUG] [net.minecraftforge.fml.loading.moddiscovery.ModFileParser/LOADING]: Considering mod file candidate 
[07Jun2026 04:28:10.435] [main/DEBUG] [net.minecraftforge.fml.loading.moddiscovery.ModFileInfo/LOADING]: Found valid mod file xaerolib-forge-1.20.1-1.1.15.jar with {xaerolib} mods - versions {1.1.15}
[07Jun2026 04:28:10.442] [main/DEBUG] [net.minecraftforge.fml.loading.moddiscovery.ModFileParser/LOADING]: Considering mod file candidate 
[07Jun2026 04:28:10.443] [main/DEBUG] [net.minecraftforge.fml.loading.moddiscovery.ModFileInfo/LOADING]: Found valid mod file mixinextras-forge-0.3.6.jar with {mixinextras} mods - versions {0.3.6}
[07Jun2026 04:28:10.452] [main/DEBUG] [net.minecraftforge.fml.loading.moddiscovery.ModFileParser/LOADING]: Considering mod file candidate 
[07Jun2026 04:28:10.453] [main/DEBUG] [net.minecraftforge.fml.loading.moddiscovery.ModFileInfo/LOADING]: Found valid mod file mixinextras-forge-0.3.6.jar with {mixinextras} mods - versions {0.3.6}
[07Jun2026 04:28:10.453] [main/DEBUG] [net.minecraftforge.fml.loading.moddiscovery.AbstractJarFileDependencyLocator/]: Failed to load resource META-INF/jarjar/metadata.json from xaerolib-forge-1.20.1-1.1.15.jar, it does not contain dependency information.
[07Jun2026 04:28:10.453] [main/DEBUG] [net.minecraftforge.fml.loading.moddiscovery.AbstractJarFileDependencyLocator/]: Failed to load resource META-INF/jarjar/metadata.json from jankson-1.2.3.jar, it does not contain dependency information.
[07Jun2026 04:28:10.459] [main/DEBUG] [net.minecraftforge.fml.loading.moddiscovery.AbstractJarFileDependencyLocator/]: Failed to load resource META-INF/jarjar/metadata.json from mclib-20.jar, it does not contain dependency information.
[07Jun2026 04:28:10.463] [main/DEBUG] [net.minecraftforge.fml.loading.moddiscovery.AbstractJarFileDependencyLocator/]: Failed to load resource META-INF/jarjar/metadata.json from MixinExtras-0.3.6.jar, it does not contain dependency information.
[07Jun2026 04:28:10.464] [main/DEBUG] [net.minecraftforge.fml.loading.moddiscovery.AbstractJarFileDependencyLocator/]: Failed to load resource META-INF/jarjar/metadata.json from MixinExtras-0.3.6.jar, it does not contain dependency information.
[07Jun2026 04:28:10.486] [main/DEBUG] [net.minecraftforge.fml.loading.moddiscovery.ModFileParser/LOADING]: Considering mod file candidate 
[07Jun2026 04:28:10.487] [main/DEBUG] [net.minecraftforge.fml.loading.moddiscovery.ModFileInfo/LOADING]: Found valid mod file mixinextras-forge-0.3.6.jar with {mixinextras} mods - versions {0.3.6}
[07Jun2026 04:28:10.501] [main/DEBUG] [net.minecraftforge.fml.loading.moddiscovery.ModFileParser/LOADING]: Considering mod file candidate 
[07Jun2026 04:28:10.502] [main/DEBUG] [net.minecraftforge.fml.loading.moddiscovery.ModFileInfo/LOADING]: Found valid mod file xaerolib-forge-1.20.1-1.1.15.jar with {xaerolib} mods - versions {1.1.15}
[07Jun2026 04:28:10.504] [main/INFO] [net.minecraftforge.fml.loading.moddiscovery.JarInJarDependencyLocator/]: Found 5 dependencies adding them to mods collection
[07Jun2026 04:28:10.507] [main/DEBUG] [net.minecraftforge.fml.loading.moddiscovery.ModFileParser/LOADING]: Considering mod file candidate /workspaces/NEW-WORLD/servidor_minecraft/mods/FarmersDelight-1.20.1-1.3.1.jar
[07Jun2026 04:28:10.507] [main/DEBUG] [net.minecraftforge.fml.loading.moddiscovery.ModFileInfo/LOADING]: Found valid mod file FarmersDelight-1.20.1-1.3.1.jar with {farmersdelight} mods - versions {1.20.1-1.3.1}
[07Jun2026 04:28:10.510] [main/DEBUG] [net.minecraftforge.fml.loading.moddiscovery.ModFile/LOADING]: Loading mod file /workspaces/NEW-WORLD/servidor_minecraft/mods/FarmersDelight-1.20.1-1.3.1.jar with languages [LanguageSpec[languageName=javafml, acceptedVersions=[46,)]]
[07Jun2026 04:28:10.511] [main/DEBUG] [net.minecraftforge.fml.loading.moddiscovery.ModFileInfo/LOADING]: Found valid mod file server-1.20.1-20230612.114412-srg.jar with {minecraft} mods - versions {1.20.1}
[07Jun2026 04:28:10.511] [main/DEBUG] [net.minecraftforge.fml.loading.moddiscovery.ModFile/LOADING]: Loading mod file /workspaces/NEW-WORLD/servidor_minecraft/libraries/net/minecraft/server/1.20.1-20230612.114412/server-1.20.1-20230612.114412-srg.jar with languages [LanguageSpec[languageName=minecraft, acceptedVersions=1]]
[07Jun2026 04:28:10.511] [main/DEBUG] [net.minecraftforge.fml.loading.moddiscovery.ModFileParser/LOADING]: Considering mod file candidate /workspaces/NEW-WORLD/servidor_minecraft/mods/tameablebeasts-1.20.1-7.1.3.jar
[07Jun2026 04:28:10.512] [main/DEBUG] [net.minecraftforge.fml.loading.moddiscovery.ModFileInfo/LOADING]: Found valid mod file tameablebeasts-1.20.1-7.1.3.jar with {tameablebeasts} mods - versions {7.1}
[07Jun2026 04:28:10.512] [main/DEBUG] [net.minecraftforge.fml.loading.moddiscovery.ModFile/LOADING]: Loading mod file /workspaces/NEW-WORLD/servidor_minecraft/mods/tameablebeasts-1.20.1-7.1.3.jar with languages [LanguageSpec[languageName=javafml, acceptedVersions=[41,)]]
[07Jun2026 04:28:10.512] [main/DEBUG] [net.minecraftforge.fml.loading.moddiscovery.ModFileParser/LOADING]: Considering mod file candidate /workspaces/NEW-WORLD/servidor_minecraft/mods/alexsmobs-1.22.9.jar
[07Jun2026 04:28:10.513] [main/DEBUG] [net.minecraftforge.fml.loading.moddiscovery.ModFileInfo/LOADING]: Found valid mod file alexsmobs-1.22.9.jar with {alexsmobs} mods - versions {1.22.9}
[07Jun2026 04:28:10.513] [main/DEBUG] [net.minecraftforge.fml.loading.moddiscovery.ModFile/LOADING]: Loading mod file /workspaces/NEW-WORLD/servidor_minecraft/mods/alexsmobs-1.22.9.jar with languages [LanguageSpec[languageName=javafml, acceptedVersions=[46,)]]
[07Jun2026 04:28:10.513] [main/DEBUG] [net.minecraftforge.fml.loading.moddiscovery.ModFileParser/LOADING]: Considering mod file candidate /workspaces/NEW-WORLD/servidor_minecraft/mods/cute_companions_ducks-0.0.2-forge-1.20.1.jar
[07Jun2026 04:28:10.514] [main/DEBUG] [net.minecraftforge.fml.loading.moddiscovery.ModFileInfo/LOADING]: Found valid mod file cute_companions_ducks-0.0.2-forge-1.20.1.jar with {cute_companions_ducks} mods - versions {1.0.0}
[07Jun2026 04:28:10.514] [main/DEBUG] [net.minecraftforge.fml.loading.moddiscovery.ModFile/LOADING]: Loading mod file /workspaces/NEW-WORLD/servidor_minecraft/mods/cute_companions_ducks-0.0.2-forge-1.20.1.jar with languages [LanguageSpec[languageName=javafml, acceptedVersions=[47,)]]
[07Jun2026 04:28:10.514] [main/DEBUG] [net.minecraftforge.fml.loading.moddiscovery.ModFileParser/LOADING]: Considering mod file candidate /workspaces/NEW-WORLD/servidor_minecraft/mods/Explorify v1.6.4 f15-88.mod.jar
[07Jun2026 04:28:10.515] [main/DEBUG] [net.minecraftforge.fml.loading.moddiscovery.ModFileInfo/LOADING]: Found valid mod file Explorify v1.6.4 f15-88.mod.jar with {explorify} mods - versions {1.6.4}
[07Jun2026 04:28:10.515] [main/DEBUG] [net.minecraftforge.fml.loading.moddiscovery.ModFile/LOADING]: Loading mod file /workspaces/NEW-WORLD/servidor_minecraft/mods/Explorify v1.6.4 f15-88.mod.jar with languages [LanguageSpec[languageName=lowcodefml, acceptedVersions=[1,)]]
[07Jun2026 04:28:10.515] [main/DEBUG] [net.minecraftforge.fml.loading.moddiscovery.ModFileParser/LOADING]: Considering mod file candidate /workspaces/NEW-WORLD/servidor_minecraft/mods/geckolib-forge-1.20.1-4.8.3.jar
[07Jun2026 04:28:10.515] [main/DEBUG] [net.minecraftforge.fml.loading.moddiscovery.ModFileInfo/LOADING]: Found valid mod file geckolib-forge-1.20.1-4.8.3.jar with {geckolib} mods - versions {4.8.3}
[07Jun2026 04:28:10.515] [main/DEBUG] [net.minecraftforge.fml.loading.moddiscovery.ModFile/LOADING]: Loading mod file /workspaces/NEW-WORLD/servidor_minecraft/mods/geckolib-forge-1.20.1-4.8.3.jar with languages [LanguageSpec[languageName=javafml, acceptedVersions=[47,)]]
[07Jun2026 04:28:10.516] [main/DEBUG] [net.minecraftforge.fml.loading.moddiscovery.ModFileParser/LOADING]: Considering mod file candidate /workspaces/NEW-WORLD/servidor_minecraft/mods/cluttered-[Forge]-3.0.3-1.20.1.jar
[07Jun2026 04:28:10.516] [main/DEBUG] [net.minecraftforge.fml.loading.moddiscovery.ModFileInfo/LOADING]: Found valid mod file cluttered-[Forge]-3.0.3-1.20.1.jar with {cluttered} mods - versions {3.0.3-1.20.1}
[07Jun2026 04:28:10.516] [main/DEBUG] [net.minecraftforge.fml.loading.moddiscovery.ModFile/LOADING]: Loading mod file /workspaces/NEW-WORLD/servidor_minecraft/mods/cluttered-[Forge]-3.0.3-1.20.1.jar with languages [LanguageSpec[languageName=javafml, acceptedVersions=[47,)]]
[07Jun2026 04:28:10.516] [main/DEBUG] [net.minecraftforge.fml.loading.moddiscovery.ModFileParser/LOADING]: Considering mod file candidate /workspaces/NEW-WORLD/servidor_minecraft/mods/faunify-forge-1.20.1-1.3.1.jar
[07Jun2026 04:28:10.517] [main/DEBUG] [net.minecraftforge.fml.loading.moddiscovery.ModFileInfo/LOADING]: Found valid mod file faunify-forge-1.20.1-1.3.1.jar with {faunify} mods - versions {1.3.1}
[07Jun2026 04:28:10.517] [main/DEBUG] [net.minecraftforge.fml.loading.moddiscovery.ModFile/LOADING]: Loading mod file /workspaces/NEW-WORLD/servidor_minecraft/mods/faunify-forge-1.20.1-1.3.1.jar with languages [LanguageSpec[languageName=javafml, acceptedVersions=[47,)]]
[07Jun2026 04:28:10.517] [main/DEBUG] [net.minecraftforge.fml.loading.moddiscovery.ModFileParser/LOADING]: Considering mod file candidate /workspaces/NEW-WORLD/servidor_minecraft/mods/furnish-26-forge.jar
[07Jun2026 04:28:10.518] [main/DEBUG] [net.minecraftforge.fml.loading.moddiscovery.ModFileInfo/LOADING]: Found valid mod file furnish-26-forge.jar with {furnish} mods - versions {26}
[07Jun2026 04:28:10.518] [main/DEBUG] [net.minecraftforge.fml.loading.moddiscovery.ModFile/LOADING]: Loading mod file /workspaces/NEW-WORLD/servidor_minecraft/mods/furnish-26-forge.jar with languages [LanguageSpec[languageName=javafml, acceptedVersions=[43,)]]
[07Jun2026 04:28:10.518] [main/DEBUG] [net.minecraftforge.fml.loading.moddiscovery.ModFileParser/LOADING]: Considering mod file candidate 
[07Jun2026 04:28:10.518] [main/DEBUG] [net.minecraftforge.fml.loading.moddiscovery.ModFileInfo/LOADING]: Found valid mod file xaerolib-forge-1.20.1-1.1.15.jar with {xaerolib} mods - versions {1.1.15}
[07Jun2026 04:28:10.518] [main/DEBUG] [net.minecraftforge.fml.loading.moddiscovery.ModFile/LOADING]: Loading mod file  with languages [LanguageSpec[languageName=javafml, acceptedVersions=[46,48)]]
[07Jun2026 04:28:10.519] [main/DEBUG] [net.minecraftforge.fml.loading.moddiscovery.ModFileParser/LOADING]: Considering mod file candidate /workspaces/NEW-WORLD/servidor_minecraft/mods/DoggyTalentsNext-1.20.1-1.19.0.jar
[07Jun2026 04:28:10.519] [main/DEBUG] [net.minecraftforge.fml.loading.moddiscovery.ModFileInfo/LOADING]: Found valid mod file DoggyTalentsNext-1.20.1-1.19.0.jar with {doggytalents} mods - versions {1.19.0}
[07Jun2026 04:28:10.519] [main/DEBUG] [net.minecraftforge.fml.loading.moddiscovery.ModFile/LOADING]: Loading mod file /workspaces/NEW-WORLD/servidor_minecraft/mods/DoggyTalentsNext-1.20.1-1.19.0.jar with languages [LanguageSpec[languageName=javafml, acceptedVersions=${fml_version_range}]]
[07Jun2026 04:28:10.519] [main/DEBUG] [net.minecraftforge.fml.loading.moddiscovery.ModFileParser/LOADING]: Considering mod file candidate /workspaces/NEW-WORLD/servidor_minecraft/mods/shroom_dealers-2.0.2-1.20.1.jar
[07Jun2026 04:28:10.520] [main/DEBUG] [net.minecraftforge.fml.loading.moddiscovery.ModFileInfo/LOADING]: Found valid mod file shroom_dealers-2.0.2-1.20.1.jar with {shroom_dealers} mods - versions {2.0.2}
[07Jun2026 04:28:10.520] [main/DEBUG] [net.minecraftforge.fml.loading.moddiscovery.ModFile/LOADING]: Loading mod file /workspaces/NEW-WORLD/servidor_minecraft/mods/shroom_dealers-2.0.2-1.20.1.jar with languages [LanguageSpec[languageName=javafml, acceptedVersions=[47,)]]
[07Jun2026 04:28:10.520] [main/DEBUG] [net.minecraftforge.fml.loading.moddiscovery.ModFileParser/LOADING]: Considering mod file candidate /workspaces/NEW-WORLD/servidor_minecraft/mods/xaerominimap-forge-1.20.1-25.3.13.jar
[07Jun2026 04:28:10.520] [main/DEBUG] [net.minecraftforge.fml.loading.moddiscovery.ModFileInfo/LOADING]: Found valid mod file xaerominimap-forge-1.20.1-25.3.13.jar with {xaerominimap} mods - versions {25.3.13}
[07Jun2026 04:28:10.521] [main/DEBUG] [net.minecraftforge.fml.loading.moddiscovery.ModFile/LOADING]: Loading mod file /workspaces/NEW-WORLD/servidor_minecraft/mods/xaerominimap-forge-1.20.1-25.3.13.jar with languages [LanguageSpec[languageName=javafml, acceptedVersions=[46,48)]]
[07Jun2026 04:28:10.522] [main/DEBUG] [net.minecraftforge.fml.loading.moddiscovery.ModFileParser/LOADING]: Found coremod xaerohud_core with Javascript path META-INF/xaerohud_core.js
[07Jun2026 04:28:10.523] [main/DEBUG] [net.minecraftforge.fml.loading.moddiscovery.ModFile/LOADING]: Found coremod META-INF/xaerohud_core.js
[07Jun2026 04:28:10.523] [main/DEBUG] [net.minecraftforge.fml.loading.moddiscovery.ModFileParser/LOADING]: Considering mod file candidate /workspaces/NEW-WORLD/servidor_minecraft/mods/citadel-2.6.3-1.20.1.jar
[07Jun2026 04:28:10.523] [main/DEBUG] [net.minecraftforge.fml.loading.moddiscovery.ModFileInfo/LOADING]: Found valid mod file citadel-2.6.3-1.20.1.jar with {citadel} mods - versions {2.6.3}
[07Jun2026 04:28:10.523] [main/DEBUG] [net.minecraftforge.fml.loading.moddiscovery.ModFile/LOADING]: Loading mod file /workspaces/NEW-WORLD/servidor_minecraft/mods/citadel-2.6.3-1.20.1.jar with languages [LanguageSpec[languageName=javafml, acceptedVersions=[47,)]]
[07Jun2026 04:28:10.524] [main/DEBUG] [net.minecraftforge.fml.loading.moddiscovery.ModFileParser/LOADING]: Considering mod file candidate /workspaces/NEW-WORLD/servidor_minecraft/mods/letsdo-meadow-forge-1.3.25.jar
[07Jun2026 04:28:10.524] [main/DEBUG] [net.minecraftforge.fml.loading.moddiscovery.ModFileInfo/LOADING]: Found valid mod file letsdo-meadow-forge-1.3.25.jar with {meadow} mods - versions {1.3.25}
[07Jun2026 04:28:10.524] [main/DEBUG] [net.minecraftforge.fml.loading.moddiscovery.ModFile/LOADING]: Loading mod file /workspaces/NEW-WORLD/servidor_minecraft/mods/letsdo-meadow-forge-1.3.25.jar with languages [LanguageSpec[languageName=javafml, acceptedVersions=[46,)]]
[07Jun2026 04:28:10.524] [main/DEBUG] [net.minecraftforge.fml.loading.moddiscovery.ModFileParser/LOADING]: Considering mod file candidate /workspaces/NEW-WORLD/servidor_minecraft/mods/sootsandwichcraft1.2.3[1.20.1].jar
[07Jun2026 04:28:10.525] [main/DEBUG] [net.minecraftforge.fml.loading.moddiscovery.ModFileInfo/LOADING]: Found valid mod file sootsandwichcraft1.2.3[1.20.1].jar with {breadcraft} mods - versions {1.2.3}
[07Jun2026 04:28:10.525] [main/DEBUG] [net.minecraftforge.fml.loading.moddiscovery.ModFile/LOADING]: Loading mod file /workspaces/NEW-WORLD/servidor_minecraft/mods/sootsandwichcraft1.2.3[1.20.1].jar with languages [LanguageSpec[languageName=javafml, acceptedVersions=[47,)]]
[07Jun2026 04:28:10.525] [main/DEBUG] [net.minecraftforge.fml.loading.moddiscovery.ModFileParser/LOADING]: Considering mod file candidate /workspaces/NEW-WORLD/servidor_minecraft/mods/letsdo-bakery-forge-2.0.6.jar
[07Jun2026 04:28:10.525] [main/DEBUG] [net.minecraftforge.fml.loading.moddiscovery.ModFileInfo/LOADING]: Found valid mod file letsdo-bakery-forge-2.0.6.jar with {bakery} mods - versions {2.0.6}
[07Jun2026 04:28:10.525] [main/DEBUG] [net.minecraftforge.fml.loading.moddiscovery.ModFile/LOADING]: Loading mod file /workspaces/NEW-WORLD/servidor_minecraft/mods/letsdo-bakery-forge-2.0.6.jar with languages [LanguageSpec[languageName=javafml, acceptedVersions=[46,)]]
[07Jun2026 04:28:10.526] [main/DEBUG] [net.minecraftforge.fml.loading.moddiscovery.ModFileParser/LOADING]: Considering mod file candidate /workspaces/NEW-WORLD/servidor_minecraft/mods/architectury-9.2.14-forge.jar
[07Jun2026 04:28:10.526] [main/DEBUG] [net.minecraftforge.fml.loading.moddiscovery.ModFileInfo/LOADING]: Found valid mod file architectury-9.2.14-forge.jar with {architectury} mods - versions {9.2.14}
[07Jun2026 04:28:10.526] [main/DEBUG] [net.minecraftforge.fml.loading.moddiscovery.ModFile/LOADING]: Loading mod file /workspaces/NEW-WORLD/servidor_minecraft/mods/architectury-9.2.14-forge.jar with languages [LanguageSpec[languageName=javafml, acceptedVersions=[46,)]]
[07Jun2026 04:28:10.526] [main/DEBUG] [net.minecraftforge.fml.loading.moddiscovery.ModFileParser/LOADING]: Considering mod file candidate /workspaces/NEW-WORLD/servidor_minecraft/mods/KawaiiDishes_1.10.2-1.20.1.jar
[07Jun2026 04:28:10.527] [main/DEBUG] [net.minecraftforge.fml.loading.moddiscovery.ModFileInfo/LOADING]: Found valid mod file KawaiiDishes_1.10.2-1.20.1.jar with {kawaiidishes} mods - versions {1.10.2}
[07Jun2026 04:28:10.527] [main/DEBUG] [net.minecraftforge.fml.loading.moddiscovery.ModFile/LOADING]: Loading mod file /workspaces/NEW-WORLD/servidor_minecraft/mods/KawaiiDishes_1.10.2-1.20.1.jar with languages [LanguageSpec[languageName=javafml, acceptedVersions=[40,)]]
[07Jun2026 04:28:10.527] [main/DEBUG] [net.minecraftforge.fml.loading.moddiscovery.ModFileParser/LOADING]: Considering mod file candidate /workspaces/NEW-WORLD/servidor_minecraft/mods/Terralith_1.20.x_v2.5.4.jar
[07Jun2026 04:28:10.528] [main/DEBUG] [net.minecraftforge.fml.loading.moddiscovery.ModFileInfo/LOADING]: Found valid mod file Terralith_1.20.x_v2.5.4.jar with {terralith} mods - versions {2.5.4}
[07Jun2026 04:28:10.528] [main/DEBUG] [net.minecraftforge.fml.loading.moddiscovery.ModFile/LOADING]: Loading mod file /workspaces/NEW-WORLD/servidor_minecraft/mods/Terralith_1.20.x_v2.5.4.jar with languages [LanguageSpec[languageName=lowcodefml, acceptedVersions=[1,)]]
[07Jun2026 04:28:10.528] [main/DEBUG] [net.minecraftforge.fml.loading.moddiscovery.ModFileParser/LOADING]: Considering mod file candidate /workspaces/NEW-WORLD/servidor_minecraft/mods/3d_placeable_food-2.6.0-forge-1.20.1.jar
[07Jun2026 04:28:10.528] [main/DEBUG] [net.minecraftforge.fml.loading.moddiscovery.ModFileInfo/LOADING]: Found valid mod file 3d_placeable_food-2.6.0-forge-1.20.1.jar with {placeable_food} mods - versions {2.6.0}
[07Jun2026 04:28:10.528] [main/DEBUG] [net.minecraftforge.fml.loading.moddiscovery.ModFile/LOADING]: Loading mod file /workspaces/NEW-WORLD/servidor_minecraft/mods/3d_placeable_food-2.6.0-forge-1.20.1.jar with languages [LanguageSpec[languageName=javafml, acceptedVersions=[47,)]]
[07Jun2026 04:28:10.529] [main/DEBUG] [net.minecraftforge.fml.loading.moddiscovery.ModFileParser/LOADING]: Considering mod file candidate /workspaces/NEW-WORLD/servidor_minecraft/libraries/net/minecraftforge/forge/1.20.1-47.3.7/forge-1.20.1-47.3.7-universal.jar
[07Jun2026 04:28:10.529] [main/DEBUG] [net.minecraftforge.fml.loading.moddiscovery.ModFileInfo/LOADING]: Found valid mod file forge-1.20.1-47.3.7-universal.jar with {forge} mods - versions {47.3.7}
[07Jun2026 04:28:10.529] [main/DEBUG] [net.minecraftforge.fml.loading.moddiscovery.ModFile/LOADING]: Loading mod file /workspaces/NEW-WORLD/servidor_minecraft/libraries/net/minecraftforge/forge/1.20.1-47.3.7/forge-1.20.1-47.3.7-universal.jar with languages [LanguageSpec[languageName=javafml, acceptedVersions=[24,]]]
[07Jun2026 04:28:10.529] [main/DEBUG] [net.minecraftforge.fml.loading.moddiscovery.ModFileParser/LOADING]: Found coremod field_to_method with Javascript path coremods/field_to_method.js
[07Jun2026 04:28:10.530] [main/DEBUG] [net.minecraftforge.fml.loading.moddiscovery.ModFileParser/LOADING]: Found coremod field_to_instanceof with Javascript path coremods/field_to_instanceof.js
[07Jun2026 04:28:10.530] [main/DEBUG] [net.minecraftforge.fml.loading.moddiscovery.ModFileParser/LOADING]: Found coremod add_bouncer_method with Javascript path coremods/add_bouncer_method.js
[07Jun2026 04:28:10.530] [main/DEBUG] [net.minecraftforge.fml.loading.moddiscovery.ModFileParser/LOADING]: Found coremod method_redirector with Javascript path coremods/method_redirector.js
[07Jun2026 04:28:10.530] [main/DEBUG] [net.minecraftforge.fml.loading.moddiscovery.ModFile/LOADING]: Found coremod coremods/field_to_method.js
[07Jun2026 04:28:10.530] [main/DEBUG] [net.minecraftforge.fml.loading.moddiscovery.ModFile/LOADING]: Found coremod coremods/field_to_instanceof.js
[07Jun2026 04:28:10.530] [main/DEBUG] [net.minecraftforge.fml.loading.moddiscovery.ModFile/LOADING]: Found coremod coremods/add_bouncer_method.js
[07Jun2026 04:28:10.530] [main/DEBUG] [net.minecraftforge.fml.loading.moddiscovery.ModFile/LOADING]: Found coremod coremods/method_redirector.js
[07Jun2026 04:28:10.530] [main/DEBUG] [net.minecraftforge.fml.loading.moddiscovery.ModFileParser/LOADING]: Considering mod file candidate /workspaces/NEW-WORLD/servidor_minecraft/mods/Towns-and-Towers-1.12-Fabric+Forge.jar
[07Jun2026 04:28:10.531] [main/DEBUG] [net.minecraftforge.fml.loading.moddiscovery.ModFileInfo/LOADING]: Found valid mod file Towns-and-Towers-1.12-Fabric+Forge.jar with {t_and_t} mods - versions {0.0NONE}
[07Jun2026 04:28:10.531] [main/DEBUG] [net.minecraftforge.fml.loading.moddiscovery.ModFile/LOADING]: Loading mod file /workspaces/NEW-WORLD/servidor_minecraft/mods/Towns-and-Towers-1.12-Fabric+Forge.jar with languages [LanguageSpec[languageName=javafml, acceptedVersions=[43,)]]
[07Jun2026 04:28:10.531] [main/DEBUG] [net.minecraftforge.fml.loading.moddiscovery.ModFileParser/LOADING]: Considering mod file candidate /workspaces/NEW-WORLD/servidor_minecraft/mods/letsdo-farm_and_charm-forge-1.0.14.jar
[07Jun2026 04:28:10.531] [main/DEBUG] [net.minecraftforge.fml.loading.moddiscovery.ModFileInfo/LOADING]: Found valid mod file letsdo-farm_and_charm-forge-1.0.14.jar with {farm_and_charm} mods - versions {1.0.14}
[07Jun2026 04:28:10.531] [main/DEBUG] [net.minecraftforge.fml.loading.moddiscovery.ModFile/LOADING]: Loading mod file /workspaces/NEW-WORLD/servidor_minecraft/mods/letsdo-farm_and_charm-forge-1.0.14.jar with languages [LanguageSpec[languageName=javafml, acceptedVersions=[47,)]]
[07Jun2026 04:28:10.532] [main/DEBUG] [net.minecraftforge.fml.loading.moddiscovery.ModFileParser/LOADING]: Considering mod file candidate /workspaces/NEW-WORLD/servidor_minecraft/mods/friendsandfoes-forge-mc1.20.1-3.0.9.jar
[07Jun2026 04:28:10.532] [main/DEBUG] [net.minecraftforge.fml.loading.moddiscovery.ModFileInfo/LOADING]: Found valid mod file friendsandfoes-forge-mc1.20.1-3.0.9.jar with {friendsandfoes} mods - versions {3.0.9}
[07Jun2026 04:28:10.532] [main/DEBUG] [net.minecraftforge.fml.loading.moddiscovery.ModFile/LOADING]: Loading mod file /workspaces/NEW-WORLD/servidor_minecraft/mods/friendsandfoes-forge-mc1.20.1-3.0.9.jar with languages [LanguageSpec[languageName=javafml, acceptedVersions=*]]
[07Jun2026 04:28:10.532] [main/DEBUG] [net.minecraftforge.fml.loading.moddiscovery.ModFileParser/LOADING]: Considering mod file candidate /workspaces/NEW-WORLD/servidor_minecraft/mods/Better_Dogs_X_Doggy_Talents_Next_v1.2.2 [Forge] - [1.20-1.20.1].jar
[07Jun2026 04:28:10.533] [main/DEBUG] [net.minecraftforge.fml.loading.moddiscovery.ModFileInfo/LOADING]: Found valid mod file Better_Dogs_X_Doggy_Talents_Next_v1.2.2 [Forge] - [1.20-1.20.1].jar with {betterdogs_dtn} mods - versions {1.2.2}
[07Jun2026 04:28:10.533] [main/DEBUG] [net.minecraftforge.fml.loading.moddiscovery.ModFile/LOADING]: Loading mod file /workspaces/NEW-WORLD/servidor_minecraft/mods/Better_Dogs_X_Doggy_Talents_Next_v1.2.2 [Forge] - [1.20-1.20.1].jar with languages [LanguageSpec[languageName=javafml, acceptedVersions=[40,)]]
[07Jun2026 04:28:10.533] [main/DEBUG] [net.minecraftforge.fml.loading.moddiscovery.ModFileParser/LOADING]: Considering mod file candidate /workspaces/NEW-WORLD/servidor_minecraft/mods/cristellib-1.1.6-forge.jar
[07Jun2026 04:28:10.533] [main/DEBUG] [net.minecraftforge.fml.loading.moddiscovery.ModFileInfo/LOADING]: Found valid mod file cristellib-1.1.6-forge.jar with {cristellib} mods - versions {1.1.6}
[07Jun2026 04:28:10.534] [main/DEBUG] [net.minecraftforge.fml.loading.moddiscovery.ModFile/LOADING]: Loading mod file /workspaces/NEW-WORLD/servidor_minecraft/mods/cristellib-1.1.6-forge.jar with languages [LanguageSpec[languageName=javafml, acceptedVersions=[47,)]]
[07Jun2026 04:28:10.534] [main/DEBUG] [net.minecraftforge.fml.loading.moddiscovery.ModFile/LOADING]: Loading mod file  with languages []
[07Jun2026 04:28:10.534] [main/DEBUG] [net.minecraftforge.fml.loading.moddiscovery.ModFile/LOADING]: Loading mod file  with languages []
[07Jun2026 04:28:10.534] [main/DEBUG] [net.minecraftforge.fml.loading.moddiscovery.ModFileParser/LOADING]: Considering mod file candidate 
[07Jun2026 04:28:10.534] [main/DEBUG] [net.minecraftforge.fml.loading.moddiscovery.ModFileInfo/LOADING]: Found valid mod file mixinextras-forge-0.3.6.jar with {mixinextras} mods - versions {0.3.6}
[07Jun2026 04:28:10.534] [main/DEBUG] [net.minecraftforge.fml.loading.moddiscovery.ModFile/LOADING]: Loading mod file  with languages [LanguageSpec[languageName=javafml, acceptedVersions=*]]
[07Jun2026 04:28:10.535] [main/DEBUG] [net.minecraftforge.fml.loading.moddiscovery.ModFile/LOADING]: Loading mod file  with languages []
[07Jun2026 04:28:10.535] [main/DEBUG] [net.minecraftforge.fml.loading.moddiscovery.ModFile/LOADING]: Loading mod file  with languages []
[07Jun2026 04:28:10.535] [main/DEBUG] [net.minecraftforge.fml.loading.moddiscovery.ModFile/LOADING]: Loading mod file  with languages []
[07Jun2026 04:28:10.535] [main/DEBUG] [net.minecraftforge.fml.loading.moddiscovery.ModFileParser/LOADING]: Considering mod file candidate 
[07Jun2026 04:28:10.535] [main/DEBUG] [net.minecraftforge.fml.loading.moddiscovery.ModFileInfo/LOADING]: Found valid mod file mixinextras-forge-0.3.6.jar with {mixinextras} mods - versions {0.3.6}
[07Jun2026 04:28:10.535] [main/DEBUG] [net.minecraftforge.fml.loading.moddiscovery.ModFile/LOADING]: Loading mod file  with languages [LanguageSpec[languageName=javafml, acceptedVersions=*]]
[07Jun2026 04:28:10.535] [main/DEBUG] [net.minecraftforge.fml.loading.moddiscovery.ModFile/LOADING]: Loading mod file  with languages []
[07Jun2026 04:28:10.536] [main/DEBUG] [cpw.mods.modlauncher.TransformationServiceDecorator/MODLAUNCHER]: End scan trigger - transformation service fml
[07Jun2026 04:28:10.544] [main/DEBUG] [net.minecraftforge.fml.loading.LanguageLoadingProvider/CORE]: Found 3 language providers
[07Jun2026 04:28:10.545] [main/DEBUG] [net.minecraftforge.fml.loading.LanguageLoadingProvider/CORE]: Found language provider minecraft, version 1.0
[07Jun2026 04:28:10.545] [main/DEBUG] [net.minecraftforge.fml.loading.LanguageLoadingProvider/CORE]: Found language provider lowcodefml, version 47
[07Jun2026 04:28:10.546] [main/DEBUG] [net.minecraftforge.fml.loading.LanguageLoadingProvider/CORE]: Found language provider javafml, version 47
[07Jun2026 04:28:10.549] [main/DEBUG] [net.minecraftforge.fml.loading.UniqueModListBuilder/]: Found 2 mods for first modid mclib, selecting most recent based on version data
[07Jun2026 04:28:10.550] [main/DEBUG] [net.minecraftforge.fml.loading.UniqueModListBuilder/]: Selected file mclib-20.jar for modid mclib with version 0.0NONE
[07Jun2026 04:28:10.550] [main/DEBUG] [net.minecraftforge.fml.loading.UniqueModListBuilder/]: Found 2 mods for first modid jankson, selecting most recent based on version data
[07Jun2026 04:28:10.550] [main/DEBUG] [net.minecraftforge.fml.loading.UniqueModListBuilder/]: Selected file jankson-1.2.3.jar for modid jankson with version 0.0NONE
[07Jun2026 04:28:10.550] [main/DEBUG] [net.minecraftforge.fml.loading.UniqueModListBuilder/]: Found 2 mods for first modid mixinextras, selecting most recent based on version data
[07Jun2026 04:28:10.550] [main/DEBUG] [net.minecraftforge.fml.loading.UniqueModListBuilder/]: Selected file mixinextras-forge-0.3.6.jar for modid mixinextras with version 0.3.6
[07Jun2026 04:28:10.550] [main/DEBUG] [net.minecraftforge.fml.loading.UniqueModListBuilder/]: Found 2 mods for first modid MixinExtras, selecting most recent based on version data
[07Jun2026 04:28:10.551] [main/DEBUG] [net.minecraftforge.fml.loading.UniqueModListBuilder/]: Selected file MixinExtras-0.3.6.jar for modid MixinExtras with version 0.0NONE
[07Jun2026 04:28:10.552] [main/DEBUG] [net.minecraftforge.fml.loading.ModSorter/]: Configured system mods: [minecraft, forge]
[07Jun2026 04:28:10.552] [main/DEBUG] [net.minecraftforge.fml.loading.ModSorter/]: Found system mod: minecraft
[07Jun2026 04:28:10.552] [main/DEBUG] [net.minecraftforge.fml.loading.ModSorter/]: Found system mod: forge
[07Jun2026 04:28:10.553] [main/DEBUG] [net.minecraftforge.fml.loading.ModSorter/LOADING]: Found 61 mod requirements (51 mandatory, 10 optional)
[07Jun2026 04:28:10.554] [main/DEBUG] [net.minecraftforge.fml.loading.ModSorter/LOADING]: Found 0 mod requirements missing (0 mandatory, 0 optional)
[07Jun2026 04:28:10.982] [main/DEBUG] [cpw.mods.modlauncher.TransformationServicesHandler/MODLAUNCHER]: Transformation services loading transformers
[07Jun2026 04:28:10.983] [main/DEBUG] [cpw.mods.modlauncher.TransformationServiceDecorator/MODLAUNCHER]: Initializing transformers for transformation service mixin
[07Jun2026 04:28:10.983] [main/DEBUG] [cpw.mods.modlauncher.TransformationServiceDecorator/MODLAUNCHER]: Initialized transformers for transformation service mixin
[07Jun2026 04:28:10.983] [main/DEBUG] [cpw.mods.modlauncher.TransformationServiceDecorator/MODLAUNCHER]: Initializing transformers for transformation service fml
[07Jun2026 04:28:10.983] [main/DEBUG] [net.minecraftforge.fml.loading.FMLServiceProvider/CORE]: Loading coremod transformers
[07Jun2026 04:28:10.983] [main/DEBUG] [net.minecraftforge.coremod.CoreModEngine/COREMOD]: Loading CoreMod from META-INF/xaerohud_core.js
[07Jun2026 04:28:11.214] [main/DEBUG] [net.minecraftforge.coremod.CoreModEngine/COREMOD]: CoreMod loaded successfully
[07Jun2026 04:28:11.214] [main/DEBUG] [net.minecraftforge.coremod.CoreModEngine/COREMOD]: Loading CoreMod from coremods/field_to_method.js
[07Jun2026 04:28:11.245] [main/DEBUG] [net.minecraftforge.coremod.CoreModEngine/COREMOD]: CoreMod loaded successfully
[07Jun2026 04:28:11.245] [main/DEBUG] [net.minecraftforge.coremod.CoreModEngine/COREMOD]: Loading CoreMod from coremods/field_to_instanceof.js
[07Jun2026 04:28:11.306] [main/DEBUG] [net.minecraftforge.coremod.CoreModEngine/COREMOD]: CoreMod loaded successfully
[07Jun2026 04:28:11.306] [main/DEBUG] [net.minecraftforge.coremod.CoreModEngine/COREMOD]: Loading CoreMod from coremods/add_bouncer_method.js
[07Jun2026 04:28:11.343] [main/DEBUG] [net.minecraftforge.coremod.CoreModEngine/COREMOD]: CoreMod loaded successfully
[07Jun2026 04:28:11.343] [main/DEBUG] [net.minecraftforge.coremod.CoreModEngine/COREMOD]: Loading CoreMod from coremods/method_redirector.js
[07Jun2026 04:28:11.404] [main/DEBUG] [net.minecraftforge.coremod.CoreModEngine/COREMOD]: CoreMod loaded successfully
[07Jun2026 04:28:11.416] [main/DEBUG] [cpw.mods.modlauncher.TransformStore/MODLAUNCHER]: Adding transformer net.minecraftforge.coremod.transformer.CoreModClassTransformer@3b8ec001 to Target : CLASS {Lnet/minecraft/world/level/biome/Biome;} {} {V}
[07Jun2026 04:28:11.417] [main/DEBUG] [cpw.mods.modlauncher.TransformStore/MODLAUNCHER]: Adding transformer net.minecraftforge.coremod.transformer.CoreModClassTransformer@3df1a1ac to Target : CLASS {Lnet/minecraft/world/level/levelgen/structure/Structure;} {} {V}
[07Jun2026 04:28:11.417] [main/DEBUG] [cpw.mods.modlauncher.TransformStore/MODLAUNCHER]: Adding transformer net.minecraftforge.coremod.transformer.CoreModClassTransformer@58606c91 to Target : CLASS {Lnet/minecraft/world/effect/MobEffectInstance;} {} {V}
[07Jun2026 04:28:11.417] [main/DEBUG] [cpw.mods.modlauncher.TransformStore/MODLAUNCHER]: Adding transformer net.minecraftforge.coremod.transformer.CoreModClassTransformer@6a9cd0f8 to Target : CLASS {Lnet/minecraft/world/level/block/LiquidBlock;} {} {V}
[07Jun2026 04:28:11.417] [main/DEBUG] [cpw.mods.modlauncher.TransformStore/MODLAUNCHER]: Adding transformer net.minecraftforge.coremod.transformer.CoreModClassTransformer@4baed682 to Target : CLASS {Lnet/minecraft/world/item/BucketItem;} {} {V}
[07Jun2026 04:28:11.418] [main/DEBUG] [cpw.mods.modlauncher.TransformStore/MODLAUNCHER]: Adding transformer net.minecraftforge.coremod.transformer.CoreModClassTransformer@7be2f29a to Target : CLASS {Lnet/minecraft/world/level/block/StairBlock;} {} {V}
[07Jun2026 04:28:11.418] [main/DEBUG] [cpw.mods.modlauncher.TransformStore/MODLAUNCHER]: Adding transformer net.minecraftforge.coremod.transformer.CoreModClassTransformer@203d1d93 to Target : CLASS {Lnet/minecraft/world/level/block/FlowerPotBlock;} {} {V}
[07Jun2026 04:28:11.418] [main/DEBUG] [cpw.mods.modlauncher.TransformStore/MODLAUNCHER]: Adding transformer net.minecraftforge.coremod.transformer.CoreModClassTransformer@2c2a027c to Target : CLASS {Lnet/minecraft/world/item/ItemStack;} {} {V}
[07Jun2026 04:28:11.418] [main/DEBUG] [cpw.mods.modlauncher.TransformStore/MODLAUNCHER]: Adding transformer net.minecraftforge.coremod.transformer.CoreModClassTransformer@118dcbbd to Target : CLASS {Lnet/minecraft/network/play/client/CClientSettingsPacket;} {} {V}
[07Jun2026 04:28:11.418] [main/DEBUG] [cpw.mods.modlauncher.TransformStore/MODLAUNCHER]: Adding transformer net.minecraftforge.coremod.transformer.CoreModClassTransformer@7d979d34 to Target : CLASS {Lnet/minecraft/world/entity/npc/Villager;} {} {V}
[07Jun2026 04:28:11.419] [main/DEBUG] [cpw.mods.modlauncher.TransformStore/MODLAUNCHER]: Adding transformer net.minecraftforge.coremod.transformer.CoreModClassTransformer@7d979d34 to Target : CLASS {Lnet/minecraft/world/level/NaturalSpawner;} {} {V}
[07Jun2026 04:28:11.419] [main/DEBUG] [cpw.mods.modlauncher.TransformStore/MODLAUNCHER]: Adding transformer net.minecraftforge.coremod.transformer.CoreModClassTransformer@7d979d34 to Target : CLASS {Lnet/minecraft/world/entity/ai/village/VillageSiege;} {} {V}
[07Jun2026 04:28:11.419] [main/DEBUG] [cpw.mods.modlauncher.TransformStore/MODLAUNCHER]: Adding transformer net.minecraftforge.coremod.transformer.CoreModClassTransformer@7d979d34 to Target : CLASS {Lnet/minecraft/world/level/levelgen/structure/structures/OceanRuinPieces$OceanRuinPiece;} {} {V}
[07Jun2026 04:28:11.419] [main/DEBUG] [cpw.mods.modlauncher.TransformStore/MODLAUNCHER]: Adding transformer net.minecraftforge.coremod.transformer.CoreModClassTransformer@7d979d34 to Target : CLASS {Lnet/minecraft/world/entity/npc/CatSpawner;} {} {V}
[07Jun2026 04:28:11.419] [main/DEBUG] [cpw.mods.modlauncher.TransformStore/MODLAUNCHER]: Adding transformer net.minecraftforge.coremod.transformer.CoreModClassTransformer@7d979d34 to Target : CLASS {Lnet/minecraft/world/level/levelgen/structure/structures/WoodlandMansionPieces$WoodlandMansionPiece;} {} {V}
[07Jun2026 04:28:11.419] [main/DEBUG] [cpw.mods.modlauncher.TransformStore/MODLAUNCHER]: Adding transformer net.minecraftforge.coremod.transformer.CoreModClassTransformer@7d979d34 to Target : CLASS {Lnet/minecraft/world/level/levelgen/structure/templatesystem/StructureTemplate;} {} {V}
[07Jun2026 04:28:11.419] [main/DEBUG] [cpw.mods.modlauncher.TransformStore/MODLAUNCHER]: Adding transformer net.minecraftforge.coremod.transformer.CoreModClassTransformer@7d979d34 to Target : CLASS {Lnet/minecraft/world/level/levelgen/structure/structures/SwampHutPiece;} {} {V}
[07Jun2026 04:28:11.419] [main/DEBUG] [cpw.mods.modlauncher.TransformStore/MODLAUNCHER]: Adding transformer net.minecraftforge.coremod.transformer.CoreModClassTransformer@7d979d34 to Target : CLASS {Lnet/minecraft/world/entity/animal/frog/Tadpole;} {} {V}
[07Jun2026 04:28:11.419] [main/DEBUG] [cpw.mods.modlauncher.TransformStore/MODLAUNCHER]: Adding transformer net.minecraftforge.coremod.transformer.CoreModClassTransformer@7d979d34 to Target : CLASS {Lnet/minecraft/world/entity/monster/Strider;} {} {V}
[07Jun2026 04:28:11.420] [main/DEBUG] [cpw.mods.modlauncher.TransformStore/MODLAUNCHER]: Adding transformer net.minecraftforge.coremod.transformer.CoreModClassTransformer@7d979d34 to Target : CLASS {Lnet/minecraft/server/commands/RaidCommand;} {} {V}
[07Jun2026 04:28:11.420] [main/DEBUG] [cpw.mods.modlauncher.TransformStore/MODLAUNCHER]: Adding transformer net.minecraftforge.coremod.transformer.CoreModClassTransformer@7d979d34 to Target : CLASS {Lnet/minecraft/world/entity/monster/Zombie;} {} {V}
[07Jun2026 04:28:11.420] [main/DEBUG] [cpw.mods.modlauncher.TransformStore/MODLAUNCHER]: Adding transformer net.minecraftforge.coremod.transformer.CoreModClassTransformer@7d979d34 to Target : CLASS {Lnet/minecraft/world/level/levelgen/structure/structures/OceanMonumentPieces$OceanMonumentPiece;} {} {V}
[07Jun2026 04:28:11.420] [main/DEBUG] [cpw.mods.modlauncher.TransformStore/MODLAUNCHER]: Adding transformer net.minecraftforge.coremod.transformer.CoreModClassTransformer@7d979d34 to Target : CLASS {Lnet/minecraft/world/entity/monster/Spider;} {} {V}
[07Jun2026 04:28:11.420] [main/DEBUG] [cpw.mods.modlauncher.TransformStore/MODLAUNCHER]: Adding transformer net.minecraftforge.coremod.transformer.CoreModClassTransformer@7d979d34 to Target : CLASS {Lnet/minecraft/world/level/levelgen/PhantomSpawner;} {} {V}
[07Jun2026 04:28:11.420] [main/DEBUG] [cpw.mods.modlauncher.TransformStore/MODLAUNCHER]: Adding transformer net.minecraftforge.coremod.transformer.CoreModClassTransformer@7d979d34 to Target : CLASS {Lnet/minecraft/world/entity/monster/ZombieVillager;} {} {V}
[07Jun2026 04:28:11.420] [main/DEBUG] [cpw.mods.modlauncher.TransformStore/MODLAUNCHER]: Adding transformer net.minecraftforge.coremod.transformer.CoreModClassTransformer@7d979d34 to Target : CLASS {Lnet/minecraft/world/entity/monster/Evoker$EvokerSummonSpellGoal;} {} {V}
[07Jun2026 04:28:11.420] [main/DEBUG] [cpw.mods.modlauncher.TransformStore/MODLAUNCHER]: Adding transformer net.minecraftforge.coremod.transformer.CoreModClassTransformer@7d979d34 to Target : CLASS {Lnet/minecraft/world/entity/raid/Raid;} {} {V}
[07Jun2026 04:28:11.421] [main/DEBUG] [cpw.mods.modlauncher.TransformStore/MODLAUNCHER]: Adding transformer net.minecraftforge.coremod.transformer.CoreModClassTransformer@7d979d34 to Target : CLASS {Lnet/minecraft/world/level/levelgen/PatrolSpawner;} {} {V}
[07Jun2026 04:28:11.421] [main/DEBUG] [cpw.mods.modlauncher.TransformStore/MODLAUNCHER]: Adding transformer net.minecraftforge.coremod.transformer.CoreModClassTransformer@7d979d34 to Target : CLASS {Lnet/minecraft/world/entity/EntityType;} {} {V}
[07Jun2026 04:28:11.421] [main/DEBUG] [cpw.mods.modlauncher.TransformStore/MODLAUNCHER]: Adding transformer net.minecraftforge.coremod.transformer.CoreModClassTransformer@7d979d34 to Target : CLASS {Lnet/minecraft/server/commands/SummonCommand;} {} {V}
[07Jun2026 04:28:11.421] [main/DEBUG] [cpw.mods.modlauncher.TransformStore/MODLAUNCHER]: Adding transformer net.minecraftforge.coremod.transformer.CoreModClassTransformer@7d979d34 to Target : CLASS {Lnet/minecraft/world/entity/animal/horse/SkeletonTrapGoal;} {} {V}
[07Jun2026 04:28:11.421] [main/DEBUG] [cpw.mods.modlauncher.TransformStore/MODLAUNCHER]: Adding transformer net.minecraftforge.coremod.transformer.CoreModMethodTransformer@49cb1baf to Target : METHOD {Lnet/minecraft/client/ToggleKeyMapping;} {m_90857_} {()Z}
[07Jun2026 04:28:11.421] [main/DEBUG] [cpw.mods.modlauncher.TransformationServiceDecorator/MODLAUNCHER]: Initialized transformers for transformation service fml
[07Jun2026 04:28:12.465] [main/DEBUG] [mixin/]: Processing prepare() for PlatformAgent[MixinPlatformAgentDefault:ModLauncher Root Container(ModLauncher:4f56a0a2)]
[07Jun2026 04:28:12.466] [main/DEBUG] [mixin/]: Processing launch tasks for PlatformAgent[MixinPlatformAgentDefault:ModLauncher Root Container(ModLauncher:4f56a0a2)]
[07Jun2026 04:28:12.466] [main/DEBUG] [mixin/]: Adding mixin platform agents for container SecureJarResource(minecraft)
[07Jun2026 04:28:12.466] [main/DEBUG] [mixin/]: Instancing new MixinPlatformAgentMinecraftForge for SecureJarResource(minecraft)
[07Jun2026 04:28:12.466] [main/DEBUG] [mixin/]: MixinPlatformAgentMinecraftForge rejected container SecureJarResource(minecraft)
[07Jun2026 04:28:12.466] [main/DEBUG] [mixin/]: Instancing new MixinPlatformAgentDefault for SecureJarResource(minecraft)
[07Jun2026 04:28:12.467] [main/DEBUG] [mixin/]: MixinPlatformAgentDefault accepted container SecureJarResource(minecraft)
[07Jun2026 04:28:12.467] [main/DEBUG] [mixin/]: Processing prepare() for PlatformAgent[MixinPlatformAgentDefault:SecureJarResource(minecraft)]
[07Jun2026 04:28:12.468] [main/DEBUG] [mixin/]: Adding mixin platform agents for container SecureJarResource(farmersdelight)
[07Jun2026 04:28:12.468] [main/DEBUG] [mixin/]: Instancing new MixinPlatformAgentMinecraftForge for SecureJarResource(farmersdelight)
[07Jun2026 04:28:12.468] [main/DEBUG] [mixin/]: MixinPlatformAgentMinecraftForge rejected container SecureJarResource(farmersdelight)
[07Jun2026 04:28:12.468] [main/DEBUG] [mixin/]: Instancing new MixinPlatformAgentDefault for SecureJarResource(farmersdelight)
[07Jun2026 04:28:12.468] [main/DEBUG] [mixin/]: MixinPlatformAgentDefault accepted container SecureJarResource(farmersdelight)
[07Jun2026 04:28:12.468] [main/DEBUG] [mixin/]: Processing prepare() for PlatformAgent[MixinPlatformAgentDefault:SecureJarResource(farmersdelight)]
[07Jun2026 04:28:12.468] [main/DEBUG] [mixin/]: Registering mixin config: farmersdelight.mixins.json
[07Jun2026 04:28:12.488] [main/DEBUG] [mixin/]: Compatibility level JAVA_17 specified by farmersdelight.mixins.json is higher than the maximum level supported by this version of mixin (JAVA_13).
[07Jun2026 04:28:12.496] [main/INFO] [mixin/]: Compatibility level set to JAVA_17
[07Jun2026 04:28:12.496] [main/DEBUG] [mixin/]: Adding mixin platform agents for container SecureJarResource(tameablebeasts)
[07Jun2026 04:28:12.497] [main/DEBUG] [mixin/]: Instancing new MixinPlatformAgentMinecraftForge for SecureJarResource(tameablebeasts)
[07Jun2026 04:28:12.497] [main/DEBUG] [mixin/]: MixinPlatformAgentMinecraftForge rejected container SecureJarResource(tameablebeasts)
[07Jun2026 04:28:12.497] [main/DEBUG] [mixin/]: Instancing new MixinPlatformAgentDefault for SecureJarResource(tameablebeasts)
[07Jun2026 04:28:12.497] [main/DEBUG] [mixin/]: MixinPlatformAgentDefault accepted container SecureJarResource(tameablebeasts)
[07Jun2026 04:28:12.497] [main/DEBUG] [mixin/]: Processing prepare() for PlatformAgent[MixinPlatformAgentDefault:SecureJarResource(tameablebeasts)]
[07Jun2026 04:28:12.497] [main/DEBUG] [mixin/]: Registering mixin config: tameablebeasts.mixins.json
[07Jun2026 04:28:12.501] [main/DEBUG] [mixin/]: Adding mixin platform agents for container SecureJarResource(cute_companions_ducks)
[07Jun2026 04:28:12.501] [main/DEBUG] [mixin/]: Instancing new MixinPlatformAgentMinecraftForge for SecureJarResource(cute_companions_ducks)
[07Jun2026 04:28:12.501] [main/DEBUG] [mixin/]: MixinPlatformAgentMinecraftForge rejected container SecureJarResource(cute_companions_ducks)
[07Jun2026 04:28:12.501] [main/DEBUG] [mixin/]: Instancing new MixinPlatformAgentDefault for SecureJarResource(cute_companions_ducks)
[07Jun2026 04:28:12.501] [main/DEBUG] [mixin/]: MixinPlatformAgentDefault accepted container SecureJarResource(cute_companions_ducks)
[07Jun2026 04:28:12.501] [main/DEBUG] [mixin/]: Processing prepare() for PlatformAgent[MixinPlatformAgentDefault:SecureJarResource(cute_companions_ducks)]
[07Jun2026 04:28:12.501] [main/DEBUG] [mixin/]: Adding mixin platform agents for container SecureJarResource(explorify)
[07Jun2026 04:28:12.502] [main/DEBUG] [mixin/]: Instancing new MixinPlatformAgentMinecraftForge for SecureJarResource(explorify)
[07Jun2026 04:28:12.502] [main/DEBUG] [mixin/]: MixinPlatformAgentMinecraftForge rejected container SecureJarResource(explorify)
[07Jun2026 04:28:12.502] [main/DEBUG] [mixin/]: Instancing new MixinPlatformAgentDefault for SecureJarResource(explorify)
[07Jun2026 04:28:12.502] [main/DEBUG] [mixin/]: MixinPlatformAgentDefault accepted container SecureJarResource(explorify)
[07Jun2026 04:28:12.502] [main/DEBUG] [mixin/]: Processing prepare() for PlatformAgent[MixinPlatformAgentDefault:SecureJarResource(explorify)]
[07Jun2026 04:28:12.502] [main/DEBUG] [mixin/]: Adding mixin platform agents for container SecureJarResource(geckolib)
[07Jun2026 04:28:12.502] [main/DEBUG] [mixin/]: Instancing new MixinPlatformAgentMinecraftForge for SecureJarResource(geckolib)
[07Jun2026 04:28:12.502] [main/DEBUG] [mixin/]: MixinPlatformAgentMinecraftForge rejected container SecureJarResource(geckolib)
[07Jun2026 04:28:12.502] [main/DEBUG] [mixin/]: Instancing new MixinPlatformAgentDefault for SecureJarResource(geckolib)
[07Jun2026 04:28:12.502] [main/DEBUG] [mixin/]: MixinPlatformAgentDefault accepted container SecureJarResource(geckolib)
[07Jun2026 04:28:12.502] [main/DEBUG] [mixin/]: Processing prepare() for PlatformAgent[MixinPlatformAgentDefault:SecureJarResource(geckolib)]
[07Jun2026 04:28:12.502] [main/DEBUG] [mixin/]: Registering mixin config: geckolib.mixins.json
[07Jun2026 04:28:12.505] [main/DEBUG] [mixin/]: Adding mixin platform agents for container SecureJarResource(cluttered)
[07Jun2026 04:28:12.505] [main/DEBUG] [mixin/]: Instancing new MixinPlatformAgentMinecraftForge for SecureJarResource(cluttered)
[07Jun2026 04:28:12.505] [main/DEBUG] [mixin/]: MixinPlatformAgentMinecraftForge rejected container SecureJarResource(cluttered)
[07Jun2026 04:28:12.506] [main/DEBUG] [mixin/]: Instancing new MixinPlatformAgentDefault for SecureJarResource(cluttered)
[07Jun2026 04:28:12.506] [main/DEBUG] [mixin/]: MixinPlatformAgentDefault accepted container SecureJarResource(cluttered)
[07Jun2026 04:28:12.506] [main/DEBUG] [mixin/]: Processing prepare() for PlatformAgent[MixinPlatformAgentDefault:SecureJarResource(cluttered)]
[07Jun2026 04:28:12.506] [main/DEBUG] [mixin/]: Adding mixin platform agents for container SecureJarResource(faunify)
[07Jun2026 04:28:12.506] [main/DEBUG] [mixin/]: Instancing new MixinPlatformAgentMinecraftForge for SecureJarResource(faunify)
[07Jun2026 04:28:12.506] [main/DEBUG] [mixin/]: MixinPlatformAgentMinecraftForge rejected container SecureJarResource(faunify)
[07Jun2026 04:28:12.506] [main/DEBUG] [mixin/]: Instancing new MixinPlatformAgentDefault for SecureJarResource(faunify)
[07Jun2026 04:28:12.506] [main/DEBUG] [mixin/]: MixinPlatformAgentDefault accepted container SecureJarResource(faunify)
[07Jun2026 04:28:12.506] [main/DEBUG] [mixin/]: Processing prepare() for PlatformAgent[MixinPlatformAgentDefault:SecureJarResource(faunify)]
[07Jun2026 04:28:12.506] [main/DEBUG] [mixin/]: Registering mixin config: faunify.mixins.json
[07Jun2026 04:28:12.509] [main/DEBUG] [mixin/]: Adding mixin platform agents for container SecureJarResource(xaerolib)
[07Jun2026 04:28:12.509] [main/DEBUG] [mixin/]: Instancing new MixinPlatformAgentMinecraftForge for SecureJarResource(xaerolib)
[07Jun2026 04:28:12.509] [main/DEBUG] [mixin/]: MixinPlatformAgentMinecraftForge rejected container SecureJarResource(xaerolib)
[07Jun2026 04:28:12.509] [main/DEBUG] [mixin/]: Instancing new MixinPlatformAgentDefault for SecureJarResource(xaerolib)
[07Jun2026 04:28:12.510] [main/DEBUG] [mixin/]: MixinPlatformAgentDefault accepted container SecureJarResource(xaerolib)
[07Jun2026 04:28:12.510] [main/DEBUG] [mixin/]: Processing prepare() for PlatformAgent[MixinPlatformAgentDefault:SecureJarResource(xaerolib)]
[07Jun2026 04:28:12.510] [main/DEBUG] [mixin/]: Registering mixin config: xaerolib.mixins.json
[07Jun2026 04:28:12.512] [main/DEBUG] [mixin/]: Registering mixin config: xaerolib.forge.mixins.json
[07Jun2026 04:28:12.513] [main/DEBUG] [mixin/]: Adding mixin platform agents for container SecureJarResource(doggytalents)
[07Jun2026 04:28:12.514] [main/DEBUG] [mixin/]: Instancing new MixinPlatformAgentMinecraftForge for SecureJarResource(doggytalents)
[07Jun2026 04:28:12.514] [main/DEBUG] [mixin/]: MixinPlatformAgentMinecraftForge rejected container SecureJarResource(doggytalents)
[07Jun2026 04:28:12.514] [main/DEBUG] [mixin/]: Instancing new MixinPlatformAgentDefault for SecureJarResource(doggytalents)
[07Jun2026 04:28:12.514] [main/DEBUG] [mixin/]: MixinPlatformAgentDefault accepted container SecureJarResource(doggytalents)
[07Jun2026 04:28:12.514] [main/DEBUG] [mixin/]: Processing prepare() for PlatformAgent[MixinPlatformAgentDefault:SecureJarResource(doggytalents)]
[07Jun2026 04:28:12.514] [main/DEBUG] [mixin/]: Registering mixin config: doggytalents.mixins.json
[07Jun2026 04:28:12.516] [main/DEBUG] [mixin/]: Registering mixin config: doggytalents.forge_mixins.json
[07Jun2026 04:28:12.517] [main/DEBUG] [mixin/]: Adding mixin platform agents for container SecureJarResource(shroom_dealers)
[07Jun2026 04:28:12.518] [main/DEBUG] [mixin/]: Instancing new MixinPlatformAgentMinecraftForge for SecureJarResource(shroom_dealers)
[07Jun2026 04:28:12.518] [main/DEBUG] [mixin/]: MixinPlatformAgentMinecraftForge rejected container SecureJarResource(shroom_dealers)
[07Jun2026 04:28:12.518] [main/DEBUG] [mixin/]: Instancing new MixinPlatformAgentDefault for SecureJarResource(shroom_dealers)
[07Jun2026 04:28:12.518] [main/DEBUG] [mixin/]: MixinPlatformAgentDefault accepted container SecureJarResource(shroom_dealers)
[07Jun2026 04:28:12.518] [main/DEBUG] [mixin/]: Processing prepare() for PlatformAgent[MixinPlatformAgentDefault:SecureJarResource(shroom_dealers)]
[07Jun2026 04:28:12.518] [main/DEBUG] [mixin/]: Adding mixin platform agents for container SecureJarResource(xaerominimap)
[07Jun2026 04:28:12.518] [main/DEBUG] [mixin/]: Instancing new MixinPlatformAgentMinecraftForge for SecureJarResource(xaerominimap)
[07Jun2026 04:28:12.518] [main/DEBUG] [mixin/]: MixinPlatformAgentMinecraftForge rejected container SecureJarResource(xaerominimap)
[07Jun2026 04:28:12.519] [main/DEBUG] [mixin/]: Instancing new MixinPlatformAgentDefault for SecureJarResource(xaerominimap)
[07Jun2026 04:28:12.519] [main/DEBUG] [mixin/]: MixinPlatformAgentDefault accepted container SecureJarResource(xaerominimap)
[07Jun2026 04:28:12.519] [main/DEBUG] [mixin/]: Processing prepare() for PlatformAgent[MixinPlatformAgentDefault:SecureJarResource(xaerominimap)]
[07Jun2026 04:28:12.519] [main/DEBUG] [mixin/]: Registering mixin config: xaerohud.mixins.json
[07Jun2026 04:28:12.521] [main/DEBUG] [mixin/]: Registering mixin config: xaerohud.forge.mixins.json
[07Jun2026 04:28:12.522] [main/DEBUG] [mixin/]: Registering mixin config: xaerominimap.mixins.json
[07Jun2026 04:28:12.523] [main/DEBUG] [mixin/]: Registering mixin config: xaerominimap.forge.mixins.json
[07Jun2026 04:28:12.525] [main/DEBUG] [mixin/]: Adding mixin platform agents for container SecureJarResource(breadcraft)
[07Jun2026 04:28:12.525] [main/DEBUG] [mixin/]: Instancing new MixinPlatformAgentMinecraftForge for SecureJarResource(breadcraft)
[07Jun2026 04:28:12.525] [main/DEBUG] [mixin/]: MixinPlatformAgentMinecraftForge rejected container SecureJarResource(breadcraft)
[07Jun2026 04:28:12.525] [main/DEBUG] [mixin/]: Instancing new MixinPlatformAgentDefault for SecureJarResource(breadcraft)
[07Jun2026 04:28:12.526] [main/DEBUG] [mixin/]: MixinPlatformAgentDefault accepted container SecureJarResource(breadcraft)
[07Jun2026 04:28:12.526] [main/DEBUG] [mixin/]: Processing prepare() for PlatformAgent[MixinPlatformAgentDefault:SecureJarResource(breadcraft)]
[07Jun2026 04:28:12.526] [main/DEBUG] [mixin/]: Adding mixin platform agents for container SecureJarResource(citadel)
[07Jun2026 04:28:12.526] [main/DEBUG] [mixin/]: Instancing new MixinPlatformAgentMinecraftForge for SecureJarResource(citadel)
[07Jun2026 04:28:12.526] [main/DEBUG] [mixin/]: MixinPlatformAgentMinecraftForge rejected container SecureJarResource(citadel)
[07Jun2026 04:28:12.526] [main/DEBUG] [mixin/]: Instancing new MixinPlatformAgentDefault for SecureJarResource(citadel)
[07Jun2026 04:28:12.526] [main/DEBUG] [mixin/]: MixinPlatformAgentDefault accepted container SecureJarResource(citadel)
[07Jun2026 04:28:12.526] [main/DEBUG] [mixin/]: Processing prepare() for PlatformAgent[MixinPlatformAgentDefault:SecureJarResource(citadel)]
[07Jun2026 04:28:12.526] [main/DEBUG] [mixin/]: Registering mixin config: citadel.mixins.json
[07Jun2026 04:28:12.528] [main/DEBUG] [mixin/]: Adding mixin platform agents for container SecureJarResource(alexsmobs)
[07Jun2026 04:28:12.529] [main/DEBUG] [mixin/]: Instancing new MixinPlatformAgentMinecraftForge for SecureJarResource(alexsmobs)
[07Jun2026 04:28:12.529] [main/DEBUG] [mixin/]: MixinPlatformAgentMinecraftForge rejected container SecureJarResource(alexsmobs)
[07Jun2026 04:28:12.529] [main/DEBUG] [mixin/]: Instancing new MixinPlatformAgentDefault for SecureJarResource(alexsmobs)
[07Jun2026 04:28:12.529] [main/DEBUG] [mixin/]: MixinPlatformAgentDefault accepted container SecureJarResource(alexsmobs)
[07Jun2026 04:28:12.529] [main/DEBUG] [mixin/]: Processing prepare() for PlatformAgent[MixinPlatformAgentDefault:SecureJarResource(alexsmobs)]
[07Jun2026 04:28:12.530] [main/DEBUG] [mixin/]: Registering mixin config: citadel.mixins.json
[07Jun2026 04:28:12.530] [main/DEBUG] [mixin/]: Adding mixin platform agents for container SecureJarResource(mixinextras)
[07Jun2026 04:28:12.530] [main/DEBUG] [mixin/]: Instancing new MixinPlatformAgentMinecraftForge for SecureJarResource(mixinextras)
[07Jun2026 04:28:12.530] [main/DEBUG] [mixin/]: MixinPlatformAgentMinecraftForge rejected container SecureJarResource(mixinextras)
[07Jun2026 04:28:12.530] [main/DEBUG] [mixin/]: Instancing new MixinPlatformAgentDefault for SecureJarResource(mixinextras)
[07Jun2026 04:28:12.530] [main/DEBUG] [mixin/]: MixinPlatformAgentDefault accepted container SecureJarResource(mixinextras)
[07Jun2026 04:28:12.530] [main/DEBUG] [mixin/]: Processing prepare() for PlatformAgent[MixinPlatformAgentDefault:SecureJarResource(mixinextras)]
[07Jun2026 04:28:12.530] [main/DEBUG] [mixin/]: Registering mixin config: mixinextras.init.mixins.json
[07Jun2026 04:28:12.531] [main/DEBUG] [mixin/]: Adding mixin platform agents for container SecureJarResource(architectury)
[07Jun2026 04:28:12.532] [main/DEBUG] [mixin/]: Instancing new MixinPlatformAgentMinecraftForge for SecureJarResource(architectury)
[07Jun2026 04:28:12.532] [main/DEBUG] [mixin/]: MixinPlatformAgentMinecraftForge rejected container SecureJarResource(architectury)
[07Jun2026 04:28:12.532] [main/DEBUG] [mixin/]: Instancing new MixinPlatformAgentDefault for SecureJarResource(architectury)
[07Jun2026 04:28:12.532] [main/DEBUG] [mixin/]: MixinPlatformAgentDefault accepted container SecureJarResource(architectury)
[07Jun2026 04:28:12.532] [main/DEBUG] [mixin/]: Processing prepare() for PlatformAgent[MixinPlatformAgentDefault:SecureJarResource(architectury)]
[07Jun2026 04:28:12.533] [main/DEBUG] [mixin/]: Registering mixin config: architectury.mixins.json
[07Jun2026 04:28:12.535] [main/DEBUG] [mixin/]: Compatibility level JAVA_16 specified by architectury.mixins.json is higher than the maximum level supported by this version of mixin (JAVA_13).
[07Jun2026 04:28:12.535] [main/DEBUG] [mixin/]: Registering mixin config: architectury-common.mixins.json
[07Jun2026 04:28:12.537] [main/DEBUG] [mixin/]: Compatibility level JAVA_16 specified by architectury-common.mixins.json is higher than the maximum level supported by this version of mixin (JAVA_13).
[07Jun2026 04:28:12.538] [main/DEBUG] [mixin/]: Adding mixin platform agents for container SecureJarResource(furnish)
[07Jun2026 04:28:12.538] [main/DEBUG] [mixin/]: Instancing new MixinPlatformAgentMinecraftForge for SecureJarResource(furnish)
[07Jun2026 04:28:12.538] [main/DEBUG] [mixin/]: MixinPlatformAgentMinecraftForge rejected container SecureJarResource(furnish)
[07Jun2026 04:28:12.538] [main/DEBUG] [mixin/]: Instancing new MixinPlatformAgentDefault for SecureJarResource(furnish)
[07Jun2026 04:28:12.538] [main/DEBUG] [mixin/]: MixinPlatformAgentDefault accepted container SecureJarResource(furnish)
[07Jun2026 04:28:12.538] [main/DEBUG] [mixin/]: Processing prepare() for PlatformAgent[MixinPlatformAgentDefault:SecureJarResource(furnish)]
[07Jun2026 04:28:12.538] [main/DEBUG] [mixin/]: Adding mixin platform agents for container SecureJarResource(meadow)
[07Jun2026 04:28:12.538] [main/DEBUG] [mixin/]: Instancing new MixinPlatformAgentMinecraftForge for SecureJarResource(meadow)
[07Jun2026 04:28:12.538] [main/DEBUG] [mixin/]: MixinPlatformAgentMinecraftForge rejected container SecureJarResource(meadow)
[07Jun2026 04:28:12.538] [main/DEBUG] [mixin/]: Instancing new MixinPlatformAgentDefault for SecureJarResource(meadow)
[07Jun2026 04:28:12.538] [main/DEBUG] [mixin/]: MixinPlatformAgentDefault accepted container SecureJarResource(meadow)
[07Jun2026 04:28:12.538] [main/DEBUG] [mixin/]: Processing prepare() for PlatformAgent[MixinPlatformAgentDefault:SecureJarResource(meadow)]
[07Jun2026 04:28:12.538] [main/DEBUG] [mixin/]: Registering mixin config: meadow-common.mixins.json
[07Jun2026 04:28:12.542] [main/DEBUG] [mixin/]: Registering mixin config: meadow.mixins.json
[07Jun2026 04:28:12.544] [main/DEBUG] [mixin/]: Adding mixin platform agents for container SecureJarResource(kawaiidishes)
[07Jun2026 04:28:12.544] [main/DEBUG] [mixin/]: Instancing new MixinPlatformAgentMinecraftForge for SecureJarResource(kawaiidishes)
[07Jun2026 04:28:12.544] [main/DEBUG] [mixin/]: MixinPlatformAgentMinecraftForge rejected container SecureJarResource(kawaiidishes)
[07Jun2026 04:28:12.544] [main/DEBUG] [mixin/]: Instancing new MixinPlatformAgentDefault for SecureJarResource(kawaiidishes)
[07Jun2026 04:28:12.544] [main/DEBUG] [mixin/]: MixinPlatformAgentDefault accepted container SecureJarResource(kawaiidishes)
[07Jun2026 04:28:12.544] [main/DEBUG] [mixin/]: Processing prepare() for PlatformAgent[MixinPlatformAgentDefault:SecureJarResource(kawaiidishes)]
[07Jun2026 04:28:12.544] [main/DEBUG] [mixin/]: Registering mixin config: KawaiiDishes.mixins.json
[07Jun2026 04:28:12.546] [main/DEBUG] [mixin/]: Compatibility level JAVA_8 specified by KawaiiDishes.mixins.json is lower than the default level supported by the current mixin service (JAVA_16).
[07Jun2026 04:28:12.546] [main/DEBUG] [mixin/]: Adding mixin platform agents for container SecureJarResource(terralith)
[07Jun2026 04:28:12.546] [main/DEBUG] [mixin/]: Instancing new MixinPlatformAgentMinecraftForge for SecureJarResource(terralith)
[07Jun2026 04:28:12.547] [main/DEBUG] [mixin/]: MixinPlatformAgentMinecraftForge rejected container SecureJarResource(terralith)
[07Jun2026 04:28:12.547] [main/DEBUG] [mixin/]: Instancing new MixinPlatformAgentDefault for SecureJarResource(terralith)
[07Jun2026 04:28:12.547] [main/DEBUG] [mixin/]: MixinPlatformAgentDefault accepted container SecureJarResource(terralith)
[07Jun2026 04:28:12.547] [main/DEBUG] [mixin/]: Processing prepare() for PlatformAgent[MixinPlatformAgentDefault:SecureJarResource(terralith)]
[07Jun2026 04:28:12.547] [main/DEBUG] [mixin/]: Adding mixin platform agents for container SecureJarResource(placeable_food)
[07Jun2026 04:28:12.547] [main/DEBUG] [mixin/]: Instancing new MixinPlatformAgentMinecraftForge for SecureJarResource(placeable_food)
[07Jun2026 04:28:12.547] [main/DEBUG] [mixin/]: MixinPlatformAgentMinecraftForge rejected container SecureJarResource(placeable_food)
[07Jun2026 04:28:12.547] [main/DEBUG] [mixin/]: Instancing new MixinPlatformAgentDefault for SecureJarResource(placeable_food)
[07Jun2026 04:28:12.547] [main/DEBUG] [mixin/]: MixinPlatformAgentDefault accepted container SecureJarResource(placeable_food)
[07Jun2026 04:28:12.547] [main/DEBUG] [mixin/]: Processing prepare() for PlatformAgent[MixinPlatformAgentDefault:SecureJarResource(placeable_food)]
[07Jun2026 04:28:12.547] [main/DEBUG] [mixin/]: Adding mixin platform agents for container SecureJarResource(forge)
[07Jun2026 04:28:12.547] [main/DEBUG] [mixin/]: Instancing new MixinPlatformAgentMinecraftForge for SecureJarResource(forge)
[07Jun2026 04:28:12.547] [main/DEBUG] [mixin/]: MixinPlatformAgentMinecraftForge rejected container SecureJarResource(forge)
[07Jun2026 04:28:12.547] [main/DEBUG] [mixin/]: Instancing new MixinPlatformAgentDefault for SecureJarResource(forge)
[07Jun2026 04:28:12.547] [main/DEBUG] [mixin/]: MixinPlatformAgentDefault accepted container SecureJarResource(forge)
[07Jun2026 04:28:12.548] [main/DEBUG] [mixin/]: Processing prepare() for PlatformAgent[MixinPlatformAgentDefault:SecureJarResource(forge)]
[07Jun2026 04:28:12.548] [main/DEBUG] [mixin/]: Adding mixin platform agents for container SecureJarResource(t_and_t)
[07Jun2026 04:28:12.548] [main/DEBUG] [mixin/]: Instancing new MixinPlatformAgentMinecraftForge for SecureJarResource(t_and_t)
[07Jun2026 04:28:12.548] [main/DEBUG] [mixin/]: MixinPlatformAgentMinecraftForge rejected container SecureJarResource(t_and_t)
[07Jun2026 04:28:12.548] [main/DEBUG] [mixin/]: Instancing new MixinPlatformAgentDefault for SecureJarResource(t_and_t)
[07Jun2026 04:28:12.548] [main/DEBUG] [mixin/]: MixinPlatformAgentDefault accepted container SecureJarResource(t_and_t)
[07Jun2026 04:28:12.548] [main/DEBUG] [mixin/]: Processing prepare() for PlatformAgent[MixinPlatformAgentDefault:SecureJarResource(t_and_t)]
[07Jun2026 04:28:12.548] [main/DEBUG] [mixin/]: Adding mixin platform agents for container SecureJarResource(farm_and_charm)
[07Jun2026 04:28:12.548] [main/DEBUG] [mixin/]: Instancing new MixinPlatformAgentMinecraftForge for SecureJarResource(farm_and_charm)
[07Jun2026 04:28:12.548] [main/DEBUG] [mixin/]: MixinPlatformAgentMinecraftForge rejected container SecureJarResource(farm_and_charm)
[07Jun2026 04:28:12.549] [main/DEBUG] [mixin/]: Instancing new MixinPlatformAgentDefault for SecureJarResource(farm_and_charm)
[07Jun2026 04:28:12.549] [main/DEBUG] [mixin/]: MixinPlatformAgentDefault accepted container SecureJarResource(farm_and_charm)
[07Jun2026 04:28:12.549] [main/DEBUG] [mixin/]: Processing prepare() for PlatformAgent[MixinPlatformAgentDefault:SecureJarResource(farm_and_charm)]
[07Jun2026 04:28:12.549] [main/DEBUG] [mixin/]: Registering mixin config: FarmAndCharm-common.mixins.json
[07Jun2026 04:28:12.550] [main/DEBUG] [mixin/]: Registering mixin config: FarmAndCharm.mixins.json
[07Jun2026 04:28:12.551] [main/DEBUG] [mixin/]: Adding mixin platform agents for container SecureJarResource(bakery)
[07Jun2026 04:28:12.551] [main/DEBUG] [mixin/]: Instancing new MixinPlatformAgentMinecraftForge for SecureJarResource(bakery)
[07Jun2026 04:28:12.551] [main/DEBUG] [mixin/]: MixinPlatformAgentMinecraftForge rejected container SecureJarResource(bakery)
[07Jun2026 04:28:12.551] [main/DEBUG] [mixin/]: Instancing new MixinPlatformAgentDefault for SecureJarResource(bakery)
[07Jun2026 04:28:12.551] [main/DEBUG] [mixin/]: MixinPlatformAgentDefault accepted container SecureJarResource(bakery)
[07Jun2026 04:28:12.552] [main/DEBUG] [mixin/]: Processing prepare() for PlatformAgent[MixinPlatformAgentDefault:SecureJarResource(bakery)]
[07Jun2026 04:28:12.552] [main/DEBUG] [mixin/]: Registering mixin config: bakery-common.mixins.json
[07Jun2026 04:28:12.556] [main/DEBUG] [mixin/]: Adding mixin platform agents for container SecureJarResource(friendsandfoes)
[07Jun2026 04:28:12.556] [main/DEBUG] [mixin/]: Instancing new MixinPlatformAgentMinecraftForge for SecureJarResource(friendsandfoes)
[07Jun2026 04:28:12.556] [main/DEBUG] [mixin/]: MixinPlatformAgentMinecraftForge rejected container SecureJarResource(friendsandfoes)
[07Jun2026 04:28:12.556] [main/DEBUG] [mixin/]: Instancing new MixinPlatformAgentDefault for SecureJarResource(friendsandfoes)
[07Jun2026 04:28:12.556] [main/DEBUG] [mixin/]: MixinPlatformAgentDefault accepted container SecureJarResource(friendsandfoes)
[07Jun2026 04:28:12.556] [main/DEBUG] [mixin/]: Processing prepare() for PlatformAgent[MixinPlatformAgentDefault:SecureJarResource(friendsandfoes)]
[07Jun2026 04:28:12.556] [main/DEBUG] [mixin/]: Registering mixin config: friendsandfoes-common.mixins.json
[07Jun2026 04:28:12.566] [main/DEBUG] [mixin/]: Registering mixin config: friendsandfoes-forge.mixins.json
[07Jun2026 04:28:12.567] [main/DEBUG] [mixin/]: Adding mixin platform agents for container SecureJarResource(cristellib)
[07Jun2026 04:28:12.567] [main/DEBUG] [mixin/]: Instancing new MixinPlatformAgentMinecraftForge for SecureJarResource(cristellib)
[07Jun2026 04:28:12.567] [main/DEBUG] [mixin/]: MixinPlatformAgentMinecraftForge rejected container SecureJarResource(cristellib)
[07Jun2026 04:28:12.567] [main/DEBUG] [mixin/]: Instancing new MixinPlatformAgentDefault for SecureJarResource(cristellib)
[07Jun2026 04:28:12.567] [main/DEBUG] [mixin/]: MixinPlatformAgentDefault accepted container SecureJarResource(cristellib)
[07Jun2026 04:28:12.567] [main/DEBUG] [mixin/]: Processing prepare() for PlatformAgent[MixinPlatformAgentDefault:SecureJarResource(cristellib)]
[07Jun2026 04:28:12.568] [main/DEBUG] [mixin/]: Registering mixin config: cristellib-common.mixins.json
[07Jun2026 04:28:12.569] [main/DEBUG] [mixin/]: Registering mixin config: cristellib.mixins.json
[07Jun2026 04:28:12.570] [main/DEBUG] [mixin/]: Adding mixin platform agents for container SecureJarResource(betterdogs_dtn)
[07Jun2026 04:28:12.570] [main/DEBUG] [mixin/]: Instancing new MixinPlatformAgentMinecraftForge for SecureJarResource(betterdogs_dtn)
[07Jun2026 04:28:12.570] [main/DEBUG] [mixin/]: MixinPlatformAgentMinecraftForge rejected container SecureJarResource(betterdogs_dtn)
[07Jun2026 04:28:12.570] [main/DEBUG] [mixin/]: Instancing new MixinPlatformAgentDefault for SecureJarResource(betterdogs_dtn)
[07Jun2026 04:28:12.570] [main/DEBUG] [mixin/]: MixinPlatformAgentDefault accepted container SecureJarResource(betterdogs_dtn)
[07Jun2026 04:28:12.570] [main/DEBUG] [mixin/]: Processing prepare() for PlatformAgent[MixinPlatformAgentDefault:SecureJarResource(betterdogs_dtn)]
[07Jun2026 04:28:12.571] [main/DEBUG] [mixin/]: Adding mixin platform agents for container SecureJarResource(mclib)
[07Jun2026 04:28:12.571] [main/DEBUG] [mixin/]: Instancing new MixinPlatformAgentMinecraftForge for SecureJarResource(mclib)
[07Jun2026 04:28:12.571] [main/DEBUG] [mixin/]: MixinPlatformAgentMinecraftForge rejected container SecureJarResource(mclib)
[07Jun2026 04:28:12.571] [main/DEBUG] [mixin/]: Instancing new MixinPlatformAgentDefault for SecureJarResource(mclib)
[07Jun2026 04:28:12.571] [main/DEBUG] [mixin/]: MixinPlatformAgentDefault accepted container SecureJarResource(mclib)
[07Jun2026 04:28:12.571] [main/DEBUG] [mixin/]: Processing prepare() for PlatformAgent[MixinPlatformAgentDefault:SecureJarResource(mclib)]
[07Jun2026 04:28:12.571] [main/DEBUG] [mixin/]: Adding mixin platform agents for container SecureJarResource(jankson)
[07Jun2026 04:28:12.571] [main/DEBUG] [mixin/]: Instancing new MixinPlatformAgentMinecraftForge for SecureJarResource(jankson)
[07Jun2026 04:28:12.571] [main/DEBUG] [mixin/]: MixinPlatformAgentMinecraftForge rejected container SecureJarResource(jankson)
[07Jun2026 04:28:12.571] [main/DEBUG] [mixin/]: Instancing new MixinPlatformAgentDefault for SecureJarResource(jankson)
[07Jun2026 04:28:12.571] [main/DEBUG] [mixin/]: MixinPlatformAgentDefault accepted container SecureJarResource(jankson)
[07Jun2026 04:28:12.571] [main/DEBUG] [mixin/]: Processing prepare() for PlatformAgent[MixinPlatformAgentDefault:SecureJarResource(jankson)]
[07Jun2026 04:28:12.571] [main/DEBUG] [mixin/]: Adding mixin platform agents for container SecureJarResource(MixinExtras)
[07Jun2026 04:28:12.571] [main/DEBUG] [mixin/]: Instancing new MixinPlatformAgentMinecraftForge for SecureJarResource(MixinExtras)
[07Jun2026 04:28:12.572] [main/DEBUG] [mixin/]: MixinPlatformAgentMinecraftForge rejected container SecureJarResource(MixinExtras)
[07Jun2026 04:28:12.572] [main/DEBUG] [mixin/]: Instancing new MixinPlatformAgentDefault for SecureJarResource(MixinExtras)
[07Jun2026 04:28:12.572] [main/DEBUG] [mixin/]: MixinPlatformAgentDefault accepted container SecureJarResource(MixinExtras)
[07Jun2026 04:28:12.572] [main/DEBUG] [mixin/]: Processing prepare() for PlatformAgent[MixinPlatformAgentDefault:SecureJarResource(MixinExtras)]
[07Jun2026 04:28:12.572] [main/DEBUG] [mixin/]: inject() running with 33 agents
[07Jun2026 04:28:12.572] [main/DEBUG] [mixin/]: Processing inject() for PlatformAgent[MixinPlatformAgentDefault:ModLauncher Root Container(ModLauncher:4f56a0a2)]
[07Jun2026 04:28:12.572] [main/DEBUG] [mixin/]: Processing inject() for PlatformAgent[MixinPlatformAgentDefault:SecureJarResource(minecraft)]
[07Jun2026 04:28:12.572] [main/DEBUG] [mixin/]: Processing inject() for PlatformAgent[MixinPlatformAgentDefault:SecureJarResource(farmersdelight)]
[07Jun2026 04:28:12.572] [main/DEBUG] [mixin/]: Processing inject() for PlatformAgent[MixinPlatformAgentDefault:SecureJarResource(tameablebeasts)]
[07Jun2026 04:28:12.572] [main/DEBUG] [mixin/]: Processing inject() for PlatformAgent[MixinPlatformAgentDefault:SecureJarResource(cute_companions_ducks)]
[07Jun2026 04:28:12.572] [main/DEBUG] [mixin/]: Processing inject() for PlatformAgent[MixinPlatformAgentDefault:SecureJarResource(explorify)]
[07Jun2026 04:28:12.572] [main/DEBUG] [mixin/]: Processing inject() for PlatformAgent[MixinPlatformAgentDefault:SecureJarResource(geckolib)]
[07Jun2026 04:28:12.572] [main/DEBUG] [mixin/]: Processing inject() for PlatformAgent[MixinPlatformAgentDefault:SecureJarResource(cluttered)]
[07Jun2026 04:28:12.572] [main/DEBUG] [mixin/]: Processing inject() for PlatformAgent[MixinPlatformAgentDefault:SecureJarResource(faunify)]
[07Jun2026 04:28:12.573] [main/DEBUG] [mixin/]: Processing inject() for PlatformAgent[MixinPlatformAgentDefault:SecureJarResource(xaerolib)]
[07Jun2026 04:28:12.573] [main/DEBUG] [mixin/]: Processing inject() for PlatformAgent[MixinPlatformAgentDefault:SecureJarResource(doggytalents)]
[07Jun2026 04:28:12.573] [main/DEBUG] [mixin/]: Processing inject() for PlatformAgent[MixinPlatformAgentDefault:SecureJarResource(shroom_dealers)]
[07Jun2026 04:28:12.573] [main/DEBUG] [mixin/]: Processing inject() for PlatformAgent[MixinPlatformAgentDefault:SecureJarResource(xaerominimap)]
[07Jun2026 04:28:12.573] [main/DEBUG] [mixin/]: Processing inject() for PlatformAgent[MixinPlatformAgentDefault:SecureJarResource(breadcraft)]
[07Jun2026 04:28:12.573] [main/DEBUG] [mixin/]: Processing inject() for PlatformAgent[MixinPlatformAgentDefault:SecureJarResource(citadel)]
[07Jun2026 04:28:12.573] [main/DEBUG] [mixin/]: Processing inject() for PlatformAgent[MixinPlatformAgentDefault:SecureJarResource(alexsmobs)]
[07Jun2026 04:28:12.573] [main/DEBUG] [mixin/]: Processing inject() for PlatformAgent[MixinPlatformAgentDefault:SecureJarResource(mixinextras)]
[07Jun2026 04:28:12.573] [main/DEBUG] [mixin/]: Processing inject() for PlatformAgent[MixinPlatformAgentDefault:SecureJarResource(architectury)]
[07Jun2026 04:28:12.574] [main/DEBUG] [mixin/]: Processing inject() for PlatformAgent[MixinPlatformAgentDefault:SecureJarResource(furnish)]
[07Jun2026 04:28:12.574] [main/DEBUG] [mixin/]: Processing inject() for PlatformAgent[MixinPlatformAgentDefault:SecureJarResource(meadow)]
[07Jun2026 04:28:12.574] [main/DEBUG] [mixin/]: Processing inject() for PlatformAgent[MixinPlatformAgentDefault:SecureJarResource(kawaiidishes)]
[07Jun2026 04:28:12.574] [main/DEBUG] [mixin/]: Processing inject() for PlatformAgent[MixinPlatformAgentDefault:SecureJarResource(terralith)]
[07Jun2026 04:28:12.574] [main/DEBUG] [mixin/]: Processing inject() for PlatformAgent[MixinPlatformAgentDefault:SecureJarResource(placeable_food)]
[07Jun2026 04:28:12.574] [main/DEBUG] [mixin/]: Processing inject() for PlatformAgent[MixinPlatformAgentDefault:SecureJarResource(forge)]
[07Jun2026 04:28:12.574] [main/DEBUG] [mixin/]: Processing inject() for PlatformAgent[MixinPlatformAgentDefault:SecureJarResource(t_and_t)]
[07Jun2026 04:28:12.574] [main/DEBUG] [mixin/]: Processing inject() for PlatformAgent[MixinPlatformAgentDefault:SecureJarResource(farm_and_charm)]
[07Jun2026 04:28:12.574] [main/DEBUG] [mixin/]: Processing inject() for PlatformAgent[MixinPlatformAgentDefault:SecureJarResource(bakery)]
[07Jun2026 04:28:12.574] [main/DEBUG] [mixin/]: Processing inject() for PlatformAgent[MixinPlatformAgentDefault:SecureJarResource(friendsandfoes)]
[07Jun2026 04:28:12.574] [main/DEBUG] [mixin/]: Processing inject() for PlatformAgent[MixinPlatformAgentDefault:SecureJarResource(cristellib)]
[07Jun2026 04:28:12.574] [main/DEBUG] [mixin/]: Processing inject() for PlatformAgent[MixinPlatformAgentDefault:SecureJarResource(betterdogs_dtn)]
[07Jun2026 04:28:12.574] [main/DEBUG] [mixin/]: Processing inject() for PlatformAgent[MixinPlatformAgentDefault:SecureJarResource(mclib)]
[07Jun2026 04:28:12.574] [main/DEBUG] [mixin/]: Processing inject() for PlatformAgent[MixinPlatformAgentDefault:SecureJarResource(jankson)]
[07Jun2026 04:28:12.575] [main/DEBUG] [mixin/]: Processing inject() for PlatformAgent[MixinPlatformAgentDefault:SecureJarResource(MixinExtras)]
[07Jun2026 04:28:12.575] [main/INFO] [cpw.mods.modlauncher.LaunchServiceHandler/MODLAUNCHER]: Launching target 'forgeserver' with arguments [nogui]
[07Jun2026 04:28:12.637] [main/DEBUG] [mixin/]: Error cleaning class output directory: .mixin.out
[07Jun2026 04:28:12.639] [main/DEBUG] [mixin/]: Preparing mixins for MixinEnvironment[DEFAULT]
[07Jun2026 04:28:12.639] [main/DEBUG] [mixin/]: Selecting config farmersdelight.mixins.json
[07Jun2026 04:28:12.647] [main/DEBUG] [mixin/]: Selecting config tameablebeasts.mixins.json
[07Jun2026 04:28:12.650] [main/DEBUG] [mixin/]: Selecting config geckolib.mixins.json
[07Jun2026 04:28:12.652] [main/DEBUG] [mixin/]: Selecting config faunify.mixins.json
[07Jun2026 04:28:12.654] [main/DEBUG] [mixin/]: Selecting config xaerolib.mixins.json
[07Jun2026 04:28:12.664] [main/DEBUG] [mixin/]: Selecting config xaerolib.forge.mixins.json
[07Jun2026 04:28:12.667] [main/DEBUG] [mixin/]: Selecting config doggytalents.mixins.json
[07Jun2026 04:28:12.669] [main/DEBUG] [mixin/]: Selecting config doggytalents.forge_mixins.json
[07Jun2026 04:28:12.670] [main/DEBUG] [mixin/]: Selecting config xaerohud.mixins.json
[07Jun2026 04:28:12.671] [main/DEBUG] [mixin/]: Selecting config xaerohud.forge.mixins.json
[07Jun2026 04:28:12.673] [main/DEBUG] [mixin/]: Selecting config xaerominimap.mixins.json
[07Jun2026 04:28:12.674] [main/DEBUG] [mixin/]: Selecting config xaerominimap.forge.mixins.json
[07Jun2026 04:28:12.675] [main/DEBUG] [mixin/]: Selecting config citadel.mixins.json
[07Jun2026 04:28:12.677] [main/DEBUG] [mixin/]: Selecting config mixinextras.init.mixins.json
[07Jun2026 04:28:12.789] [main/DEBUG] [MixinExtras|Service/]: com.llamalad7.mixinextras.service.MixinExtrasServiceImpl(version=0.3.6) is taking over from null
[07Jun2026 04:28:12.826] [main/DEBUG] [mixin/]: Registering new injector for @Inject with org.spongepowered.asm.mixin.injection.struct.CallbackInjectionInfo
[07Jun2026 04:28:12.827] [main/DEBUG] [mixin/]: Registering new injector for @ModifyArg with org.spongepowered.asm.mixin.injection.struct.ModifyArgInjectionInfo
[07Jun2026 04:28:12.828] [main/DEBUG] [mixin/]: Registering new injector for @ModifyArgs with org.spongepowered.asm.mixin.injection.struct.ModifyArgsInjectionInfo
[07Jun2026 04:28:12.830] [main/DEBUG] [mixin/]: Registering new injector for @Redirect with org.spongepowered.asm.mixin.injection.struct.RedirectInjectionInfo
[07Jun2026 04:28:12.832] [main/DEBUG] [mixin/]: Registering new injector for @ModifyVariable with org.spongepowered.asm.mixin.injection.struct.ModifyVariableInjectionInfo
[07Jun2026 04:28:12.833] [main/DEBUG] [mixin/]: Registering new injector for @ModifyConstant with org.spongepowered.asm.mixin.injection.struct.ModifyConstantInjectionInfo
[07Jun2026 04:28:12.846] [main/DEBUG] [mixin/]: Selecting config architectury.mixins.json
[07Jun2026 04:28:12.850] [main/DEBUG] [mixin/]: Selecting config architectury-common.mixins.json
[07Jun2026 04:28:12.851] [main/DEBUG] [mixin/]: Selecting config meadow-common.mixins.json
[07Jun2026 04:28:12.852] [main/DEBUG] [mixin/]: Selecting config meadow.mixins.json
[07Jun2026 04:28:12.853] [main/DEBUG] [mixin/]: Selecting config KawaiiDishes.mixins.json
[07Jun2026 04:28:12.853] [main/DEBUG] [mixin/]: Selecting config FarmAndCharm-common.mixins.json
[07Jun2026 04:28:12.855] [main/DEBUG] [mixin/]: Selecting config FarmAndCharm.mixins.json
[07Jun2026 04:28:12.856] [main/DEBUG] [mixin/]: Selecting config bakery-common.mixins.json
[07Jun2026 04:28:12.857] [main/DEBUG] [mixin/]: Selecting config friendsandfoes-common.mixins.json
[07Jun2026 04:28:12.863] [main/DEBUG] [mixin/]: Selecting config friendsandfoes-forge.mixins.json
[07Jun2026 04:28:12.864] [main/DEBUG] [mixin/]: Selecting config cristellib-common.mixins.json
[07Jun2026 04:28:12.866] [main/DEBUG] [mixin/]: Selecting config cristellib.mixins.json
[07Jun2026 04:28:12.867] [main/WARN] [mixin/]: Reference map 'cristellib-forge-refmap.json' for cristellib.mixins.json could not be read. If this is a development environment you can ignore this message
[07Jun2026 04:28:12.868] [main/DEBUG] [mixin/]: Preparing farmersdelight.mixins.json (14)
[07Jun2026 04:28:12.943] [main/DEBUG] [mixin/]: Preparing tameablebeasts.mixins.json (4)
[07Jun2026 04:28:12.948] [main/DEBUG] [mixin/]: Preparing geckolib.mixins.json (1)
[07Jun2026 04:28:12.948] [main/DEBUG] [mixin/]: Preparing faunify.mixins.json (5)
[07Jun2026 04:28:12.966] [main/DEBUG] [mixin/]: Preparing xaerolib.mixins.json (5)
[07Jun2026 04:28:12.991] [main/DEBUG] [mixin/]: Preparing xaerolib.forge.mixins.json (0)
[07Jun2026 04:28:12.991] [main/DEBUG] [mixin/]: Preparing doggytalents.mixins.json (17)
[07Jun2026 04:28:13.030] [main/DEBUG] [mixin/]: Preparing doggytalents.forge_mixins.json (1)
[07Jun2026 04:28:13.030] [main/DEBUG] [mixin/]: Preparing xaerohud.mixins.json (21)
[07Jun2026 04:28:13.048] [main/DEBUG] [mixin/]: Preparing xaerohud.forge.mixins.json (0)
[07Jun2026 04:28:13.048] [main/DEBUG] [mixin/]: Preparing xaerominimap.mixins.json (0)
[07Jun2026 04:28:13.048] [main/DEBUG] [mixin/]: Preparing xaerominimap.forge.mixins.json (0)
[07Jun2026 04:28:13.048] [main/DEBUG] [mixin/]: Preparing citadel.mixins.json (16)
[07Jun2026 04:28:13.119] [main/DEBUG] [mixin/]: Preparing mixinextras.init.mixins.json (0)
[07Jun2026 04:28:13.119] [main/DEBUG] [mixin/]: Preparing architectury.mixins.json (9)
[07Jun2026 04:28:13.132] [main/DEBUG] [mixin/]: Preparing architectury-common.mixins.json (10)
[07Jun2026 04:28:13.145] [main/DEBUG] [net.minecraftforge.coremod.transformer.CoreModBaseTransformer/COREMOD]: Transforming net/minecraft/world/item/BucketItem
[07Jun2026 04:28:13.159] [main/DEBUG] [net.minecraftforge.coremod.transformer.CoreModBaseTransformer/COREMOD]: Transforming net/minecraft/world/entity/EntityType
[07Jun2026 04:28:13.397] [main/DEBUG] [net.minecraftforge.coremod.transformer.CoreModBaseTransformer/COREMOD]: Transforming net/minecraft/world/level/block/LiquidBlock
[07Jun2026 04:28:13.408] [main/DEBUG] [mixin/]: Preparing meadow-common.mixins.json (6)
[07Jun2026 04:28:13.438] [main/DEBUG] [mixin/]: Preparing meadow.mixins.json (4)
[07Jun2026 04:28:13.444] [main/DEBUG] [mixin/]: Preparing KawaiiDishes.mixins.json (4)
[07Jun2026 04:28:13.444] [main/DEBUG] [mixin/]: Preparing FarmAndCharm-common.mixins.json (20)
[07Jun2026 04:28:13.483] [main/DEBUG] [net.minecraftforge.coremod.transformer.CoreModBaseTransformer/COREMOD]: Transforming net/minecraft/world/entity/monster/Zombie
[07Jun2026 04:28:13.626] [main/DEBUG] [mixin/]: Preparing FarmAndCharm.mixins.json (1)
[07Jun2026 04:28:13.628] [main/DEBUG] [mixin/]: Preparing bakery-common.mixins.json (1)
[07Jun2026 04:28:13.630] [main/DEBUG] [mixin/]: Preparing friendsandfoes-common.mixins.json (47)
[07Jun2026 04:28:13.690] [main/DEBUG] [net.minecraftforge.coremod.transformer.CoreModBaseTransformer/COREMOD]: Transforming net/minecraft/world/level/levelgen/PatrolSpawner
[07Jun2026 04:28:13.714] [main/DEBUG] [net.minecraftforge.coremod.transformer.CoreModBaseTransformer/COREMOD]: Transforming net/minecraft/world/entity/raid/Raid
[07Jun2026 04:28:13.834] [main/DEBUG] [mixin/]: Preparing friendsandfoes-forge.mixins.json (1)
[07Jun2026 04:28:13.839] [main/DEBUG] [mixin/]: Preparing cristellib-common.mixins.json (1)
[07Jun2026 04:28:13.844] [main/DEBUG] [mixin/]: Preparing cristellib.mixins.json (0)
[07Jun2026 04:28:13.880] [main/DEBUG] [mixin/]: Inner class net/satisfy/meadow/forge/core/mixin/BootsItemMixin$1 in net/satisfy/meadow/forge/core/mixin/BootsItemMixin on net/satisfy/meadow/core/item/FurBootsItem gets unique name net/satisfy/meadow/core/item/FurBootsItem$Anonymous$3ee1825cd77b42f79850819922bc148d
[07Jun2026 04:28:13.880] [main/DEBUG] [mixin/]: Inner class net/satisfy/meadow/forge/core/mixin/ChestplateItemMixin$1 in net/satisfy/meadow/forge/core/mixin/ChestplateItemMixin on net/satisfy/meadow/core/item/FurChestItem gets unique name net/satisfy/meadow/core/item/FurChestItem$Anonymous$aac57b15771f47e9bacb72f9965c71c6
[07Jun2026 04:28:13.881] [main/DEBUG] [mixin/]: Inner class net/satisfy/meadow/forge/core/mixin/HelmetItemMixin$1 in net/satisfy/meadow/forge/core/mixin/HelmetItemMixin on net/satisfy/meadow/core/item/FurHelmetItem gets unique name net/satisfy/meadow/core/item/FurHelmetItem$Anonymous$ce2f330ce246409d963b5ae787d0c24c
[07Jun2026 04:28:13.881] [main/DEBUG] [mixin/]: Inner class net/satisfy/meadow/forge/core/mixin/LeggingsItemMixin$1 in net/satisfy/meadow/forge/core/mixin/LeggingsItemMixin on net/satisfy/meadow/core/item/FurLegsItem gets unique name net/satisfy/meadow/core/item/FurLegsItem$Anonymous$eceb1516a9fb40768a7ce0970c1afb78
[07Jun2026 04:28:13.891] [main/DEBUG] [mixin/]: Inner class net/satisfy/farm_and_charm/forge/mixin/LeggingsItemMixin$1 in net/satisfy/farm_and_charm/forge/mixin/LeggingsItemMixin on net/satisfy/farm_and_charm/core/item/DungareesItem gets unique name net/satisfy/farm_and_charm/core/item/DungareesItem$Anonymous$226d88c83c674069821b2007f65a56e8
[07Jun2026 04:28:13.911] [main/DEBUG] [mixin/]: Inner class com/faboslav/friendsandfoes/common/mixin/LightningRodBlockMixin$1 in com/faboslav/friendsandfoes/common/mixin/LightningRodBlockMixin on net/minecraft/world/level/block/LightningRodBlock gets unique name net/minecraft/world/level/block/LightningRodBlock$Anonymous$5a50891028bd4e6a9c413e31add1aff0
[07Jun2026 04:28:13.921] [main/DEBUG] [mixin/]: Prepared 127 mixins in 1.281 sec (10.1ms avg) (0ms load, 0ms transform, 0ms plugin)
[07Jun2026 04:28:13.937] [main/INFO] [MixinExtras|Service/]: Initializing MixinExtras via com.llamalad7.mixinextras.service.MixinExtrasServiceImpl(version=0.3.6).
[07Jun2026 04:28:13.940] [main/DEBUG] [mixin/]: Registering new injector for @SugarWrapper with com.llamalad7.mixinextras.sugar.impl.SugarWrapperInjectionInfo
[07Jun2026 04:28:13.941] [main/DEBUG] [mixin/]: Registering new injector for @FactoryRedirectWrapper with com.llamalad7.mixinextras.wrapper.factory.FactoryRedirectWrapperInjectionInfo
[07Jun2026 04:28:13.947] [main/DEBUG] [mixin/]: Mixing MixinMinecraftServer from xaerohud.mixins.json into net.minecraft.server.MinecraftServer
[07Jun2026 04:28:13.959] [main/DEBUG] [mixin/]: Mixing MinecraftServerMixin from citadel.mixins.json into net.minecraft.server.MinecraftServer
[07Jun2026 04:28:14.075] [main/DEBUG] [io.netty.util.internal.logging.InternalLoggerFactory/]: Using SLF4J as the default logging framework
[07Jun2026 04:28:14.077] [main/DEBUG] [io.netty.util.ResourceLeakDetector/]: -Dio.netty.leakDetection.level: simple
[07Jun2026 04:28:14.078] [main/DEBUG] [io.netty.util.ResourceLeakDetector/]: -Dio.netty.leakDetection.targetRecords: 4
[07Jun2026 04:28:14.279] [main/DEBUG] [oshi.util.FileUtil/]: No oshi.properties file found from ClassLoader cpw.mods.modlauncher.TransformingClassLoader@4b960b5b
[07Jun2026 04:28:14.279] [main/DEBUG] [oshi.util.FileUtil/]: No oshi.properties file found from ClassLoader jdk.internal.loader.ClassLoaders$AppClassLoader@76ed5528
[07Jun2026 04:28:14.345] [main/DEBUG] [oshi.util.FileUtil/]: Reading file /proc/self/auxv
[07Jun2026 04:28:14.345] [main/DEBUG] [oshi.util.FileUtil/]: Reading file /proc/self/auxv
[07Jun2026 04:28:14.360] [main/DEBUG] [oshi.util.FileUtil/]: Reading file /proc/stat
[07Jun2026 04:28:14.373] [main/DEBUG] [oshi.util.FileUtil/]: Reading file /sys/devices/system/cpu/cpu0/topology/core_id
[07Jun2026 04:28:14.373] [main/DEBUG] [oshi.util.FileUtil/]: Reading file /sys/devices/system/cpu/cpu0/topology/core_id
[07Jun2026 04:28:14.373] [main/DEBUG] [oshi.util.FileUtil/]: Reading file /sys/devices/system/cpu/cpu0/topology/physical_package_id
[07Jun2026 04:28:14.373] [main/DEBUG] [oshi.util.FileUtil/]: Reading file /sys/devices/system/cpu/cpu0/topology/physical_package_id
[07Jun2026 04:28:14.373] [main/DEBUG] [oshi.util.FileUtil/]: Reading file /sys/devices/system/cpu/cpu0/cpu_capacity
[07Jun2026 04:28:14.375] [main/DEBUG] [oshi.util.FileUtil/]: Reading file /sys/devices/system/cpu/cpu1/topology/core_id
[07Jun2026 04:28:14.375] [main/DEBUG] [oshi.util.FileUtil/]: Reading file /sys/devices/system/cpu/cpu1/topology/core_id
[07Jun2026 04:28:14.376] [main/DEBUG] [oshi.util.FileUtil/]: Reading file /sys/devices/system/cpu/cpu1/topology/physical_package_id
[07Jun2026 04:28:14.376] [main/DEBUG] [oshi.util.FileUtil/]: Reading file /sys/devices/system/cpu/cpu1/topology/physical_package_id
[07Jun2026 04:28:14.376] [main/DEBUG] [oshi.util.FileUtil/]: Reading file /sys/devices/system/cpu/cpu1/cpu_capacity
[07Jun2026 04:28:14.376] [main/DEBUG] [oshi.util.FileUtil/]: Reading file /sys/devices/system/cpu/cpu2/topology/core_id
[07Jun2026 04:28:14.376] [main/DEBUG] [oshi.util.FileUtil/]: Reading file /sys/devices/system/cpu/cpu2/topology/core_id
[07Jun2026 04:28:14.378] [main/DEBUG] [oshi.util.FileUtil/]: Reading file /sys/devices/system/cpu/cpu2/topology/physical_package_id
[07Jun2026 04:28:14.378] [main/DEBUG] [oshi.util.FileUtil/]: Reading file /sys/devices/system/cpu/cpu2/topology/physical_package_id
[07Jun2026 04:28:14.378] [main/DEBUG] [oshi.util.FileUtil/]: Reading file /sys/devices/system/cpu/cpu2/cpu_capacity
[07Jun2026 04:28:14.379] [main/DEBUG] [oshi.util.FileUtil/]: Reading file /sys/devices/system/cpu/cpu3/topology/core_id
[07Jun2026 04:28:14.379] [main/DEBUG] [oshi.util.FileUtil/]: Reading file /sys/devices/system/cpu/cpu3/topology/core_id
[07Jun2026 04:28:14.379] [main/DEBUG] [oshi.util.FileUtil/]: Reading file /sys/devices/system/cpu/cpu3/topology/physical_package_id
[07Jun2026 04:28:14.380] [main/DEBUG] [oshi.util.FileUtil/]: Reading file /sys/devices/system/cpu/cpu3/topology/physical_package_id
[07Jun2026 04:28:14.380] [main/DEBUG] [oshi.util.FileUtil/]: Reading file /sys/devices/system/cpu/cpu3/cpu_capacity
[07Jun2026 04:28:14.385] [main/DEBUG] [oshi.util.FileUtil/]: Reading file /proc/cpuinfo
[07Jun2026 04:28:14.416] [main/DEBUG] [oshi.util.FileUtil/]: Reading file /proc/self/auxv
[07Jun2026 04:28:14.418] [main/DEBUG] [oshi.util.FileUtil/]: No oshi.architecture.properties file found from ClassLoader cpw.mods.modlauncher.TransformingClassLoader@4b960b5b
[07Jun2026 04:28:14.421] [main/DEBUG] [oshi.util.FileUtil/]: No oshi.architecture.properties file found from ClassLoader jdk.internal.loader.ClassLoaders$AppClassLoader@76ed5528
[07Jun2026 04:28:14.454] [main/DEBUG] [oshi.util.FileUtil/]: Reading file /proc/meminfo
[07Jun2026 04:28:14.455] [main/DEBUG] [oshi.util.FileUtil/]: Reading file /proc/meminfo
[07Jun2026 04:28:14.558] [main/DEBUG] [mixin/]: Mixing inject.MixinGameEvent from architectury-common.mixins.json into net.minecraft.world.level.gameevent.GameEvent
[07Jun2026 04:28:14.603] [main/DEBUG] [mixin/]: Mixing inject.MixinBlock from architectury-common.mixins.json into net.minecraft.world.level.block.Block
[07Jun2026 04:28:14.603] [main/DEBUG] [mixin/]: Mixing LightningRodBlockBlockMixin from friendsandfoes-common.mixins.json into net.minecraft.world.level.block.Block
[07Jun2026 04:28:14.624] [main/DEBUG] [mixin/]: Mixing LightningRodAbstractBlockMixin from friendsandfoes-common.mixins.json into net.minecraft.world.level.block.state.BlockBehaviour
[07Jun2026 04:28:14.654] [main/DEBUG] [mixin/]: Mixing EntityMixin from doggytalents.mixins.json into net.minecraft.world.entity.Entity
[07Jun2026 04:28:14.714] [main/DEBUG] [mixin/]: Mixing LivingEntityMixin from citadel.mixins.json into net.minecraft.world.entity.LivingEntity
[07Jun2026 04:28:14.725] [main/DEBUG] [mixin/]: Mixing LivingEntityMixin from FarmAndCharm-common.mixins.json into net.minecraft.world.entity.LivingEntity
[07Jun2026 04:28:14.730] [main/DEBUG] [mixin/]: Mixing BlazeLivingEntityMixin from friendsandfoes-common.mixins.json into net.minecraft.world.entity.LivingEntity
[07Jun2026 04:28:14.731] [main/DEBUG] [mixin/]: Mixing LivingEntityMixin from friendsandfoes-common.mixins.json into net.minecraft.world.entity.LivingEntity
[07Jun2026 04:28:14.734] [main/DEBUG] [net.minecraftforge.coremod.transformer.CoreModBaseTransformer/COREMOD]: Transforming net/minecraft/world/item/ItemStack
[07Jun2026 04:28:14.924] [main/DEBUG] [mixin/]: Mixing LevelMixin from citadel.mixins.json into net.minecraft.world.level.Level
[07Jun2026 04:28:14.968] [main/DEBUG] [mixin/]: Mixing ServerLevelMixin from citadel.mixins.json into net.minecraft.server.level.ServerLevel
[07Jun2026 04:28:14.972] [main/DEBUG] [mixin/]: Mixing ServerWorldAccessor from friendsandfoes-common.mixins.json into net.minecraft.server.level.ServerLevel
[07Jun2026 04:28:14.976] [main/DEBUG] [mixin/]: Mixing ServerWorldMixin from friendsandfoes-common.mixins.json into net.minecraft.server.level.ServerLevel
[07Jun2026 04:28:14.979] [main/DEBUG] [mixin/]: Renaming synthetic method lambda$friendsandfoes_getLightningRodPos$2(Lnet/minecraft/core/BlockPos;)Lnet/minecraft/core/BlockPos; to md2b6b8e$lambda$friendsandfoes_getLightningRodPos$2$0 in friendsandfoes-common.mixins.json:ServerWorldMixin
[07Jun2026 04:28:14.981] [main/DEBUG] [mixin/]: Renaming synthetic method lambda$friendsandfoes_getLightningRodPos$1(Lnet/minecraft/core/BlockPos;)Z to md2b6b8e$lambda$friendsandfoes_getLightningRodPos$1$1 in friendsandfoes-common.mixins.json:ServerWorldMixin
[07Jun2026 04:28:14.982] [main/DEBUG] [mixin/]: Renaming synthetic method lambda$friendsandfoes_getLightningRodPos$0(Lnet/minecraft/core/Holder;)Z to md2b6b8e$lambda$friendsandfoes_getLightningRodPos$0$2 in friendsandfoes-common.mixins.json:ServerWorldMixin
[07Jun2026 04:28:15.079] [main/DEBUG] [mixin/]: Mixing NourishmentAlwaysEatMixin from farmersdelight.mixins.json into net.minecraft.world.entity.player.Player
[07Jun2026 04:28:15.084] [main/DEBUG] [mixin/]: Mixing PlayerEntityMixin from friendsandfoes-common.mixins.json into net.minecraft.world.entity.player.Player
[07Jun2026 04:28:15.093] [main/DEBUG] [net.minecraftforge.coremod.transformer.CoreModBaseTransformer/COREMOD]: Transforming net/minecraft/world/effect/MobEffectInstance
[07Jun2026 04:28:15.228] [main/DEBUG] [mixin/]: Mixing inject.MixinFluid from architectury-common.mixins.json into net.minecraft.world.level.material.Fluid
[07Jun2026 04:28:15.234] [main/DEBUG] [mixin/]: Mixing PlacePumpkinPieMixin from farmersdelight.mixins.json into net.minecraft.world.item.Item
[07Jun2026 04:28:15.251] [main/DEBUG] [mixin/]: Mixing inject.MixinItem from architectury-common.mixins.json into net.minecraft.world.item.Item
[07Jun2026 04:28:15.288] [main/DEBUG] [net.minecraftforge.coremod.transformer.CoreModBaseTransformer/COREMOD]: Transforming net/minecraft/world/entity/EntityType
[07Jun2026 04:28:15.366] [main/DEBUG] [mixin/]: Mixing inject.MixinEntityType from architectury-common.mixins.json into net.minecraft.world.entity.EntityType
[07Jun2026 04:28:15.429] [main/DEBUG] [mixin/]: Mixing PointOfInterestTypesMixin from friendsandfoes-common.mixins.json into net.minecraft.world.entity.ai.village.poi.PoiTypes
[07Jun2026 04:28:15.525] [main/DEBUG] [mixin/]: Mixing KeepRichSoilGiantTreeMixin from farmersdelight.mixins.json into net.minecraft.world.level.levelgen.feature.Feature
[07Jun2026 04:28:15.525] [main/DEBUG] [mixin/]: Renaming synthetic method lambda$keepRichSoil$0(Lnet/minecraft/world/level/block/state/BlockState;)Z to md2b6b8e$lambda$keepRichSoil$0$0 in farmersdelight.mixins.json:KeepRichSoilGiantTreeMixin
[07Jun2026 04:28:15.581] [main/DEBUG] [mixin/]: Mixing FireBlockAccessor from friendsandfoes-forge.mixins.json into net.minecraft.world.level.block.FireBlock
[07Jun2026 04:28:15.798] [main/DEBUG] [net.minecraftforge.coremod.transformer.CoreModBaseTransformer/COREMOD]: Transforming net/minecraft/world/level/block/LiquidBlock
[07Jun2026 04:28:15.798] [main/DEBUG] [mixin/]: Mixing inject.MixinLiquidBlock from architectury-common.mixins.json into net.minecraft.world.level.block.LiquidBlock
[07Jun2026 04:28:15.817] [main/DEBUG] [mixin/]: Mixing CuttingBoardDispenserMixin from farmersdelight.mixins.json into net.minecraft.world.level.block.DispenserBlock
[07Jun2026 04:28:15.851] [main/DEBUG] [net.minecraftforge.coremod.transformer.CoreModBaseTransformer/COREMOD]: Transforming net/minecraft/world/level/block/StairBlock
[07Jun2026 04:28:15.865] [main/DEBUG] [mixin/]: Mixing CropBlockMixin from FarmAndCharm-common.mixins.json into net.minecraft.world.level.block.CropBlock
[07Jun2026 04:28:15.889] [main/DEBUG] [mixin/]: Mixing KeepRichSoilUntrampledMixin from farmersdelight.mixins.json into net.minecraft.world.level.block.FarmBlock
[07Jun2026 04:28:15.890] [main/DEBUG] [mixin/]: Mixing FarmlandBlockMixin from FarmAndCharm-common.mixins.json into net.minecraft.world.level.block.FarmBlock
[07Jun2026 04:28:15.928] [main/DEBUG] [mixin/]: Mixing RopeFenceConnectionMixin from farmersdelight.mixins.json into net.minecraft.world.level.block.FenceBlock
[07Jun2026 04:28:15.944] [main/DEBUG] [mixin/]: Mixing NetherPortalBlockMixin from meadow-common.mixins.json into net.minecraft.world.level.block.NetherPortalBlock
[07Jun2026 04:28:15.975] [main/DEBUG] [mixin/]: Mixing CarvedPumpkinBlockMixin from friendsandfoes-common.mixins.json into net.minecraft.world.level.block.CarvedPumpkinBlock
[07Jun2026 04:28:15.977] [main/DEBUG] [mixin/]: Renaming synthetic method lambda$static$1(Lnet/minecraft/world/level/block/state/BlockState;)Z to md2b6b8e$lambda$static$1$0 in friendsandfoes-common.mixins.json:CarvedPumpkinBlockMixin
[07Jun2026 04:28:15.977] [main/DEBUG] [mixin/]: Renaming synthetic method lambda$static$0(Lnet/minecraft/world/level/block/state/BlockState;)Z to md2b6b8e$lambda$static$0$1 in friendsandfoes-common.mixins.json:CarvedPumpkinBlockMixin
[07Jun2026 04:28:16.061] [main/DEBUG] [mixin/]: Mixing FluidDecrementMixin from meadow-common.mixins.json into net.minecraft.world.level.block.LayeredCauldronBlock
[07Jun2026 04:28:16.101] [main/DEBUG] [net.minecraftforge.coremod.transformer.CoreModBaseTransformer/COREMOD]: Transforming net/minecraft/world/level/block/FlowerPotBlock
[07Jun2026 04:28:16.172] [main/DEBUG] [mixin/]: Mixing CampfireBaleMixin from farmersdelight.mixins.json into net.minecraft.world.level.block.CampfireBlock
[07Jun2026 04:28:16.173] [main/DEBUG] [mixin/]: Mixing CampfireBlockMixin from FarmAndCharm-common.mixins.json into net.minecraft.world.level.block.CampfireBlock
[07Jun2026 04:28:16.231] [main/DEBUG] [mixin/]: Mixing LightningRodBlockMixin from friendsandfoes-common.mixins.json into net.minecraft.world.level.block.LightningRodBlock
[07Jun2026 04:28:16.278] [main/DEBUG] [mixin/]: Mixing LightningRodBlockOxidizableMixin from friendsandfoes-common.mixins.json into net.minecraft.world.level.block.LightningRodBlock
[07Jun2026 04:28:16.278] [main/DEBUG] [mixin/]: Renaming synthetic method lambda$getDegradationResult$0(Lnet/minecraft/world/level/block/state/BlockState;Lnet/minecraft/world/level/block/Block;)Lnet/minecraft/world/level/block/state/BlockState; to md2b6b8e$lambda$getDegradationResult$0$0 in friendsandfoes-common.mixins.json:LightningRodBlockOxidizableMixin
[07Jun2026 04:28:16.280] [main/DEBUG] [mixin/]: Mixing LightningRodBlockDegradableMixin from friendsandfoes-common.mixins.json into net.minecraft.world.level.block.LightningRodBlock
[07Jun2026 04:28:16.462] [main/DEBUG] [mixin/]: Mixing MixinFallingBlockEntity from architectury.mixins.json into net.minecraft.world.entity.item.FallingBlockEntity
[07Jun2026 04:28:16.787] [main/DEBUG] [mixin/]: Mixing KeepRichSoilTreeMixin from farmersdelight.mixins.json into net.minecraft.world.level.levelgen.feature.trunkplacers.TrunkPlacer
[07Jun2026 04:28:16.787] [main/DEBUG] [mixin/]: Renaming synthetic method lambda$cancelSetDirtIfRichSoil$0(Lnet/minecraft/world/level/block/state/BlockState;)Z to md2b6b8e$lambda$cancelSetDirtIfRichSoil$0$0 in farmersdelight.mixins.json:KeepRichSoilTreeMixin
[07Jun2026 04:28:17.170] [main/DEBUG] [mixin/]: Mixing ProjectileMixin from doggytalents.mixins.json into net.minecraft.world.entity.projectile.Projectile
[07Jun2026 04:28:17.201] [main/DEBUG] [mixin/]: Mixing MobVariantMixin from meadow-common.mixins.json into net.minecraft.world.entity.Mob
[07Jun2026 04:28:17.201] [main/DEBUG] [mixin/]: Mixing MobAccessor from FarmAndCharm-common.mixins.json into net.minecraft.world.entity.Mob
[07Jun2026 04:28:17.257] [main/DEBUG] [mixin/]: Mixing IllusionerHostileEntityMixin from friendsandfoes-common.mixins.json into net.minecraft.world.entity.monster.Monster
[07Jun2026 04:28:17.386] [main/DEBUG] [net.minecraftforge.coremod.transformer.CoreModBaseTransformer/COREMOD]: Transforming net/minecraft/world/item/ItemStack
[07Jun2026 04:28:17.749] [main/DEBUG] [mixin/]: Mixing AnimalEntityMixin from FarmAndCharm-common.mixins.json into net.minecraft.world.entity.animal.Animal
[07Jun2026 04:28:17.773] [main/DEBUG] [mixin/]: Mixing ZombieHorseAnimalEntityMixin from friendsandfoes-common.mixins.json into net.minecraft.world.entity.animal.Animal
[07Jun2026 04:28:18.195] [main/DEBUG] [mixin/]: Mixing SmithingMenuMixin from citadel.mixins.json into net.minecraft.world.inventory.SmithingMenu
[07Jun2026 04:28:18.480] [main/DEBUG] [mixin/]: Mixing MixinLightningBolt from architectury-common.mixins.json into net.minecraft.world.entity.LightningBolt
[07Jun2026 04:28:18.481] [main/DEBUG] [mixin/]: Mixing LightningEntityMixin from friendsandfoes-common.mixins.json into net.minecraft.world.entity.LightningBolt
[07Jun2026 04:28:18.482] [main/DEBUG] [mixin/]: Renaming synthetic method lambda$friendsandfoes$cleanOxidationAround$0(Lnet/minecraft/world/level/Level;Lnet/minecraft/core/BlockPos;Lnet/minecraft/world/level/block/state/BlockState;)V to md2b6b8e$lambda$friendsandfoes$cleanOxidationAround$0$0 in friendsandfoes-common.mixins.json:LightningEntityMixin
[07Jun2026 04:28:18.494] [main/DEBUG] [mixin/]: Generating mapped inner class net/minecraft/world/level/block/LightningRodBlock$Anonymous$5a50891028bd4e6a9c413e31add1aff0 (originally com/faboslav/friendsandfoes/common/mixin/LightningRodBlockMixin$1)
[07Jun2026 04:28:18.583] [main/DEBUG] [net.minecraftforge.coremod.transformer.CoreModBaseTransformer/COREMOD]: Transforming net/minecraft/world/entity/animal/frog/Tadpole
[07Jun2026 04:28:18.616] [main/DEBUG] [mixin/]: Mixing SoupItemMixin from farmersdelight.mixins.json into net.minecraft.world.item.BowlFoodItem
[07Jun2026 04:28:18.632] [main/DEBUG] [net.minecraftforge.coremod.transformer.CoreModBaseTransformer/COREMOD]: Transforming net/minecraft/world/item/BucketItem
[07Jun2026 04:28:18.633] [main/DEBUG] [mixin/]: Mixing inject.MixinBucketItem from architectury-common.mixins.json into net.minecraft.world.item.BucketItem
[07Jun2026 04:28:18.639] [main/DEBUG] [mixin/]: Mixing BundleItemAccessor from friendsandfoes-common.mixins.json into net.minecraft.world.item.BundleItem
[07Jun2026 04:28:18.639] [main/DEBUG] [mixin/]: Renaming @Invoker method callAddToBundle(Lnet/minecraft/world/item/ItemStack;Lnet/minecraft/world/item/ItemStack;)I to callAddToBundle_$md$2b6b8e$0 in friendsandfoes-common.mixins.json:BundleItemAccessor
[07Jun2026 04:28:18.650] [main/DEBUG] [mixin/]: Mixing SpawnEggItemAccessor from friendsandfoes-common.mixins.json into net.minecraft.world.item.SpawnEggItem
[07Jun2026 04:28:18.651] [main/DEBUG] [mixin/]: Renaming @Accessor method variantsandventures$getSpawnEggs()Ljava/util/Map; to variantsandventures$getSpawnEggs_$md$2b6b8e$0 in friendsandfoes-common.mixins.json:SpawnEggItemAccessor
[07Jun2026 04:28:18.669] [main/DEBUG] [mixin/]: Mixing BrushItemMixin from tameablebeasts.mixins.json into net.minecraft.world.item.BrushItem
[07Jun2026 04:28:18.695] [main/DEBUG] [mixin/]: Mixing inject.MixinItemProperties from architectury-common.mixins.json into net.minecraft.world.item.Item$Properties
[07Jun2026 04:28:19.379] [main/DEBUG] [mixin/]: Mixing BeeEntityAccessor from friendsandfoes-common.mixins.json into net.minecraft.world.entity.animal.Bee
[07Jun2026 04:28:19.380] [main/DEBUG] [mixin/]: Mixing BeeEntityMixin from friendsandfoes-common.mixins.json into net.minecraft.world.entity.animal.Bee
[07Jun2026 04:28:19.390] [main/DEBUG] [mixin/]: Mixing TemptGoalAccessor from FarmAndCharm-common.mixins.json into net.minecraft.world.entity.ai.goal.TemptGoal
[07Jun2026 04:28:19.391] [main/DEBUG] [mixin/]: Mixing TemptGoalMixin from friendsandfoes-common.mixins.json into net.minecraft.world.entity.ai.goal.TemptGoal
[07Jun2026 04:28:19.391] [main/DEBUG] [mixin/]: Renaming synthetic method lambda$friendsandfoes_canStartWithReturn$0(Lcom/faboslav/friendsandfoes/common/entity/TuffGolemEntity;)Z to md2b6b8e$lambda$friendsandfoes_canStartWithReturn$0$0 in friendsandfoes-common.mixins.json:TemptGoalMixin
[07Jun2026 04:28:19.407] [main/DEBUG] [mixin/]: Mixing BeeEntityMoveToHiveGoalMixin from friendsandfoes-common.mixins.json into net.minecraft.world.entity.animal.Bee$BeeGoToHiveGoal
[07Jun2026 04:28:19.409] [main/DEBUG] [mixin/]: Mixing BeeEntityMoveToFlowerGoalMixin from friendsandfoes-common.mixins.json into net.minecraft.world.entity.animal.Bee$BeeGoToKnownFlowerGoal
[07Jun2026 04:28:19.416] [main/DEBUG] [mixin/]: Mixing BlazeEntityMixin from friendsandfoes-common.mixins.json into net.minecraft.world.entity.monster.Blaze
[07Jun2026 04:28:19.436] [main/DEBUG] [mixin/]: Mixing AbstractHorseMixin from FarmAndCharm-common.mixins.json into net.minecraft.world.entity.animal.horse.AbstractHorse
[07Jun2026 04:28:19.438] [main/DEBUG] [mixin/]: Mixing ZombieHorseAbstractHorseEntityMixin from friendsandfoes-common.mixins.json into net.minecraft.world.entity.animal.horse.AbstractHorse
[07Jun2026 04:28:19.452] [main/DEBUG] [mixin/]: Mixing CatMixin from faunify.mixins.json into net.minecraft.world.entity.animal.Cat
[07Jun2026 04:28:19.454] [main/DEBUG] [mixin/]: Mixing CatMixin from FarmAndCharm-common.mixins.json into net.minecraft.world.entity.animal.Cat
[07Jun2026 04:28:19.465] [main/DEBUG] [mixin/]: Mixing TamableAnimalMixin from doggytalents.mixins.json into net.minecraft.world.entity.TamableAnimal
[07Jun2026 04:28:19.471] [main/DEBUG] [mixin/]: Mixing CatTemptGoalMixin from FarmAndCharm-common.mixins.json into net.minecraft.world.entity.animal.Cat$CatTemptGoal
[07Jun2026 04:28:19.473] [main/DEBUG] [mixin/]: Mixing CatGiftChanceMixin from FarmAndCharm-common.mixins.json into net.minecraft.world.entity.animal.Cat$CatRelaxOnOwnerGoal
[07Jun2026 04:28:19.481] [main/DEBUG] [mixin/]: Mixing CatAvoidEntityGoalMixin from FarmAndCharm-common.mixins.json into net.minecraft.world.entity.animal.Cat$CatAvoidEntityGoal
[07Jun2026 04:28:19.489] [main/DEBUG] [net.minecraftforge.coremod.transformer.CoreModBaseTransformer/COREMOD]: Transforming net/minecraft/world/entity/monster/Spider
[07Jun2026 04:28:19.512] [main/DEBUG] [mixin/]: Mixing ChickenMixin from FarmAndCharm-common.mixins.json into net.minecraft.world.entity.animal.Chicken
[07Jun2026 04:28:19.523] [main/DEBUG] [mixin/]: Mixing ChickenEntityMixin from friendsandfoes-common.mixins.json into net.minecraft.world.entity.animal.Chicken
[07Jun2026 04:28:19.524] [main/DEBUG] [mixin/]: Renaming synthetic method lambda$friendsandfoes_addFleeGoal$0(Ljava/lang/Object;)Z to md2b6b8e$lambda$friendsandfoes_addFleeGoal$0$0 in friendsandfoes-common.mixins.json:ChickenEntityMixin
[07Jun2026 04:28:19.548] [main/DEBUG] [mixin/]: Mixing CowMixin from meadow-common.mixins.json into net.minecraft.world.entity.animal.Cow
[07Jun2026 04:28:19.567] [main/DEBUG] [net.minecraftforge.coremod.transformer.CoreModBaseTransformer/COREMOD]: Transforming net/minecraft/world/entity/monster/Zombie
[07Jun2026 04:28:19.598] [main/DEBUG] [mixin/]: Mixing ZombieMixin from FarmAndCharm-common.mixins.json into net.minecraft.world.entity.monster.Zombie
[07Jun2026 04:28:19.599] [main/DEBUG] [mixin/]: Mixing ZombieMixin from bakery-common.mixins.json into net.minecraft.world.entity.monster.Zombie
[07Jun2026 04:28:19.607] [main/DEBUG] [net.minecraftforge.coremod.transformer.CoreModBaseTransformer/COREMOD]: Transforming net/minecraft/world/entity/monster/ZombieVillager
[07Jun2026 04:28:19.654] [main/DEBUG] [mixin/]: Mixing IllusionerSpellcastingIllagerEntityMixin from friendsandfoes-common.mixins.json into net.minecraft.world.entity.monster.SpellcasterIllager
[07Jun2026 04:28:19.657] [main/DEBUG] [mixin/]: Mixing IllusionerRaiderEntityMixin from friendsandfoes-common.mixins.json into net.minecraft.world.entity.raid.Raider
[07Jun2026 04:28:19.664] [main/DEBUG] [net.minecraftforge.coremod.transformer.CoreModBaseTransformer/COREMOD]: Transforming net/minecraft/world/entity/monster/Evoker$EvokerSummonSpellGoal
[07Jun2026 04:28:19.680] [main/DEBUG] [mixin/]: Mixing FoxMixin from faunify.mixins.json into net.minecraft.world.entity.animal.Fox
[07Jun2026 04:28:19.680] [main/DEBUG] [mixin/]: Mixing FoxMixin from FarmAndCharm-common.mixins.json into net.minecraft.world.entity.animal.Fox
[07Jun2026 04:28:19.695] [main/DEBUG] [mixin/]: Mixing FrogMixin from faunify.mixins.json into net.minecraft.world.entity.animal.frog.Frog
[07Jun2026 04:28:19.713] [main/DEBUG] [mixin/]: Mixing GoatMixin from meadow-common.mixins.json into net.minecraft.world.entity.animal.goat.Goat
[07Jun2026 04:28:19.732] [main/DEBUG] [mixin/]: Mixing IllusionerEntityMixin from friendsandfoes-common.mixins.json into net.minecraft.world.entity.monster.Illusioner
[07Jun2026 04:28:19.787] [main/DEBUG] [mixin/]: Mixing BlindTargetGoalFactory from friendsandfoes-common.mixins.json into net.minecraft.world.entity.monster.Illusioner$IllusionerBlindnessSpellGoal
[07Jun2026 04:28:19.788] [main/DEBUG] [mixin/]: Renaming @Invoker method newBlindTargetGoal(Lnet/minecraft/world/entity/monster/Illusioner;)Lnet/minecraft/world/entity/monster/Illusioner$IllusionerBlindnessSpellGoal; to newBlindTargetGoal_$md$2b6b8e$0 in friendsandfoes-common.mixins.json:BlindTargetGoalFactory
[07Jun2026 04:28:19.810] [main/DEBUG] [mixin/]: Mixing OcelotMixin from faunify.mixins.json into net.minecraft.world.entity.animal.Ocelot
[07Jun2026 04:28:19.822] [main/DEBUG] [mixin/]: Mixing ParrotMixin from FarmAndCharm-common.mixins.json into net.minecraft.world.entity.animal.Parrot
[07Jun2026 04:28:19.833] [main/DEBUG] [mixin/]: Mixing PigMixin from FarmAndCharm-common.mixins.json into net.minecraft.world.entity.animal.Pig
[07Jun2026 04:28:19.853] [main/DEBUG] [mixin/]: Mixing RabbitsEatCabbageMixin from farmersdelight.mixins.json into net.minecraft.world.entity.animal.Rabbit
[07Jun2026 04:28:19.853] [main/DEBUG] [mixin/]: Mixing RabbitScaredScarecrowMixin from tameablebeasts.mixins.json into net.minecraft.world.entity.animal.Rabbit
[07Jun2026 04:28:19.854] [main/DEBUG] [mixin/]: Mixing RabbitMixin from FarmAndCharm-common.mixins.json into net.minecraft.world.entity.animal.Rabbit
[07Jun2026 04:28:19.854] [main/DEBUG] [mixin/]: Mixing RabbitEntityMixin from friendsandfoes-common.mixins.json into net.minecraft.world.entity.animal.Rabbit
[07Jun2026 04:28:19.855] [main/DEBUG] [mixin/]: Renaming synthetic method lambda$friendsandfoes_addFleeGoal$0(Ljava/lang/Object;)Z to md2b6b8e$lambda$friendsandfoes_addFleeGoal$0$0 in friendsandfoes-common.mixins.json:RabbitEntityMixin
[07Jun2026 04:28:19.868] [main/DEBUG] [mixin/]: Mixing SheepMixin from meadow-common.mixins.json into net.minecraft.world.entity.animal.Sheep
[07Jun2026 04:28:19.883] [main/DEBUG] [net.minecraftforge.coremod.transformer.CoreModBaseTransformer/COREMOD]: Transforming net/minecraft/world/entity/animal/horse/SkeletonTrapGoal
[07Jun2026 04:28:19.898] [main/DEBUG] [mixin/]: Mixing SnowballEntityMixin from friendsandfoes-common.mixins.json into net.minecraft.world.entity.projectile.Snowball
[07Jun2026 04:28:19.907] [main/DEBUG] [net.minecraftforge.coremod.transformer.CoreModBaseTransformer/COREMOD]: Transforming net/minecraft/world/entity/monster/Strider
[07Jun2026 04:28:19.969] [main/DEBUG] [mixin/]: Mixing AddCustomEntityPoseMixin from friendsandfoes-common.mixins.json into net.minecraft.world.entity.Pose
[07Jun2026 04:28:19.970] [main/DEBUG] [mixin/]: Renaming @Invoker method newEntityPose(Ljava/lang/String;I)Lnet/minecraft/world/entity/Pose; to newEntityPose_$md$2b6b8e$0 in friendsandfoes-common.mixins.json:AddCustomEntityPoseMixin
[07Jun2026 04:28:19.982] [main/DEBUG] [mixin/]: Mixing MixinServerPlayer from xaerolib.mixins.json into net.minecraft.server.level.ServerPlayer
[07Jun2026 04:28:19.983] [main/DEBUG] [mixin/]: Mixing MixinServerPlayer from xaerohud.mixins.json into net.minecraft.server.level.ServerPlayer
[07Jun2026 04:28:19.996] [main/DEBUG] [mixin/]: Mixing VillagerHostilesSensorMixin from friendsandfoes-common.mixins.json into net.minecraft.world.entity.ai.sensing.VillagerHostilesSensor
[07Jun2026 04:28:20.005] [main/DEBUG] [mixin/]: Mixing VillagersTargetRichSoilMixin from farmersdelight.mixins.json into net.minecraft.world.entity.ai.sensing.SecondaryPoiSensor
[07Jun2026 04:28:20.007] [main/DEBUG] [net.minecraftforge.coremod.transformer.CoreModBaseTransformer/COREMOD]: Transforming net/minecraft/world/entity/npc/Villager
[07Jun2026 04:28:20.106] [main/DEBUG] [net.minecraftforge.coremod.transformer.CoreModBaseTransformer/COREMOD]: Transforming net/minecraft/world/entity/npc/Villager
[07Jun2026 04:28:20.187] [main/DEBUG] [mixin/]: Mixing WolfMixin from faunify.mixins.json into net.minecraft.world.entity.animal.Wolf
[07Jun2026 04:28:20.188] [main/DEBUG] [mixin/]: Mixing WolfMixin from FarmAndCharm-common.mixins.json into net.minecraft.world.entity.animal.Wolf
[07Jun2026 04:28:20.204] [main/DEBUG] [mixin/]: Mixing ZombieHorseEntityMixin from friendsandfoes-common.mixins.json into net.minecraft.world.entity.animal.horse.ZombieHorse
[07Jun2026 04:28:20.222] [main/DEBUG] [mixin/]: Mixing inject.MixinFoodPropertiesBuilder from architectury-common.mixins.json into net.minecraft.world.food.FoodProperties$Builder
[07Jun2026 04:28:20.225] [main/DEBUG] [net.minecraftforge.coremod.transformer.CoreModBaseTransformer/COREMOD]: Transforming net/minecraft/world/effect/MobEffectInstance
[07Jun2026 04:28:20.264] [main/DEBUG] [mixin/]: Mixing BrewingRecipeRegistryMixin from friendsandfoes-common.mixins.json into net.minecraft.world.item.alchemy.PotionBrewing
[07Jun2026 04:28:20.264] [main/DEBUG] [mixin/]: Renaming @Invoker method invokeRegisterPotionRecipe(Lnet/minecraft/world/item/alchemy/Potion;Lnet/minecraft/world/item/Item;Lnet/minecraft/world/item/alchemy/Potion;)V to invokeRegisterPotionRecipe_$md$2b6b8e$0 in friendsandfoes-common.mixins.json:BrewingRecipeRegistryMixin
[07Jun2026 04:28:20.356] [main/DEBUG] [mixin/]: Mixing ChunkGeneratorMixin from citadel.mixins.json into net.minecraft.world.level.chunk.ChunkGenerator
[07Jun2026 04:28:20.357] [main/DEBUG] [net.minecraftforge.coremod.transformer.CoreModBaseTransformer/COREMOD]: Transforming net/minecraft/world/level/biome/Biome
[07Jun2026 04:28:20.711] [main/DEBUG] [net.minecraftforge.coremod.transformer.CoreModBaseTransformer/COREMOD]: Transforming net/minecraft/world/level/levelgen/structure/Structure
[07Jun2026 04:28:20.749] [main/DEBUG] [mixin/]: Mixing StrongholdGeneratorMixin from friendsandfoes-common.mixins.json into net.minecraft.world.level.levelgen.structure.structures.StrongholdPieces$Library
[07Jun2026 04:28:20.772] [main/DEBUG] [net.minecraftforge.coremod.transformer.CoreModBaseTransformer/COREMOD]: Transforming net/minecraft/world/level/levelgen/structure/structures/OceanRuinPieces$OceanRuinPiece
[07Jun2026 04:28:20.791] [main/DEBUG] [net.minecraftforge.coremod.transformer.CoreModBaseTransformer/COREMOD]: Transforming net/minecraft/world/level/levelgen/structure/structures/SwampHutPiece
[07Jun2026 04:28:20.809] [main/DEBUG] [net.minecraftforge.coremod.transformer.CoreModBaseTransformer/COREMOD]: Transforming net/minecraft/world/level/levelgen/structure/structures/OceanMonumentPieces$OceanMonumentPiece
[07Jun2026 04:28:20.832] [main/DEBUG] [net.minecraftforge.coremod.transformer.CoreModBaseTransformer/COREMOD]: Transforming net/minecraft/world/level/levelgen/structure/structures/WoodlandMansionPieces$WoodlandMansionPiece
[07Jun2026 04:28:20.862] [main/DEBUG] [mixin/]: Mixing StructurePoolAccessor from friendsandfoes-common.mixins.json into net.minecraft.world.level.levelgen.structure.pools.StructureTemplatePool
[07Jun2026 04:28:20.927] [main/DEBUG] [net.minecraftforge.coremod.transformer.CoreModBaseTransformer/COREMOD]: Transforming net/minecraft/world/level/biome/Biome
[07Jun2026 04:28:20.992] [main/DEBUG] [mixin/]: Mixing NoiseGeneratorSettingsMixin from citadel.mixins.json into net.minecraft.world.level.levelgen.NoiseGeneratorSettings
[07Jun2026 04:28:21.192] [main/DEBUG] [net.minecraftforge.common.ForgeI18n/CORE]: Loading I18N data entries: 6430
[07Jun2026 04:28:21.210] [main/DEBUG] [net.minecraftforge.fml.ModWorkManager/LOADING]: Using 4 threads for parallel mod-loading
[07Jun2026 04:28:21.215] [main/DEBUG] [net.minecraftforge.fml.javafmlmod.FMLJavaModLanguageProvider/LOADING]: Loading FMLModContainer from classloader cpw.mods.modlauncher.TransformingClassLoader@4b960b5b - got cpw.mods.cl.ModuleClassLoader@7c8326a4
[07Jun2026 04:28:21.215] [main/DEBUG] [net.minecraftforge.fml.javafmlmod.FMLModContainer/LOADING]: Creating FMLModContainer instance for vectorwing.farmersdelight.FarmersDelight
[07Jun2026 04:28:21.219] [main/DEBUG] [net.minecraftforge.fml.javafmlmod.FMLJavaModLanguageProvider/LOADING]: Loading FMLModContainer from classloader cpw.mods.modlauncher.TransformingClassLoader@4b960b5b - got cpw.mods.cl.ModuleClassLoader@7c8326a4
[07Jun2026 04:28:21.219] [main/DEBUG] [net.minecraftforge.fml.javafmlmod.FMLModContainer/LOADING]: Creating FMLModContainer instance for com.modderg.tameablebeasts.TameableBeasts
[07Jun2026 04:28:21.220] [main/DEBUG] [net.minecraftforge.fml.javafmlmod.FMLJavaModLanguageProvider/LOADING]: Loading FMLModContainer from classloader cpw.mods.modlauncher.TransformingClassLoader@4b960b5b - got cpw.mods.cl.ModuleClassLoader@7c8326a4
[07Jun2026 04:28:21.220] [main/DEBUG] [net.minecraftforge.fml.javafmlmod.FMLModContainer/LOADING]: Creating FMLModContainer instance for net.mcreator.cutecompanionsducks.CuteCompanionsDucksMod
[07Jun2026 04:28:21.221] [main/DEBUG] [net.minecraftforge.fml.lowcodemod.LowCodeModLanguageProvider.LowCodeModTarget/LOADING]: Loading LowCodeModContainer from classloader cpw.mods.modlauncher.TransformingClassLoader@4b960b5b - got cpw.mods.cl.ModuleClassLoader@7c8326a4
[07Jun2026 04:28:21.221] [main/DEBUG] [net.minecraftforge.fml.lowcodemod.LowCodeModContainer/LOADING]: Creating LowCodeModContainer for explorify
[07Jun2026 04:28:21.222] [main/DEBUG] [net.minecraftforge.fml.javafmlmod.FMLJavaModLanguageProvider/LOADING]: Loading FMLModContainer from classloader cpw.mods.modlauncher.TransformingClassLoader@4b960b5b - got cpw.mods.cl.ModuleClassLoader@7c8326a4
[07Jun2026 04:28:21.222] [main/DEBUG] [net.minecraftforge.fml.javafmlmod.FMLModContainer/LOADING]: Creating FMLModContainer instance for software.bernie.example.GeckoLibMod
[07Jun2026 04:28:21.222] [main/DEBUG] [net.minecraftforge.fml.javafmlmod.FMLJavaModLanguageProvider/LOADING]: Loading FMLModContainer from classloader cpw.mods.modlauncher.TransformingClassLoader@4b960b5b - got cpw.mods.cl.ModuleClassLoader@7c8326a4
[07Jun2026 04:28:21.222] [main/DEBUG] [net.minecraftforge.fml.javafmlmod.FMLModContainer/LOADING]: Creating FMLModContainer instance for net.redchujelly.cluttered.Cluttered
[07Jun2026 04:28:21.223] [main/DEBUG] [net.minecraftforge.fml.javafmlmod.FMLJavaModLanguageProvider/LOADING]: Loading FMLModContainer from classloader cpw.mods.modlauncher.TransformingClassLoader@4b960b5b - got cpw.mods.cl.ModuleClassLoader@7c8326a4
[07Jun2026 04:28:21.223] [main/DEBUG] [net.minecraftforge.fml.javafmlmod.FMLModContainer/LOADING]: Creating FMLModContainer instance for com.pepper.faunify.Faunify
[07Jun2026 04:28:21.223] [main/DEBUG] [net.minecraftforge.fml.javafmlmod.FMLJavaModLanguageProvider/LOADING]: Loading FMLModContainer from classloader cpw.mods.modlauncher.TransformingClassLoader@4b960b5b - got cpw.mods.cl.ModuleClassLoader@7c8326a4
[07Jun2026 04:28:21.224] [main/DEBUG] [net.minecraftforge.fml.javafmlmod.FMLModContainer/LOADING]: Creating FMLModContainer instance for xaero.lib.XaeroLibForge
[07Jun2026 04:28:21.224] [main/DEBUG] [net.minecraftforge.fml.javafmlmod.FMLJavaModLanguageProvider/LOADING]: Loading FMLModContainer from classloader cpw.mods.modlauncher.TransformingClassLoader@4b960b5b - got cpw.mods.cl.ModuleClassLoader@7c8326a4
[07Jun2026 04:28:21.224] [main/DEBUG] [net.minecraftforge.fml.javafmlmod.FMLModContainer/LOADING]: Creating FMLModContainer instance for doggytalents.DoggyTalentsNext
[07Jun2026 04:28:21.226] [main/DEBUG] [net.minecraftforge.fml.javafmlmod.FMLJavaModLanguageProvider/LOADING]: Loading FMLModContainer from classloader cpw.mods.modlauncher.TransformingClassLoader@4b960b5b - got cpw.mods.cl.ModuleClassLoader@7c8326a4
[07Jun2026 04:28:21.226] [main/DEBUG] [net.minecraftforge.fml.javafmlmod.FMLModContainer/LOADING]: Creating FMLModContainer instance for com.marwinekk.shroomdealers.ShroomDealersMod
[07Jun2026 04:28:21.226] [main/DEBUG] [net.minecraftforge.fml.javafmlmod.FMLJavaModLanguageProvider/LOADING]: Loading FMLModContainer from classloader cpw.mods.modlauncher.TransformingClassLoader@4b960b5b - got cpw.mods.cl.ModuleClassLoader@7c8326a4
[07Jun2026 04:28:21.226] [main/DEBUG] [net.minecraftforge.fml.javafmlmod.FMLModContainer/LOADING]: Creating FMLModContainer instance for xaero.minimap.XaeroMinimapForge
[07Jun2026 04:28:21.229] [main/DEBUG] [net.minecraftforge.fml.javafmlmod.FMLJavaModLanguageProvider/LOADING]: Loading FMLModContainer from classloader cpw.mods.modlauncher.TransformingClassLoader@4b960b5b - got cpw.mods.cl.ModuleClassLoader@7c8326a4
[07Jun2026 04:28:21.229] [main/DEBUG] [net.minecraftforge.fml.javafmlmod.FMLModContainer/LOADING]: Creating FMLModContainer instance for net.mcreator.breadcraft.BreadcraftMod
[07Jun2026 04:28:21.229] [main/DEBUG] [net.minecraftforge.fml.javafmlmod.FMLJavaModLanguageProvider/LOADING]: Loading FMLModContainer from classloader cpw.mods.modlauncher.TransformingClassLoader@4b960b5b - got cpw.mods.cl.ModuleClassLoader@7c8326a4
[07Jun2026 04:28:21.229] [main/DEBUG] [net.minecraftforge.fml.javafmlmod.FMLModContainer/LOADING]: Creating FMLModContainer instance for com.github.alexthe666.citadel.Citadel
[07Jun2026 04:28:21.230] [main/DEBUG] [net.minecraftforge.fml.javafmlmod.FMLJavaModLanguageProvider/LOADING]: Loading FMLModContainer from classloader cpw.mods.modlauncher.TransformingClassLoader@4b960b5b - got cpw.mods.cl.ModuleClassLoader@7c8326a4
[07Jun2026 04:28:21.230] [main/DEBUG] [net.minecraftforge.fml.javafmlmod.FMLModContainer/LOADING]: Creating FMLModContainer instance for com.github.alexthe666.alexsmobs.AlexsMobs
[07Jun2026 04:28:21.231] [main/DEBUG] [net.minecraftforge.fml.javafmlmod.FMLJavaModLanguageProvider/LOADING]: Loading FMLModContainer from classloader cpw.mods.modlauncher.TransformingClassLoader@4b960b5b - got cpw.mods.cl.ModuleClassLoader@7c8326a4
[07Jun2026 04:28:21.232] [main/DEBUG] [net.minecraftforge.fml.javafmlmod.FMLModContainer/LOADING]: Creating FMLModContainer instance for com.llamalad7.mixinextras.platform.forge.MixinExtrasMod
[07Jun2026 04:28:21.232] [main/DEBUG] [net.minecraftforge.fml.javafmlmod.FMLJavaModLanguageProvider/LOADING]: Loading FMLModContainer from classloader cpw.mods.modlauncher.TransformingClassLoader@4b960b5b - got cpw.mods.cl.ModuleClassLoader@7c8326a4
[07Jun2026 04:28:21.232] [main/DEBUG] [net.minecraftforge.fml.javafmlmod.FMLModContainer/LOADING]: Creating FMLModContainer instance for dev.architectury.forge.ArchitecturyForge
[07Jun2026 04:28:21.233] [main/DEBUG] [net.minecraftforge.fml.javafmlmod.FMLJavaModLanguageProvider/LOADING]: Loading FMLModContainer from classloader cpw.mods.modlauncher.TransformingClassLoader@4b960b5b - got cpw.mods.cl.ModuleClassLoader@7c8326a4
[07Jun2026 04:28:21.233] [main/DEBUG] [net.minecraftforge.fml.javafmlmod.FMLModContainer/LOADING]: Creating FMLModContainer instance for io.github.wouink.furnish.forge.FurnishForge
[07Jun2026 04:28:21.233] [main/DEBUG] [net.minecraftforge.fml.javafmlmod.FMLJavaModLanguageProvider/LOADING]: Loading FMLModContainer from classloader cpw.mods.modlauncher.TransformingClassLoader@4b960b5b - got cpw.mods.cl.ModuleClassLoader@7c8326a4
[07Jun2026 04:28:21.234] [main/DEBUG] [net.minecraftforge.fml.javafmlmod.FMLModContainer/LOADING]: Creating FMLModContainer instance for net.satisfy.meadow.forge.MeadowForge
[07Jun2026 04:28:21.234] [main/DEBUG] [net.minecraftforge.fml.javafmlmod.FMLJavaModLanguageProvider/LOADING]: Loading FMLModContainer from classloader cpw.mods.modlauncher.TransformingClassLoader@4b960b5b - got cpw.mods.cl.ModuleClassLoader@7c8326a4
[07Jun2026 04:28:21.234] [main/DEBUG] [net.minecraftforge.fml.javafmlmod.FMLModContainer/LOADING]: Creating FMLModContainer instance for com.hakimen.kawaiidishes.KawaiiDishes
[07Jun2026 04:28:21.235] [main/DEBUG] [net.minecraftforge.fml.lowcodemod.LowCodeModLanguageProvider.LowCodeModTarget/LOADING]: Loading LowCodeModContainer from classloader cpw.mods.modlauncher.TransformingClassLoader@4b960b5b - got cpw.mods.cl.ModuleClassLoader@7c8326a4
[07Jun2026 04:28:21.235] [main/DEBUG] [net.minecraftforge.fml.lowcodemod.LowCodeModContainer/LOADING]: Creating LowCodeModContainer for terralith
[07Jun2026 04:28:21.235] [main/DEBUG] [net.minecraftforge.fml.javafmlmod.FMLJavaModLanguageProvider/LOADING]: Loading FMLModContainer from classloader cpw.mods.modlauncher.TransformingClassLoader@4b960b5b - got cpw.mods.cl.ModuleClassLoader@7c8326a4
[07Jun2026 04:28:21.235] [main/DEBUG] [net.minecraftforge.fml.javafmlmod.FMLModContainer/LOADING]: Creating FMLModContainer instance for lillouarts.placeablefood.PlaceableFoodMod
[07Jun2026 04:28:21.235] [main/DEBUG] [net.minecraftforge.fml.javafmlmod.FMLJavaModLanguageProvider/LOADING]: Loading FMLModContainer from classloader cpw.mods.modlauncher.TransformingClassLoader@4b960b5b - got cpw.mods.cl.ModuleClassLoader@7c8326a4
[07Jun2026 04:28:21.236] [main/DEBUG] [net.minecraftforge.fml.javafmlmod.FMLModContainer/LOADING]: Creating FMLModContainer instance for net.minecraftforge.common.ForgeMod
[07Jun2026 04:28:21.238] [main/DEBUG] [net.minecraftforge.fml.javafmlmod.FMLJavaModLanguageProvider/LOADING]: Loading FMLModContainer from classloader cpw.mods.modlauncher.TransformingClassLoader@4b960b5b - got cpw.mods.cl.ModuleClassLoader@7c8326a4
[07Jun2026 04:28:21.238] [main/DEBUG] [net.minecraftforge.fml.javafmlmod.FMLModContainer/LOADING]: Creating FMLModContainer instance for de.cristelknight999.t_and_t.TT
[07Jun2026 04:28:21.239] [main/DEBUG] [net.minecraftforge.fml.javafmlmod.FMLJavaModLanguageProvider/LOADING]: Loading FMLModContainer from classloader cpw.mods.modlauncher.TransformingClassLoader@4b960b5b - got cpw.mods.cl.ModuleClassLoader@7c8326a4
[07Jun2026 04:28:21.239] [main/DEBUG] [net.minecraftforge.fml.javafmlmod.FMLModContainer/LOADING]: Creating FMLModContainer instance for net.satisfy.farm_and_charm.forge.FarmAndCharmForge
[07Jun2026 04:28:21.239] [main/DEBUG] [net.minecraftforge.fml.javafmlmod.FMLJavaModLanguageProvider/LOADING]: Loading FMLModContainer from classloader cpw.mods.modlauncher.TransformingClassLoader@4b960b5b - got cpw.mods.cl.ModuleClassLoader@7c8326a4
[07Jun2026 04:28:21.239] [main/DEBUG] [net.minecraftforge.fml.javafmlmod.FMLModContainer/LOADING]: Creating FMLModContainer instance for net.satisfy.bakery.forge.BakeryForge
[07Jun2026 04:28:21.240] [main/DEBUG] [net.minecraftforge.fml.javafmlmod.FMLJavaModLanguageProvider/LOADING]: Loading FMLModContainer from classloader cpw.mods.modlauncher.TransformingClassLoader@4b960b5b - got cpw.mods.cl.ModuleClassLoader@7c8326a4
[07Jun2026 04:28:21.240] [main/DEBUG] [net.minecraftforge.fml.javafmlmod.FMLModContainer/LOADING]: Creating FMLModContainer instance for com.faboslav.friendsandfoes.forge.FriendsAndFoesForge
[07Jun2026 04:28:21.240] [main/DEBUG] [net.minecraftforge.fml.javafmlmod.FMLJavaModLanguageProvider/LOADING]: Loading FMLModContainer from classloader cpw.mods.modlauncher.TransformingClassLoader@4b960b5b - got cpw.mods.cl.ModuleClassLoader@7c8326a4
[07Jun2026 04:28:21.240] [main/DEBUG] [net.minecraftforge.fml.javafmlmod.FMLModContainer/LOADING]: Creating FMLModContainer instance for net.cristellib.forge.CristelLibForge
[07Jun2026 04:28:21.241] [main/DEBUG] [net.minecraftforge.fml.javafmlmod.FMLJavaModLanguageProvider/LOADING]: Loading FMLModContainer from classloader cpw.mods.modlauncher.TransformingClassLoader@4b960b5b - got cpw.mods.cl.ModuleClassLoader@7c8326a4
[07Jun2026 04:28:21.241] [main/DEBUG] [net.minecraftforge.fml.javafmlmod.FMLModContainer/LOADING]: Creating FMLModContainer instance for betterdogs_dtn.BetterDogsForDTN
[07Jun2026 04:28:21.307] [modloading-worker-0/DEBUG] [net.minecraftforge.fml.javafmlmod.AutomaticEventSubscriber/LOADING]: Attempting to inject @EventBusSubscriber classes into the eventbus for geckolib
[07Jun2026 04:28:21.307] [modloading-worker-0/DEBUG] [net.minecraftforge.fml.config.ConfigTracker/CONFIG]: Config file farmersdelight-common.toml for farmersdelight tracking
[07Jun2026 04:28:21.307] [modloading-worker-0/DEBUG] [net.minecraftforge.fml.config.ConfigTracker/CONFIG]: Config file farmersdelight-client.toml for farmersdelight tracking
[07Jun2026 04:28:21.311] [modloading-worker-0/DEBUG] [net.minecraftforge.fml.javafmlmod.AutomaticEventSubscriber/LOADING]: Auto-subscribing software.bernie.example.GeckoLibMod to FORGE
[07Jun2026 04:28:21.311] [modloading-worker-0/DEBUG] [net.minecraftforge.fml.javafmlmod.AutomaticEventSubscriber/LOADING]: Auto-subscribing software.bernie.example.CommonListener to MOD
[07Jun2026 04:28:21.357] [modloading-worker-0/DEBUG] [net.minecraftforge.fml.javafmlmod.AutomaticEventSubscriber/LOADING]: Attempting to inject @EventBusSubscriber classes into the eventbus for cute_companions_ducks
[07Jun2026 04:28:21.357] [modloading-worker-0/DEBUG] [net.minecraftforge.fml.javafmlmod.AutomaticEventSubscriber/LOADING]: Auto-subscribing net.mcreator.cutecompanionsducks.procedures.RemoveSkinProcedure to FORGE
[07Jun2026 04:28:21.365] [modloading-worker-0/DEBUG] [net.minecraftforge.fml.javafmlmod.AutomaticEventSubscriber/LOADING]: Auto-subscribing net.mcreator.cutecompanionsducks.procedures.PutSkinProcedure to FORGE
[07Jun2026 04:28:21.367] [modloading-worker-0/DEBUG] [net.minecraftforge.fml.ModLoadingContext/]: Attempted to register an empty config for type CLIENT on mod tameablebeasts using file name tameable-beasts-client.toml
[07Jun2026 04:28:21.369] [modloading-worker-0/DEBUG] [net.minecraftforge.fml.javafmlmod.AutomaticEventSubscriber/LOADING]: Auto-subscribing net.mcreator.cutecompanionsducks.procedures.PutOnShoulderProcedure to FORGE
[07Jun2026 04:28:21.373] [modloading-worker-0/DEBUG] [net.minecraftforge.fml.javafmlmod.AutomaticEventSubscriber/LOADING]: Auto-subscribing net.mcreator.cutecompanionsducks.procedures.DuckOnEntityTickUpdateProcedure to FORGE
[07Jun2026 04:28:21.375] [modloading-worker-0/DEBUG] [net.minecraftforge.fml.config.ConfigTracker/CONFIG]: Config file tameable-beasts-common.toml for tameablebeasts tracking
[07Jun2026 04:28:21.378] [modloading-worker-0/DEBUG] [net.minecraftforge.fml.javafmlmod.AutomaticEventSubscriber/LOADING]: Auto-subscribing net.mcreator.cutecompanionsducks.procedures.AnimationFoodProcedure to FORGE
[07Jun2026 04:28:21.380] [modloading-worker-0/DEBUG] [net.minecraftforge.fml.javafmlmod.AutomaticEventSubscriber/LOADING]: Auto-subscribing net.mcreator.cutecompanionsducks.procedures.AnimationDigProcedure to FORGE
[07Jun2026 04:28:21.381] [modloading-worker-0/DEBUG] [net.minecraftforge.fml.javafmlmod.AutomaticEventSubscriber/LOADING]: Auto-subscribing net.mcreator.cutecompanionsducks.init.EntityAnimationFactory to FORGE
[07Jun2026 04:28:21.385] [modloading-worker-0/DEBUG] [net.minecraftforge.fml.javafmlmod.AutomaticEventSubscriber/LOADING]: Auto-subscribing net.mcreator.cutecompanionsducks.init.CuteCompanionsDucksModEntities to MOD
[07Jun2026 04:28:21.416] [modloading-worker-0/DEBUG] [net.minecraftforge.fml.javafmlmod.AutomaticEventSubscriber/LOADING]: Attempting to inject @EventBusSubscriber classes into the eventbus for tameablebeasts
[07Jun2026 04:28:21.416] [modloading-worker-0/DEBUG] [net.minecraftforge.fml.javafmlmod.AutomaticEventSubscriber/LOADING]: Auto-subscribing com.modderg.tameablebeasts.server.events.ServerForgeEvents to FORGE
[07Jun2026 04:28:21.426] [modloading-worker-0/DEBUG] [net.minecraftforge.fml.javafmlmod.AutomaticEventSubscriber/LOADING]: Auto-subscribing com.modderg.tameablebeasts.registry.TBMenuRegistry to MOD
[07Jun2026 04:28:21.434] [modloading-worker-0/DEBUG] [xaero.lib.XaeroLib/]: Loaded xaero.lib.platform.services.PlatformHelperForge@3cd25a02 for service interface xaero.lib.platform.services.IPlatformHelper
[07Jun2026 04:28:21.446] [modloading-worker-0/DEBUG] [net.minecraftforge.fml.config.ConfigTracker/CONFIG]: Config file faunify-common.toml for faunify tracking
[07Jun2026 04:28:21.449] [modloading-worker-0/DEBUG] [net.minecraftforge.fml.config.ConfigTracker/CONFIG]: Config file faunify-client.toml for faunify tracking
[07Jun2026 04:28:21.452] [modloading-worker-0/DEBUG] [net.minecraftforge.fml.javafmlmod.AutomaticEventSubscriber/LOADING]: Attempting to inject @EventBusSubscriber classes into the eventbus for faunify
[07Jun2026 04:28:21.452] [modloading-worker-0/DEBUG] [net.minecraftforge.fml.javafmlmod.AutomaticEventSubscriber/LOADING]: Auto-subscribing com.pepper.faunify.event.ModEventBusEvents to MOD
[07Jun2026 04:28:21.457] [modloading-worker-0/DEBUG] [net.minecraftforge.fml.javafmlmod.AutomaticEventSubscriber/LOADING]: Auto-subscribing com.pepper.faunify.event.CreativeTabHandler to MOD
[07Jun2026 04:28:21.458] [modloading-worker-0/DEBUG] [net.minecraftforge.fml.javafmlmod.AutomaticEventSubscriber/LOADING]: Auto-subscribing com.pepper.faunify.event.AnvilRepairHandler to FORGE
[07Jun2026 04:28:21.472] [modloading-worker-0/INFO] [xaero.lib.XaeroLib/]: Registering common data for channel xaerolib:main!
[07Jun2026 04:28:21.489] [modloading-worker-0/INFO] [xaero.lib.XaeroLib/]: Loading primary common config for channel xaerolib:main!
[07Jun2026 04:28:21.492] [modloading-worker-0/INFO] [xaero.lib.XaeroLib/]: Loading server config profiles for channel xaerolib:main!
[07Jun2026 04:28:21.517] [modloading-worker-0/DEBUG] [net.minecraftforge.fml.javafmlmod.AutomaticEventSubscriber/LOADING]: Attempting to inject @EventBusSubscriber classes into the eventbus for xaerolib
[07Jun2026 04:28:21.541] [modloading-worker-0/DEBUG] [net.minecraftforge.fml.javafmlmod.AutomaticEventSubscriber/LOADING]: Attempting to inject @EventBusSubscriber classes into the eventbus for farmersdelight
[07Jun2026 04:28:21.541] [modloading-worker-0/DEBUG] [net.minecraftforge.fml.javafmlmod.AutomaticEventSubscriber/LOADING]: Auto-subscribing vectorwing.farmersdelight.data.DataGenerators to MOD
[07Jun2026 04:28:21.544] [modloading-worker-0/DEBUG] [net.minecraftforge.fml.javafmlmod.AutomaticEventSubscriber/LOADING]: Auto-subscribing vectorwing.farmersdelight.common.item.SkilletItem$SkilletEvents to FORGE
[07Jun2026 04:28:21.546] [modloading-worker-0/DEBUG] [net.minecraftforge.fml.javafmlmod.AutomaticEventSubscriber/LOADING]: Auto-subscribing vectorwing.farmersdelight.common.item.KnifeItem$KnifeEvents to FORGE
[07Jun2026 04:28:21.549] [modloading-worker-0/DEBUG] [net.minecraftforge.fml.javafmlmod.AutomaticEventSubscriber/LOADING]: Auto-subscribing vectorwing.farmersdelight.common.item.HorseFeedItem$HorseFeedEvent to FORGE
[07Jun2026 04:28:21.550] [modloading-worker-0/DEBUG] [net.minecraftforge.fml.javafmlmod.AutomaticEventSubscriber/LOADING]: Auto-subscribing vectorwing.farmersdelight.common.item.enchantment.BackstabbingEnchantment$BackstabbingEvent to FORGE
[07Jun2026 04:28:21.552] [modloading-worker-0/DEBUG] [net.minecraftforge.fml.javafmlmod.AutomaticEventSubscriber/LOADING]: Auto-subscribing vectorwing.farmersdelight.common.item.DogFoodItem$DogFoodEvent to FORGE
[07Jun2026 04:28:21.553] [modloading-worker-0/DEBUG] [net.minecraftforge.fml.javafmlmod.AutomaticEventSubscriber/LOADING]: Auto-subscribing vectorwing.farmersdelight.common.event.VillagerEvents to FORGE
[07Jun2026 04:28:21.559] [modloading-worker-0/DEBUG] [net.minecraftforge.fml.javafmlmod.AutomaticEventSubscriber/LOADING]: Auto-subscribing vectorwing.farmersdelight.common.event.SetupEvents to MOD
[07Jun2026 04:28:21.562] [modloading-worker-0/DEBUG] [net.minecraftforge.fml.javafmlmod.AutomaticEventSubscriber/LOADING]: Auto-subscribing vectorwing.farmersdelight.common.event.CommonEvents to FORGE
[07Jun2026 04:28:21.587] [modloading-worker-0/DEBUG] [net.minecraftforge.fml.javafmlmod.AutomaticEventSubscriber/LOADING]: Auto-subscribing vectorwing.farmersdelight.common.block.CuttingBoardBlock$ToolCarvingEvent to FORGE
[07Jun2026 04:28:21.602] [modloading-worker-0/DEBUG] [net.minecraftforge.fml.javafmlmod.AutomaticEventSubscriber/LOADING]: Attempting to inject @EventBusSubscriber classes into the eventbus for shroom_dealers
[07Jun2026 04:28:21.604] [modloading-worker-0/DEBUG] [net.minecraftforge.fml.javafmlmod.AutomaticEventSubscriber/LOADING]: Auto-subscribing com.marwinekk.shroomdealers.world.features.StructureFeature to FORGE
[07Jun2026 04:28:21.610] [modloading-worker-0/DEBUG] [net.minecraftforge.fml.javafmlmod.AutomaticEventSubscriber/LOADING]: Auto-subscribing com.marwinekk.shroomdealers.procedures.TooltipRenderingProcedure to FORGE
[07Jun2026 04:28:21.613] [modloading-worker-0/DEBUG] [net.minecraftforge.fml.javafmlmod.AutomaticEventSubscriber/LOADING]: Auto-subscribing com.marwinekk.shroomdealers.network.ShroomDealersModVariables to MOD
[07Jun2026 04:28:21.625] [modloading-worker-0/DEBUG] [net.minecraftforge.fml.javafmlmod.AutomaticEventSubscriber/LOADING]: Auto-subscribing com.marwinekk.shroomdealers.network.ShroomDealersModVariables$PlayerVariablesProvider to FORGE
[07Jun2026 04:28:21.631] [modloading-worker-0/DEBUG] [net.minecraftforge.fml.javafmlmod.AutomaticEventSubscriber/LOADING]: Auto-subscribing com.marwinekk.shroomdealers.network.ShroomDealersModVariables$EventBusVariableHandlers to FORGE
[07Jun2026 04:28:21.637] [modloading-worker-0/DEBUG] [net.minecraftforge.fml.javafmlmod.AutomaticEventSubscriber/LOADING]: Auto-subscribing com.marwinekk.shroomdealers.init.ShroomDealersModTabs to MOD
[07Jun2026 04:28:21.637] [modloading-worker-0/DEBUG] [net.minecraftforge.fml.javafmlmod.AutomaticEventSubscriber/LOADING]: Auto-subscribing com.marwinekk.shroomdealers.init.ShroomDealersModEntities to MOD
[07Jun2026 04:28:21.638] [modloading-worker-0/DEBUG] [net.minecraftforge.fml.javafmlmod.AutomaticEventSubscriber/LOADING]: Auto-subscribing com.marwinekk.shroomdealers.init.EntityAnimationFactory to FORGE
[07Jun2026 04:28:21.647] [modloading-worker-0/DEBUG] [xaero.hud.minimap.MinimapLogs/]: Loaded xaero.common.platform.services.ForgePlatformHelper@7427db9e for service interface xaero.common.platform.services.IPlatformHelper
[07Jun2026 04:28:21.651] [modloading-worker-0/INFO] [xaero.common.HudMod/]: Registering common data for channel xaerominimap:main!
[07Jun2026 04:28:21.720] [modloading-worker-0/INFO] [xaero.common.HudMod/]: Loading primary common config for channel xaerominimap:main!
[07Jun2026 04:28:21.722] [modloading-worker-0/INFO] [xaero.common.HudMod/]: Loading server config profiles for channel xaerominimap:main!
[07Jun2026 04:28:21.855] [modloading-worker-0/DEBUG] [net.minecraftforge.fml.javafmlmod.AutomaticEventSubscriber/LOADING]: Attempting to inject @EventBusSubscriber classes into the eventbus for xaerominimap
[07Jun2026 04:28:21.918] [modloading-worker-0/DEBUG] [net.minecraftforge.fml.config.ConfigTracker/CONFIG]: Config file citadel-common.toml for citadel tracking
[07Jun2026 04:28:21.921] [modloading-worker-0/DEBUG] [net.minecraftforge.fml.javafmlmod.AutomaticEventSubscriber/LOADING]: Attempting to inject @EventBusSubscriber classes into the eventbus for citadel
[07Jun2026 04:28:21.921] [modloading-worker-0/DEBUG] [net.minecraftforge.fml.javafmlmod.AutomaticEventSubscriber/LOADING]: Auto-subscribing com.github.alexthe666.citadel.ServerProxy to MOD
[07Jun2026 04:28:22.065] [modloading-worker-0/DEBUG] [net.minecraftforge.fml.config.ConfigTracker/CONFIG]: Config file cluttered-common.toml for cluttered tracking
[07Jun2026 04:28:22.086] [modloading-worker-0/DEBUG] [net.minecraftforge.fml.javafmlmod.AutomaticEventSubscriber/LOADING]: Attempting to inject @EventBusSubscriber classes into the eventbus for cluttered
[07Jun2026 04:28:22.086] [modloading-worker-0/DEBUG] [net.minecraftforge.fml.javafmlmod.AutomaticEventSubscriber/LOADING]: Auto-subscribing net.redchujelly.cluttered.setup.ClutteredEvents to FORGE
[07Jun2026 04:28:22.097] [modloading-worker-0/DEBUG] [mixin/]: Mixing MixinPlayerList from xaerolib.mixins.json into net.minecraft.server.players.PlayerList
[07Jun2026 04:28:22.099] [modloading-worker-0/DEBUG] [mixin/]: Mixing MixinPlayerList from xaerohud.mixins.json into net.minecraft.server.players.PlayerList
[07Jun2026 04:28:22.100] [modloading-worker-0/DEBUG] [net.minecraftforge.fml.javafmlmod.AutomaticEventSubscriber/LOADING]: Attempting to inject @EventBusSubscriber classes into the eventbus for mixinextras
[07Jun2026 04:28:22.119] [modloading-worker-0/DEBUG] [mixin/]: Mixing MixinLevelEvent from architectury.mixins.json into net.minecraftforge.event.level.LevelEvent
[07Jun2026 04:28:22.168] [modloading-worker-0/DEBUG] [net.minecraftforge.fml.config.ConfigTracker/CONFIG]: Config file doggytalents-server.toml for doggytalents tracking
[07Jun2026 04:28:22.172] [modloading-worker-0/DEBUG] [net.minecraftforge.fml.config.ConfigTracker/CONFIG]: Config file doggytalents-client.toml for doggytalents tracking
[07Jun2026 04:28:22.173] [modloading-worker-0/DEBUG] [net.minecraftforge.fml.config.ConfigTracker/CONFIG]: Config file doggytalents-respawn_tags_to_remove.toml for doggytalents tracking
[07Jun2026 04:28:22.175] [modloading-worker-0/DEBUG] [net.minecraftforge.fml.config.ConfigTracker/CONFIG]: Config file doggytalents-dog_custom_skins_client.toml for doggytalents tracking
[07Jun2026 04:28:22.178] [modloading-worker-0/DEBUG] [net.minecraftforge.fml.javafmlmod.AutomaticEventSubscriber/LOADING]: Attempting to inject @EventBusSubscriber classes into the eventbus for doggytalents
[07Jun2026 04:28:22.200] [modloading-worker-0/INFO] [dev.architectury.networking.forge.NetworkManagerImpl/]: Registering C2S receiver with id architectury:sync_ids
[07Jun2026 04:28:22.206] [modloading-worker-0/INFO] [dev.architectury.networking.forge.NetworkManagerImpl/]: Registering C2S receiver with id furnish:cl_update_itemstack
[07Jun2026 04:28:22.214] [modloading-worker-0/DEBUG] [net.minecraftforge.fml.javafmlmod.AutomaticEventSubscriber/LOADING]: Attempting to inject @EventBusSubscriber classes into the eventbus for architectury
[07Jun2026 04:28:22.211] [modloading-worker-0/INFO] [Furnish/]: Initializing Furnish on Forge.
[07Jun2026 04:28:22.217] [modloading-worker-0/DEBUG] [net.minecraftforge.fml.javafmlmod.AutomaticEventSubscriber/LOADING]: Auto-subscribing dev.architectury.registry.level.entity.trade.forge.TradeRegistryImpl to FORGE
[07Jun2026 04:28:22.220] [modloading-worker-0/DEBUG] [net.minecraftforge.fml.config.ConfigTracker/CONFIG]: Config file alexsmobs.toml for alexsmobs tracking
[07Jun2026 04:28:22.224] [modloading-worker-0/DEBUG] [net.minecraftforge.fml.javafmlmod.AutomaticEventSubscriber/LOADING]: Auto-subscribing dev.architectury.registry.forge.ReloadListenerRegistryImpl to FORGE
[07Jun2026 04:28:22.225] [modloading-worker-0/DEBUG] [net.minecraftforge.fml.javafmlmod.AutomaticEventSubscriber/LOADING]: Auto-subscribing dev.architectury.networking.forge.NetworkManagerImpl to FORGE
[07Jun2026 04:28:22.270] [modloading-worker-0/DEBUG] [mixin/]: Mixing BootsItemMixin from meadow.mixins.json into net.satisfy.meadow.core.item.FurBootsItem
[07Jun2026 04:28:22.274] [modloading-worker-0/DEBUG] [mixin/]: Mixing LeggingsItemMixin from meadow.mixins.json into net.satisfy.meadow.core.item.FurLegsItem
[07Jun2026 04:28:22.276] [modloading-worker-0/DEBUG] [mixin/]: Mixing ChestplateItemMixin from meadow.mixins.json into net.satisfy.meadow.core.item.FurChestItem
[07Jun2026 04:28:22.280] [modloading-worker-0/DEBUG] [mixin/]: Mixing HelmetItemMixin from meadow.mixins.json into net.satisfy.meadow.core.item.FurHelmetItem
[07Jun2026 04:28:22.285] [modloading-worker-0/DEBUG] [net.minecraftforge.fml.javafmlmod.AutomaticEventSubscriber/LOADING]: Attempting to inject @EventBusSubscriber classes into the eventbus for alexsmobs
[07Jun2026 04:28:22.285] [modloading-worker-0/DEBUG] [net.minecraftforge.fml.javafmlmod.AutomaticEventSubscriber/LOADING]: Auto-subscribing com.github.alexthe666.alexsmobs.world.AMWorldRegistry to MOD
[07Jun2026 04:28:22.295] [modloading-worker-0/DEBUG] [net.minecraftforge.fml.javafmlmod.AutomaticEventSubscriber/LOADING]: Auto-subscribing com.github.alexthe666.alexsmobs.tileentity.AMTileEntityRegistry to MOD
[07Jun2026 04:28:22.295] [modloading-worker-0/DEBUG] [net.minecraftforge.fml.javafmlmod.AutomaticEventSubscriber/LOADING]: Auto-subscribing com.github.alexthe666.alexsmobs.event.ServerEvents to FORGE
[07Jun2026 04:28:22.297] [modloading-worker-0/DEBUG] [net.minecraftforge.fml.javafmlmod.AutomaticEventSubscriber/LOADING]: Auto-subscribing com.github.alexthe666.alexsmobs.entity.AMEntityRegistry to MOD
[07Jun2026 04:28:22.300] [modloading-worker-0/DEBUG] [net.minecraftforge.fml.javafmlmod.AutomaticEventSubscriber/LOADING]: Auto-subscribing com.github.alexthe666.alexsmobs.CommonProxy to MOD
[07Jun2026 04:28:22.301] [modloading-worker-0/DEBUG] [net.minecraftforge.fml.javafmlmod.AutomaticEventSubscriber/LOADING]: Auto-subscribing com.github.alexthe666.alexsmobs.AlexsMobs to FORGE
[07Jun2026 04:28:22.302] [modloading-worker-0/DEBUG] [net.minecraftforge.fml.ModLoadingContext/]: Attempted to register an empty config for type CLIENT on mod kawaiidishes using file name kawaii-dishes-client.toml
[07Jun2026 04:28:22.306] [modloading-worker-0/DEBUG] [net.minecraftforge.fml.config.ConfigTracker/CONFIG]: Config file kawaii-dishes-common.toml for kawaiidishes tracking
[07Jun2026 04:28:22.360] [modloading-worker-0/INFO] [Furnish/]: Registered Furnish Blocks.
[07Jun2026 04:28:22.361] [modloading-worker-0/INFO] [Furnish/]: Registered Furnish Items.
[07Jun2026 04:28:22.362] [modloading-worker-0/INFO] [Furnish/]: Registered Furnish Recipe Types.
[07Jun2026 04:28:22.362] [modloading-worker-0/INFO] [Furnish/]: Registered Furnish Recipe Serializers.
[07Jun2026 04:28:22.362] [modloading-worker-0/INFO] [Furnish/]: Registered Furnish Sound Events.
[07Jun2026 04:28:22.362] [modloading-worker-0/INFO] [Furnish/]: Registered Furnish Containers.
[07Jun2026 04:28:22.363] [modloading-worker-0/INFO] [Furnish/]: Registered Furnish Entities.
[07Jun2026 04:28:22.363] [modloading-worker-0/INFO] [Furnish/]: Registered Furnish Block Entities.
[07Jun2026 04:28:22.363] [modloading-worker-0/INFO] [Furnish/]: Registered Furnish Painting Variants.
[07Jun2026 04:28:22.372] [modloading-worker-0/INFO] [Furnish/]: Registered Furnish Creative Tab.
[07Jun2026 04:28:22.395] [modloading-worker-0/INFO] [Furnish/]: Registered Furnish Events.
[07Jun2026 04:28:22.404] [modloading-worker-0/DEBUG] [net.minecraftforge.fml.javafmlmod.AutomaticEventSubscriber/LOADING]: Attempting to inject @EventBusSubscriber classes into the eventbus for furnish
[07Jun2026 04:28:22.404] [modloading-worker-0/DEBUG] [net.minecraftforge.fml.javafmlmod.AutomaticEventSubscriber/LOADING]: Auto-subscribing io.github.wouink.furnish.forge.FurnishForge to MOD
[07Jun2026 04:28:22.416] [modloading-worker-0/DEBUG] [net.minecraftforge.fml.javafmlmod.AutomaticEventSubscriber/LOADING]: Attempting to inject @EventBusSubscriber classes into the eventbus for meadow
[07Jun2026 04:28:22.416] [modloading-worker-0/DEBUG] [net.minecraftforge.fml.javafmlmod.AutomaticEventSubscriber/LOADING]: Auto-subscribing net.satisfy.meadow.forge.core.event.MeadowForgeEventhandler$ForgeEvents to FORGE
[07Jun2026 04:28:22.436] [modloading-worker-0/DEBUG] [net.minecraftforge.fml.javafmlmod.AutomaticEventSubscriber/LOADING]: Attempting to inject @EventBusSubscriber classes into the eventbus for kawaiidishes
[07Jun2026 04:28:22.436] [modloading-worker-0/DEBUG] [net.minecraftforge.fml.javafmlmod.AutomaticEventSubscriber/LOADING]: Auto-subscribing com.hakimen.kawaiidishes.world.VillageStructures to FORGE
[07Jun2026 04:28:22.438] [modloading-worker-0/DEBUG] [net.minecraftforge.versions.forge.ForgeVersion/CORE]: Forge Version package package net.minecraftforge.versions.forge, Forge, version 47.3 from cpw.mods.modlauncher.TransformingClassLoader@4b960b5b
[07Jun2026 04:28:22.438] [modloading-worker-0/DEBUG] [net.minecraftforge.fml.javafmlmod.AutomaticEventSubscriber/LOADING]: Auto-subscribing com.hakimen.kawaiidishes.events.VillagerEvents to FORGE
[07Jun2026 04:28:22.440] [modloading-worker-0/DEBUG] [net.minecraftforge.fml.javafmlmod.AutomaticEventSubscriber/LOADING]: Auto-subscribing com.hakimen.kawaiidishes.events.CapabilitiesEvents to FORGE
[07Jun2026 04:28:22.438] [modloading-worker-0/DEBUG] [net.minecraftforge.versions.forge.ForgeVersion/CORE]: Found Forge version 47.3.7
[07Jun2026 04:28:22.444] [modloading-worker-0/DEBUG] [net.minecraftforge.versions.forge.ForgeVersion/CORE]: Found Forge spec 47.3
[07Jun2026 04:28:22.444] [modloading-worker-0/DEBUG] [net.minecraftforge.versions.forge.ForgeVersion/CORE]: Found Forge group net.minecraftforge
[07Jun2026 04:28:22.447] [modloading-worker-0/DEBUG] [net.minecraftforge.versions.mcp.MCPVersion/CORE]: MCP Version package package net.minecraftforge.versions.mcp, Minecraft, version 1.20.1 from cpw.mods.modlauncher.TransformingClassLoader@4b960b5b
[07Jun2026 04:28:22.447] [modloading-worker-0/DEBUG] [net.minecraftforge.versions.mcp.MCPVersion/CORE]: Found MC version information 1.20.1
[07Jun2026 04:28:22.447] [modloading-worker-0/DEBUG] [net.minecraftforge.versions.mcp.MCPVersion/CORE]: Found MCP version information 20230612.114412
[07Jun2026 04:28:22.447] [modloading-worker-0/INFO] [net.minecraftforge.common.ForgeMod/FORGEMOD]: Forge mod loading, version 47.3.7, for MC 1.20.1 with MCP 20230612.114412
[07Jun2026 04:28:22.448] [modloading-worker-0/INFO] [net.minecraftforge.common.MinecraftForge/FORGE]: MinecraftForge v47.3.7 Initialized
[07Jun2026 04:28:22.450] [modloading-worker-0/DEBUG] [net.minecraftforge.fml.javafmlmod.AutomaticEventSubscriber/LOADING]: Auto-subscribing com.hakimen.kawaiidishes.datagen.DataGenerators to MOD
[07Jun2026 04:28:22.452] [modloading-worker-0/DEBUG] [net.minecraftforge.fml.javafmlmod.AutomaticEventSubscriber/LOADING]: Attempting to inject @EventBusSubscriber classes into the eventbus for t_and_t
[07Jun2026 04:28:22.461] [modloading-worker-0/DEBUG] [mixin/]: Mixing LeggingsItemMixin from FarmAndCharm.mixins.json into net.satisfy.farm_and_charm.core.item.DungareesItem
[07Jun2026 04:28:22.465] [modloading-worker-0/DEBUG] [net.minecraftforge.fml.javafmlmod.AutomaticEventSubscriber/LOADING]: Attempting to inject @EventBusSubscriber classes into the eventbus for breadcraft
[07Jun2026 04:28:22.466] [modloading-worker-0/DEBUG] [net.minecraftforge.fml.javafmlmod.AutomaticEventSubscriber/LOADING]: Auto-subscribing net.mcreator.breadcraft.procedures.WildGreensStage7TrampledProcedure to FORGE
[07Jun2026 04:28:22.467] [modloading-worker-0/DEBUG] [net.minecraftforge.fml.javafmlmod.AutomaticEventSubscriber/LOADING]: Auto-subscribing net.mcreator.breadcraft.procedures.WildGreensStage0TrampledProcedure to FORGE
[07Jun2026 04:28:22.468] [modloading-worker-0/DEBUG] [net.minecraftforge.fml.javafmlmod.AutomaticEventSubscriber/LOADING]: Auto-subscribing net.mcreator.breadcraft.procedures.WildGreensShiftBonemealProcedure to FORGE
[07Jun2026 04:28:22.470] [modloading-worker-0/DEBUG] [net.minecraftforge.fml.javafmlmod.AutomaticEventSubscriber/LOADING]: Auto-subscribing net.mcreator.breadcraft.procedures.WildGreensGrassDropsProcedure to FORGE
[07Jun2026 04:28:22.472] [modloading-worker-0/DEBUG] [net.minecraftforge.fml.javafmlmod.AutomaticEventSubscriber/LOADING]: Auto-subscribing net.mcreator.breadcraft.procedures.TomatoStage7TrampledProcedure to FORGE
[07Jun2026 04:28:22.473] [modloading-worker-0/DEBUG] [net.minecraftforge.fml.javafmlmod.AutomaticEventSubscriber/LOADING]: Auto-subscribing net.mcreator.breadcraft.procedures.TomatoStage0TrampledProcedure to FORGE
[07Jun2026 04:28:22.474] [modloading-worker-0/DEBUG] [net.minecraftforge.fml.javafmlmod.AutomaticEventSubscriber/LOADING]: Auto-subscribing net.mcreator.breadcraft.procedures.TomatoShiftBonemealProcedure to FORGE
[07Jun2026 04:28:22.476] [modloading-worker-0/DEBUG] [net.minecraftforge.fml.javafmlmod.AutomaticEventSubscriber/LOADING]: Auto-subscribing net.mcreator.breadcraft.procedures.TomatoGrassDropsProcedure to FORGE
[07Jun2026 04:28:22.478] [modloading-worker-0/DEBUG] [net.minecraftforge.fml.javafmlmod.AutomaticEventSubscriber/LOADING]: Attempting to inject @EventBusSubscriber classes into the eventbus for placeable_food
[07Jun2026 04:28:22.478] [modloading-worker-0/DEBUG] [net.minecraftforge.fml.javafmlmod.AutomaticEventSubscriber/LOADING]: Auto-subscribing net.mcreator.breadcraft.procedures.ThymeStage7TrampledProcedure to FORGE
[07Jun2026 04:28:22.479] [modloading-worker-0/DEBUG] [net.minecraftforge.fml.javafmlmod.AutomaticEventSubscriber/LOADING]: Auto-subscribing net.mcreator.breadcraft.procedures.ThymeStage0TrampledProcedure to FORGE
[07Jun2026 04:28:22.480] [modloading-worker-0/DEBUG] [net.minecraftforge.fml.javafmlmod.AutomaticEventSubscriber/LOADING]: Auto-subscribing net.mcreator.breadcraft.procedures.ThymeShiftBonemealProcedure to FORGE
[07Jun2026 04:28:22.482] [modloading-worker-0/DEBUG] [net.minecraftforge.fml.javafmlmod.AutomaticEventSubscriber/LOADING]: Auto-subscribing net.mcreator.breadcraft.procedures.ThymeGrassDropsProcedure to FORGE
[07Jun2026 04:28:22.484] [modloading-worker-0/DEBUG] [net.minecraftforge.fml.javafmlmod.AutomaticEventSubscriber/LOADING]: Auto-subscribing net.mcreator.breadcraft.procedures.SpruceCounterRotationProcedure to FORGE
[07Jun2026 04:28:22.485] [modloading-worker-0/DEBUG] [net.minecraftforge.fml.javafmlmod.AutomaticEventSubscriber/LOADING]: Auto-subscribing net.mcreator.breadcraft.procedures.RyeStage7TrampledProcedure to FORGE
[07Jun2026 04:28:22.486] [modloading-worker-0/DEBUG] [net.minecraftforge.fml.javafmlmod.AutomaticEventSubscriber/LOADING]: Auto-subscribing net.mcreator.breadcraft.procedures.RyeStage0TrampledProcedure to FORGE
[07Jun2026 04:28:22.487] [modloading-worker-0/DEBUG] [net.minecraftforge.fml.javafmlmod.AutomaticEventSubscriber/LOADING]: Auto-subscribing net.mcreator.breadcraft.procedures.RyeShiftBonemealProcedure to FORGE
[07Jun2026 04:28:22.490] [modloading-worker-0/DEBUG] [net.minecraftforge.fml.javafmlmod.AutomaticEventSubscriber/LOADING]: Auto-subscribing net.mcreator.breadcraft.procedures.RyeGrassDropsProcedure to FORGE
[07Jun2026 04:28:22.491] [modloading-worker-0/DEBUG] [net.minecraftforge.fml.javafmlmod.AutomaticEventSubscriber/LOADING]: Auto-subscribing net.mcreator.breadcraft.procedures.RosemaryStage7TrampledProcedure to FORGE
[07Jun2026 04:28:22.492] [modloading-worker-0/DEBUG] [net.minecraftforge.fml.javafmlmod.AutomaticEventSubscriber/LOADING]: Auto-subscribing net.mcreator.breadcraft.procedures.RosemaryStage0TrampledProcedure to FORGE
[07Jun2026 04:28:22.493] [modloading-worker-0/DEBUG] [net.minecraftforge.fml.javafmlmod.AutomaticEventSubscriber/LOADING]: Auto-subscribing net.mcreator.breadcraft.procedures.RosemaryShiftBonemealProcedure to FORGE
[07Jun2026 04:28:22.495] [modloading-worker-0/DEBUG] [net.minecraftforge.fml.javafmlmod.AutomaticEventSubscriber/LOADING]: Auto-subscribing net.mcreator.breadcraft.procedures.RosemaryGrassDropsProcedure to FORGE
[07Jun2026 04:28:22.496] [modloading-worker-0/DEBUG] [net.minecraftforge.fml.javafmlmod.AutomaticEventSubscriber/LOADING]: Auto-subscribing net.mcreator.breadcraft.procedures.PepperShiftBonemealProcedure to FORGE
[07Jun2026 04:28:22.498] [modloading-worker-0/DEBUG] [net.minecraftforge.fml.javafmlmod.AutomaticEventSubscriber/LOADING]: Auto-subscribing net.mcreator.breadcraft.procedures.PepperGrassDropsProcedure to FORGE
[07Jun2026 04:28:22.500] [modloading-worker-0/DEBUG] [net.minecraftforge.fml.javafmlmod.AutomaticEventSubscriber/LOADING]: Auto-subscribing net.mcreator.breadcraft.procedures.PeanutStage7TrampledProcedure to FORGE
[07Jun2026 04:28:22.501] [modloading-worker-0/DEBUG] [net.minecraftforge.fml.javafmlmod.AutomaticEventSubscriber/LOADING]: Auto-subscribing net.mcreator.breadcraft.procedures.PeanutStage0TrampledProcedure to FORGE
[07Jun2026 04:28:22.504] [modloading-worker-0/DEBUG] [net.minecraftforge.fml.javafmlmod.AutomaticEventSubscriber/LOADING]: Auto-subscribing net.mcreator.breadcraft.procedures.PeanutShiftBonemealProcedure to FORGE
[07Jun2026 04:28:22.506] [modloading-worker-0/DEBUG] [net.minecraftforge.fml.javafmlmod.AutomaticEventSubscriber/LOADING]: Auto-subscribing net.mcreator.breadcraft.procedures.PeanutGrassDropsProcedure to FORGE
[07Jun2026 04:28:22.508] [modloading-worker-0/DEBUG] [net.minecraftforge.fml.javafmlmod.AutomaticEventSubscriber/LOADING]: Auto-subscribing net.mcreator.breadcraft.procedures.OnionStage7TrampledProcedure to FORGE
[07Jun2026 04:28:22.509] [modloading-worker-0/DEBUG] [net.minecraftforge.fml.javafmlmod.AutomaticEventSubscriber/LOADING]: Auto-subscribing net.mcreator.breadcraft.procedures.OnionStage0TrampledProcedure to FORGE
[07Jun2026 04:28:22.510] [modloading-worker-0/DEBUG] [net.minecraftforge.fml.javafmlmod.AutomaticEventSubscriber/LOADING]: Auto-subscribing net.mcreator.breadcraft.procedures.OnionShiftBonemealProcedure to FORGE
[07Jun2026 04:28:22.512] [modloading-worker-0/DEBUG] [net.minecraftforge.fml.javafmlmod.AutomaticEventSubscriber/LOADING]: Auto-subscribing net.mcreator.breadcraft.procedures.OnionGrassDropsProcedure to FORGE
[07Jun2026 04:28:22.513] [modloading-worker-0/DEBUG] [net.minecraftforge.fml.javafmlmod.AutomaticEventSubscriber/LOADING]: Auto-subscribing net.mcreator.breadcraft.procedures.OakCounterRotationProcedure to FORGE
[07Jun2026 04:28:22.515] [modloading-worker-0/DEBUG] [net.minecraftforge.fml.javafmlmod.AutomaticEventSubscriber/LOADING]: Auto-subscribing net.mcreator.breadcraft.procedures.MustardStage7TrampledProcedure to FORGE
[07Jun2026 04:28:22.515] [modloading-worker-0/DEBUG] [net.minecraftforge.fml.javafmlmod.AutomaticEventSubscriber/LOADING]: Auto-subscribing net.mcreator.breadcraft.procedures.MustardStage0TrampledProcedure to FORGE
[07Jun2026 04:28:22.516] [modloading-worker-0/DEBUG] [net.minecraftforge.fml.javafmlmod.AutomaticEventSubscriber/LOADING]: Auto-subscribing net.mcreator.breadcraft.procedures.MustardShiftBonemealProcedure to FORGE
[07Jun2026 04:28:22.519] [modloading-worker-0/DEBUG] [net.minecraftforge.fml.javafmlmod.AutomaticEventSubscriber/LOADING]: Auto-subscribing net.mcreator.breadcraft.procedures.MustardGrassDropsProcedure to FORGE
[07Jun2026 04:28:22.520] [modloading-worker-0/DEBUG] [net.minecraftforge.fml.javafmlmod.AutomaticEventSubscriber/LOADING]: Auto-subscribing net.mcreator.breadcraft.procedures.MangroveCounterRotationProcedure to FORGE
[07Jun2026 04:28:22.524] [modloading-worker-0/DEBUG] [net.minecraftforge.fml.javafmlmod.AutomaticEventSubscriber/LOADING]: Auto-subscribing net.mcreator.breadcraft.procedures.LemonDropProcedure to FORGE
[07Jun2026 04:28:22.526] [modloading-worker-0/DEBUG] [net.minecraftforge.fml.javafmlmod.AutomaticEventSubscriber/LOADING]: Auto-subscribing net.mcreator.breadcraft.procedures.JungleCounterRotationProcedure to FORGE
[07Jun2026 04:28:22.530] [modloading-worker-0/DEBUG] [net.minecraftforge.fml.javafmlmod.AutomaticEventSubscriber/LOADING]: Auto-subscribing net.mcreator.breadcraft.procedures.HotPepperStage7TrampledProcedure to FORGE
[07Jun2026 04:28:22.533] [modloading-worker-0/DEBUG] [net.minecraftforge.fml.javafmlmod.AutomaticEventSubscriber/LOADING]: Auto-subscribing net.mcreator.breadcraft.procedures.HotPepperStage0TrampledProcedure to FORGE
[07Jun2026 04:28:22.533] [modloading-worker-0/DEBUG] [net.minecraftforge.fml.javafmlmod.AutomaticEventSubscriber/LOADING]: Auto-subscribing net.mcreator.breadcraft.procedures.GarlicStage7TrampledProcedure to FORGE
[07Jun2026 04:28:22.537] [modloading-worker-0/DEBUG] [net.minecraftforge.fml.javafmlmod.AutomaticEventSubscriber/LOADING]: Auto-subscribing net.mcreator.breadcraft.procedures.GarlicStage0TrampledProcedure to FORGE
[07Jun2026 04:28:22.539] [modloading-worker-0/DEBUG] [net.minecraftforge.fml.javafmlmod.AutomaticEventSubscriber/LOADING]: Auto-subscribing net.mcreator.breadcraft.procedures.GarlicShiftBonemealProcedure to FORGE
[07Jun2026 04:28:22.548] [modloading-worker-0/DEBUG] [net.minecraftforge.fml.javafmlmod.AutomaticEventSubscriber/LOADING]: Auto-subscribing net.mcreator.breadcraft.procedures.GarlicGrassDropsProcedure to FORGE
[07Jun2026 04:28:22.559] [modloading-worker-0/DEBUG] [net.minecraftforge.fml.javafmlmod.AutomaticEventSubscriber/LOADING]: Auto-subscribing net.mcreator.breadcraft.procedures.DarkOakCounterRotationProcedure to FORGE
[07Jun2026 04:28:22.561] [modloading-worker-0/INFO] [dev.architectury.networking.forge.NetworkManagerImpl/]: Registering C2S receiver with id bakery:set_sign_text
[07Jun2026 04:28:22.561] [modloading-worker-0/DEBUG] [net.minecraftforge.fml.javafmlmod.AutomaticEventSubscriber/LOADING]: Auto-subscribing net.mcreator.breadcraft.procedures.CounterRotationProcedure to FORGE
[07Jun2026 04:28:22.567] [modloading-worker-0/DEBUG] [net.minecraftforge.fml.javafmlmod.AutomaticEventSubscriber/LOADING]: Auto-subscribing net.mcreator.breadcraft.procedures.CaperStage7WaterProcedure to FORGE
[07Jun2026 04:28:22.572] [modloading-worker-0/DEBUG] [net.minecraftforge.fml.javafmlmod.AutomaticEventSubscriber/LOADING]: Auto-subscribing net.mcreator.breadcraft.procedures.CaperStage0TrampledProcedure to FORGE
[07Jun2026 04:28:22.573] [modloading-worker-0/DEBUG] [net.minecraftforge.fml.javafmlmod.AutomaticEventSubscriber/LOADING]: Auto-subscribing net.mcreator.breadcraft.procedures.CaperShiftBonemealProcedure to FORGE
[07Jun2026 04:28:22.575] [modloading-worker-0/DEBUG] [io.netty.util.internal.PlatformDependent0/]: -Dio.netty.noUnsafe: false
[07Jun2026 04:28:22.577] [modloading-worker-0/DEBUG] [io.netty.util.internal.PlatformDependent0/]: Java version: 17
[07Jun2026 04:28:22.577] [modloading-worker-0/DEBUG] [io.netty.util.internal.PlatformDependent0/]: sun.misc.Unsafe.theUnsafe: available
[07Jun2026 04:28:22.579] [modloading-worker-0/DEBUG] [net.minecraftforge.fml.javafmlmod.AutomaticEventSubscriber/LOADING]: Auto-subscribing net.mcreator.breadcraft.procedures.CaperGrassDropsProcedure to FORGE
[07Jun2026 04:28:22.581] [modloading-worker-0/DEBUG] [net.minecraftforge.fml.javafmlmod.AutomaticEventSubscriber/LOADING]: Auto-subscribing net.mcreator.breadcraft.procedures.BasilStage7TrampledProcedure to FORGE
[07Jun2026 04:28:22.581] [modloading-worker-0/DEBUG] [io.netty.util.internal.PlatformDependent0/]: sun.misc.Unsafe.copyMemory: available
[07Jun2026 04:28:22.582] [modloading-worker-0/DEBUG] [io.netty.util.internal.PlatformDependent0/]: sun.misc.Unsafe.storeFence: available
[07Jun2026 04:28:22.582] [modloading-worker-0/DEBUG] [io.netty.util.internal.PlatformDependent0/]: java.nio.Buffer.address: available
[07Jun2026 04:28:22.583] [modloading-worker-0/DEBUG] [io.netty.util.internal.PlatformDependent0/]: direct buffer constructor: unavailable
java.lang.UnsupportedOperationException: Reflective setAccessible(true) disabled
	at io.netty.util.internal.ReflectionUtil.trySetAccessible(ReflectionUtil.java:31) ~[netty-common-4.1.82.Final.jar%2382!/:4.1.82.Final]
	at io.netty.util.internal.PlatformDependent0$5.run(PlatformDependent0.java:288) ~[netty-common-4.1.82.Final.jar%2382!/:4.1.82.Final]
	at java.security.AccessController.doPrivileged(AccessController.java:318) ~[?:?]
	at io.netty.util.internal.PlatformDependent0.<clinit>(PlatformDependent0.java:282) ~[netty-common-4.1.82.Final.jar%2382!/:4.1.82.Final]
	at io.netty.util.internal.PlatformDependent.isAndroid(PlatformDependent.java:333) ~[netty-common-4.1.82.Final.jar%2382!/:4.1.82.Final]
	at io.netty.util.internal.PlatformDependent.<clinit>(PlatformDependent.java:88) ~[netty-common-4.1.82.Final.jar%2382!/:4.1.82.Final]
	at io.netty.util.ConstantPool.<init>(ConstantPool.java:34) ~[netty-common-4.1.82.Final.jar%2382!/:4.1.82.Final]
	at io.netty.util.AttributeKey$1.<init>(AttributeKey.java:27) ~[netty-common-4.1.82.Final.jar%2382!/:4.1.82.Final]
	at io.netty.util.AttributeKey.<clinit>(AttributeKey.java:27) ~[netty-common-4.1.82.Final.jar%2382!/:4.1.82.Final]
	at net.minecraftforge.network.NetworkConstants.<clinit>(NetworkConstants.java:34) ~[forge-1.20.1-47.3.7-universal.jar%23158!/:?]
	at net.minecraftforge.common.ForgeMod.<init>(ForgeMod.java:429) ~[forge-1.20.1-47.3.7-universal.jar%23158!/:?]
	at jdk.internal.reflect.NativeConstructorAccessorImpl.newInstance0(Native Method) ~[?:?]
	at jdk.internal.reflect.NativeConstructorAccessorImpl.newInstance(NativeConstructorAccessorImpl.java:77) ~[?:?]
	at jdk.internal.reflect.DelegatingConstructorAccessorImpl.newInstance(DelegatingConstructorAccessorImpl.java:45) ~[?:?]
	at java.lang.reflect.Constructor.newInstanceWithCaller(Constructor.java:500) ~[?:?]
	at java.lang.reflect.Constructor.newInstance(Constructor.java:481) ~[?:?]
	at net.minecraftforge.fml.javafmlmod.FMLModContainer.constructMod(FMLModContainer.java:70) ~[javafmllanguage-1.20.1-47.3.7.jar%23155!/:?]
	at net.minecraftforge.fml.ModContainer.lambda$buildTransitionHandler$4(ModContainer.java:124) ~[fmlcore-1.20.1-47.3.7.jar%23154!/:?]
	at java.util.concurrent.CompletableFuture$AsyncRun.run(CompletableFuture.java:1804) ~[?:?]
	at java.util.concurrent.CompletableFuture$AsyncRun.exec(CompletableFuture.java:1796) ~[?:?]
	at java.util.concurrent.ForkJoinTask.doExec(ForkJoinTask.java:373) ~[?:?]
	at java.util.concurrent.ForkJoinPool$WorkQueue.topLevelExec(ForkJoinPool.java:1182) ~[?:?]
	at java.util.concurrent.ForkJoinPool.scan(ForkJoinPool.java:1655) ~[?:?]
	at java.util.concurrent.ForkJoinPool.runWorker(ForkJoinPool.java:1622) ~[?:?]
	at java.util.concurrent.ForkJoinWorkerThread.run(ForkJoinWorkerThread.java:165) ~[?:?]
[07Jun2026 04:28:22.585] [modloading-worker-0/DEBUG] [net.minecraftforge.fml.javafmlmod.AutomaticEventSubscriber/LOADING]: Auto-subscribing net.mcreator.breadcraft.procedures.BasilStage0TrampledProcedure to FORGE
[07Jun2026 04:28:22.586] [modloading-worker-0/DEBUG] [net.minecraftforge.fml.javafmlmod.AutomaticEventSubscriber/LOADING]: Auto-subscribing net.mcreator.breadcraft.procedures.BasilShiftBonemealProcedure to FORGE
[07Jun2026 04:28:22.587] [modloading-worker-0/DEBUG] [io.netty.util.internal.PlatformDependent0/]: java.nio.Bits.unaligned: available, true
[07Jun2026 04:28:22.587] [modloading-worker-0/DEBUG] [net.minecraftforge.fml.javafmlmod.AutomaticEventSubscriber/LOADING]: Attempting to inject @EventBusSubscriber classes into the eventbus for bakery
[07Jun2026 04:28:22.590] [modloading-worker-0/DEBUG] [io.netty.util.internal.PlatformDependent0/]: jdk.internal.misc.Unsafe.allocateUninitializedArray(int): unavailable
java.lang.IllegalAccessException: class io.netty.util.internal.PlatformDependent0$7 (in module io.netty.common) cannot access class jdk.internal.misc.Unsafe (in module java.base) because module java.base does not export jdk.internal.misc to module io.netty.common
	at jdk.internal.reflect.Reflection.newIllegalAccessException(Reflection.java:392) ~[?:?]
	at java.lang.reflect.AccessibleObject.checkAccess(AccessibleObject.java:674) ~[?:?]
	at java.lang.reflect.Method.invoke(Method.java:561) ~[?:?]
	at io.netty.util.internal.PlatformDependent0$7.run(PlatformDependent0.java:410) ~[netty-common-4.1.82.Final.jar%2382!/:4.1.82.Final]
	at java.security.AccessController.doPrivileged(AccessController.java:318) ~[?:?]
	at io.netty.util.internal.PlatformDependent0.<clinit>(PlatformDependent0.java:401) ~[netty-common-4.1.82.Final.jar%2382!/:4.1.82.Final]
	at io.netty.util.internal.PlatformDependent.isAndroid(PlatformDependent.java:333) ~[netty-common-4.1.82.Final.jar%2382!/:4.1.82.Final]
	at io.netty.util.internal.PlatformDependent.<clinit>(PlatformDependent.java:88) ~[netty-common-4.1.82.Final.jar%2382!/:4.1.82.Final]
	at io.netty.util.ConstantPool.<init>(ConstantPool.java:34) ~[netty-common-4.1.82.Final.jar%2382!/:4.1.82.Final]
	at io.netty.util.AttributeKey$1.<init>(AttributeKey.java:27) ~[netty-common-4.1.82.Final.jar%2382!/:4.1.82.Final]
	at io.netty.util.AttributeKey.<clinit>(AttributeKey.java:27) ~[netty-common-4.1.82.Final.jar%2382!/:4.1.82.Final]
	at net.minecraftforge.network.NetworkConstants.<clinit>(NetworkConstants.java:34) ~[forge-1.20.1-47.3.7-universal.jar%23158!/:?]
	at net.minecraftforge.common.ForgeMod.<init>(ForgeMod.java:429) ~[forge-1.20.1-47.3.7-universal.jar%23158!/:?]
	at jdk.internal.reflect.NativeConstructorAccessorImpl.newInstance0(Native Method) ~[?:?]
	at jdk.internal.reflect.NativeConstructorAccessorImpl.newInstance(NativeConstructorAccessorImpl.java:77) ~[?:?]
	at jdk.internal.reflect.DelegatingConstructorAccessorImpl.newInstance(DelegatingConstructorAccessorImpl.java:45) ~[?:?]
	at java.lang.reflect.Constructor.newInstanceWithCaller(Constructor.java:500) ~[?:?]
	at java.lang.reflect.Constructor.newInstance(Constructor.java:481) ~[?:?]
	at net.minecraftforge.fml.javafmlmod.FMLModContainer.constructMod(FMLModContainer.java:70) ~[javafmllanguage-1.20.1-47.3.7.jar%23155!/:?]
	at net.minecraftforge.fml.ModContainer.lambda$buildTransitionHandler$4(ModContainer.java:124) ~[fmlcore-1.20.1-47.3.7.jar%23154!/:?]
	at java.util.concurrent.CompletableFuture$AsyncRun.run(CompletableFuture.java:1804) ~[?:?]
	at java.util.concurrent.CompletableFuture$AsyncRun.exec(CompletableFuture.java:1796) ~[?:?]
	at java.util.concurrent.ForkJoinTask.doExec(ForkJoinTask.java:373) ~[?:?]
	at java.util.concurrent.ForkJoinPool$WorkQueue.topLevelExec(ForkJoinPool.java:1182) ~[?:?]
	at java.util.concurrent.ForkJoinPool.scan(ForkJoinPool.java:1655) ~[?:?]
	at java.util.concurrent.ForkJoinPool.runWorker(ForkJoinPool.java:1622) ~[?:?]
	at java.util.concurrent.ForkJoinWorkerThread.run(ForkJoinWorkerThread.java:165) ~[?:?]
[07Jun2026 04:28:22.596] [modloading-worker-0/DEBUG] [io.netty.util.internal.PlatformDependent0/]: java.nio.DirectByteBuffer.<init>(long, int): unavailable
[07Jun2026 04:28:22.596] [modloading-worker-0/DEBUG] [io.netty.util.internal.PlatformDependent/]: sun.misc.Unsafe: available
[07Jun2026 04:28:22.596] [modloading-worker-0/DEBUG] [io.netty.util.internal.PlatformDependent/]: maxDirectMemory: 12884901888 bytes (maybe)
[07Jun2026 04:28:22.596] [modloading-worker-0/DEBUG] [io.netty.util.internal.PlatformDependent/]: -Dio.netty.tmpdir: /tmp (java.io.tmpdir)
[07Jun2026 04:28:22.596] [modloading-worker-0/DEBUG] [io.netty.util.internal.PlatformDependent/]: -Dio.netty.bitMode: 64 (sun.arch.data.model)
[07Jun2026 04:28:22.598] [modloading-worker-0/DEBUG] [net.minecraftforge.fml.javafmlmod.AutomaticEventSubscriber/LOADING]: Auto-subscribing net.mcreator.breadcraft.procedures.BasilGrassDropsProcedure to FORGE
[07Jun2026 04:28:22.600] [modloading-worker-0/DEBUG] [net.minecraftforge.fml.javafmlmod.AutomaticEventSubscriber/LOADING]: Auto-subscribing net.mcreator.breadcraft.procedures.AcaciaCounterRotationProcedure to FORGE
[07Jun2026 04:28:22.600] [modloading-worker-0/DEBUG] [io.netty.util.internal.PlatformDependent/]: -Dio.netty.maxDirectMemory: -1 bytes
[07Jun2026 04:28:22.600] [modloading-worker-0/DEBUG] [io.netty.util.internal.PlatformDependent/]: -Dio.netty.uninitializedArrayAllocationThreshold: -1
[07Jun2026 04:28:22.606] [modloading-worker-0/DEBUG] [io.netty.util.internal.CleanerJava9/]: java.nio.ByteBuffer.cleaner(): available
[07Jun2026 04:28:22.607] [modloading-worker-0/DEBUG] [io.netty.util.internal.PlatformDependent/]: -Dio.netty.noPreferDirect: false
[07Jun2026 04:28:22.613] [modloading-worker-0/INFO] [dev.architectury.networking.forge.NetworkManagerImpl/]: Registering C2S receiver with id farm_and_charm:set_text
[07Jun2026 04:28:22.615] [modloading-worker-0/DEBUG] [net.minecraftforge.fml.javafmlmod.AutomaticEventSubscriber/LOADING]: Auto-subscribing net.mcreator.breadcraft.network.SaltPotGUISlotMessage to MOD
[07Jun2026 04:28:22.616] [modloading-worker-0/DEBUG] [net.minecraftforge.fml.javafmlmod.AutomaticEventSubscriber/LOADING]: Auto-subscribing net.mcreator.breadcraft.network.KnifeBlockGuiSlotMessage to MOD
[07Jun2026 04:28:22.629] [modloading-worker-0/DEBUG] [net.minecraftforge.fml.javafmlmod.AutomaticEventSubscriber/LOADING]: Auto-subscribing net.mcreator.breadcraft.network.KneadingBoardMenuButtonMessage to MOD
[07Jun2026 04:28:22.630] [modloading-worker-0/DEBUG] [net.minecraftforge.fml.javafmlmod.AutomaticEventSubscriber/LOADING]: Auto-subscribing net.mcreator.breadcraft.init.BreadcraftModConfigs to MOD
[07Jun2026 04:28:22.630] [modloading-worker-0/DEBUG] [net.minecraftforge.fml.javafmlmod.AutomaticEventSubscriber/LOADING]: Auto-subscribing net.mcreator.breadcraft.init.BreadcraftModCompostableItems to MOD
[07Jun2026 04:28:22.635] [modloading-worker-0/DEBUG] [net.minecraftforge.fml.javafmlmod.AutomaticEventSubscriber/LOADING]: Attempting to inject @EventBusSubscriber classes into the eventbus for farm_and_charm
[07Jun2026 04:28:22.636] [modloading-worker-0/DEBUG] [net.minecraftforge.fml.javafmlmod.AutomaticEventSubscriber/LOADING]: Attempting to inject @EventBusSubscriber classes into the eventbus for betterdogs_dtn
[07Jun2026 04:28:22.653] [modloading-worker-0/DEBUG] [net.minecraftforge.common.ForgeMod/FORGEMOD]: Loading Network data for FML net version: FML3
[07Jun2026 04:28:22.668] [modloading-worker-0/DEBUG] [net.minecraftforge.fml.config.ConfigTracker/CONFIG]: Config file forge-client.toml for forge tracking
[07Jun2026 04:28:22.668] [modloading-worker-0/DEBUG] [net.minecraftforge.fml.config.ConfigTracker/CONFIG]: Config file forge-server.toml for forge tracking
[07Jun2026 04:28:22.668] [modloading-worker-0/DEBUG] [net.minecraftforge.fml.ModLoadingContext/]: Attempted to register an empty config for type COMMON on mod forge
[07Jun2026 04:28:22.691] [modloading-worker-0/DEBUG] [net.minecraftforge.fml.javafmlmod.AutomaticEventSubscriber/LOADING]: Attempting to inject @EventBusSubscriber classes into the eventbus for forge
[07Jun2026 04:28:22.691] [modloading-worker-0/DEBUG] [net.minecraftforge.fml.javafmlmod.AutomaticEventSubscriber/LOADING]: Auto-subscribing net.minecraftforge.common.ForgeSpawnEggItem$CommonHandler to MOD
[07Jun2026 04:28:22.702] [modloading-worker-0/DEBUG] [Cristel Lib/]: Couldn't parse: "T&T Waystone Patch Pack" to a component
com.mojang.brigadier.exceptions.CommandSyntaxException: Invalid chat component: Use JsonReader.setLenient(true) to accept malformed JSON at line 1 column 1 path $ at position 0: <--[HERE]
[07Jun2026 04:28:22.785] [modloading-worker-0/DEBUG] [net.minecraftforge.fml.javafmlmod.AutomaticEventSubscriber/LOADING]: Attempting to inject @EventBusSubscriber classes into the eventbus for friendsandfoes
[07Jun2026 04:28:22.788] [modloading-worker-0/DEBUG] [net.minecraftforge.fml.javafmlmod.AutomaticEventSubscriber/LOADING]: Auto-subscribing com.faboslav.friendsandfoes.forge.datagen.StructureNbtUpdaterDatagen to MOD
[07Jun2026 04:28:22.829] [modloading-worker-0/DEBUG] [net.minecraftforge.fml.javafmlmod.AutomaticEventSubscriber/LOADING]: Attempting to inject @EventBusSubscriber classes into the eventbus for cristellib
[07Jun2026 04:28:22.832] [main/DEBUG] [net.minecraftforge.fml.DeferredWorkQueue/LOADING]: Dispatching synchronous work for work queue CONSTRUCT: 1 jobs
[07Jun2026 04:28:22.836] [main/DEBUG] [net.minecraftforge.fml.config.ConfigTracker/CONFIG]: Config file sootsandwichcraft.toml for breadcraft tracking
[07Jun2026 04:28:22.837] [main/DEBUG] [net.minecraftforge.fml.DeferredWorkQueue/LOADING]: Synchronous work queue completed in 3.887 ms
[07Jun2026 04:28:22.890] [main/DEBUG] [net.minecraftforge.common.capabilities.CapabilityManager/CAPABILITIES]: Attempting to automatically register: Lnet/minecraftforge/energy/IEnergyStorage;
[07Jun2026 04:28:22.890] [main/DEBUG] [net.minecraftforge.common.capabilities.CapabilityManager/CAPABILITIES]: Attempting to automatically register: Lnet/minecraftforge/fluids/capability/IFluidHandler;
[07Jun2026 04:28:22.890] [main/DEBUG] [net.minecraftforge.common.capabilities.CapabilityManager/CAPABILITIES]: Attempting to automatically register: Lnet/minecraftforge/fluids/capability/IFluidHandlerItem;
[07Jun2026 04:28:22.890] [main/DEBUG] [net.minecraftforge.common.capabilities.CapabilityManager/CAPABILITIES]: Attempting to automatically register: Lnet/minecraftforge/items/IItemHandler;
[07Jun2026 04:28:28.314] [main/WARN] [dev.architectury.registry.registries.forge.RegistrarManagerImpl/]: Registry entry listened Registry Entry [minecraft:entity_type / meadow:wooly_cow] was not realized!
[07Jun2026 04:28:28.315] [main/WARN] [dev.architectury.registry.registries.forge.RegistrarManagerImpl/]: Registry entry listened Registry Entry [minecraft:entity_type / meadow:wooly_sheep] was not realized!
[07Jun2026 04:28:28.315] [main/WARN] [dev.architectury.registry.registries.forge.RegistrarManagerImpl/]: Registry entry listened Registry Entry [minecraft:entity_type / meadow:water_buffalo] was not realized!
[07Jun2026 04:28:28.317] [main/DEBUG] [dev.architectury.core.item.ArchitecturySpawnEggItem/]: Registering spawn egg water_buffalo_spawn_egg for meadow:water_buffalo
[07Jun2026 04:28:28.319] [main/DEBUG] [dev.architectury.core.item.ArchitecturySpawnEggItem/]: Registering spawn egg wooly_cow_spawn_egg for meadow:wooly_cow
[07Jun2026 04:28:28.320] [main/DEBUG] [dev.architectury.core.item.ArchitecturySpawnEggItem/]: Registering spawn egg wooly_sheep_spawn_egg for meadow:wooly_sheep
[07Jun2026 04:28:28.654] [main/DEBUG] [net.minecraftforge.fml.config.ConfigTracker/CONFIG]: Loading configs type COMMON
[07Jun2026 04:28:28.655] [main/DEBUG] [net.minecraftforge.fml.config.ConfigFileTypeHandler/CONFIG]: Built TOML config for /workspaces/NEW-WORLD/servidor_minecraft/config/farmersdelight-common.toml
[07Jun2026 04:28:28.656] [main/DEBUG] [net.minecraftforge.fml.config.ConfigFileTypeHandler/CONFIG]: Loaded TOML config file /workspaces/NEW-WORLD/servidor_minecraft/config/farmersdelight-common.toml
[07Jun2026 04:28:28.661] [main/DEBUG] [net.minecraftforge.fml.config.ConfigFileTypeHandler/CONFIG]: Watching TOML config file /workspaces/NEW-WORLD/servidor_minecraft/config/farmersdelight-common.toml for changes
[07Jun2026 04:28:28.663] [Thread-1/DEBUG] [net.minecraftforge.fml.config.ConfigFileTypeHandler/CONFIG]: Config file farmersdelight-common.toml changed, sending notifies
[07Jun2026 04:28:28.663] [main/DEBUG] [net.minecraftforge.fml.config.ConfigFileTypeHandler/CONFIG]: Built TOML config for /workspaces/NEW-WORLD/servidor_minecraft/config/tameable-beasts-common.toml
[07Jun2026 04:28:28.664] [Thread-1/DEBUG] [net.minecraftforge.fml.config.ConfigFileTypeHandler/CONFIG]: Config file farmersdelight-common.toml changed, sending notifies
[07Jun2026 04:28:28.665] [main/DEBUG] [net.minecraftforge.fml.config.ConfigFileTypeHandler/CONFIG]: Loaded TOML config file /workspaces/NEW-WORLD/servidor_minecraft/config/tameable-beasts-common.toml
[07Jun2026 04:28:28.665] [main/DEBUG] [net.minecraftforge.fml.config.ConfigFileTypeHandler/CONFIG]: Watching TOML config file /workspaces/NEW-WORLD/servidor_minecraft/config/tameable-beasts-common.toml for changes
[07Jun2026 04:28:28.665] [Thread-1/DEBUG] [net.minecraftforge.fml.config.ConfigFileTypeHandler/CONFIG]: Config file tameable-beasts-common.toml changed, sending notifies
[07Jun2026 04:28:28.666] [main/DEBUG] [net.minecraftforge.fml.config.ConfigFileTypeHandler/CONFIG]: Built TOML config for /workspaces/NEW-WORLD/servidor_minecraft/config/faunify-common.toml
[07Jun2026 04:28:28.666] [Thread-1/DEBUG] [net.minecraftforge.fml.config.ConfigFileTypeHandler/CONFIG]: Config file tameable-beasts-common.toml changed, sending notifies
[07Jun2026 04:28:28.667] [main/DEBUG] [net.minecraftforge.fml.config.ConfigFileTypeHandler/CONFIG]: Loaded TOML config file /workspaces/NEW-WORLD/servidor_minecraft/config/faunify-common.toml
[07Jun2026 04:28:28.667] [main/DEBUG] [net.minecraftforge.fml.config.ConfigFileTypeHandler/CONFIG]: Watching TOML config file /workspaces/NEW-WORLD/servidor_minecraft/config/faunify-common.toml for changes
[07Jun2026 04:28:28.667] [Thread-1/DEBUG] [net.minecraftforge.fml.config.ConfigFileTypeHandler/CONFIG]: Config file faunify-common.toml changed, sending notifies
[07Jun2026 04:28:28.667] [main/DEBUG] [net.minecraftforge.fml.config.ConfigFileTypeHandler/CONFIG]: Built TOML config for /workspaces/NEW-WORLD/servidor_minecraft/config/citadel-common.toml
[07Jun2026 04:28:28.668] [Thread-1/DEBUG] [net.minecraftforge.fml.config.ConfigFileTypeHandler/CONFIG]: Config file faunify-common.toml changed, sending notifies
[07Jun2026 04:28:28.668] [main/DEBUG] [net.minecraftforge.fml.config.ConfigFileTypeHandler/CONFIG]: Loaded TOML config file /workspaces/NEW-WORLD/servidor_minecraft/config/citadel-common.toml
[07Jun2026 04:28:28.668] [main/DEBUG] [net.minecraftforge.fml.config.ConfigFileTypeHandler/CONFIG]: Watching TOML config file /workspaces/NEW-WORLD/servidor_minecraft/config/citadel-common.toml for changes
[07Jun2026 04:28:28.669] [Thread-1/DEBUG] [net.minecraftforge.fml.config.ConfigFileTypeHandler/CONFIG]: Config file citadel-common.toml changed, sending notifies
[07Jun2026 04:28:28.669] [main/DEBUG] [net.minecraftforge.fml.config.ConfigFileTypeHandler/CONFIG]: Built TOML config for /workspaces/NEW-WORLD/servidor_minecraft/config/cluttered-common.toml
[07Jun2026 04:28:28.669] [main/DEBUG] [net.minecraftforge.fml.config.ConfigFileTypeHandler/CONFIG]: Loaded TOML config file /workspaces/NEW-WORLD/servidor_minecraft/config/cluttered-common.toml
[07Jun2026 04:28:28.669] [main/DEBUG] [net.minecraftforge.fml.config.ConfigFileTypeHandler/CONFIG]: Watching TOML config file /workspaces/NEW-WORLD/servidor_minecraft/config/cluttered-common.toml for changes
[07Jun2026 04:28:28.669] [Thread-1/DEBUG] [net.minecraftforge.fml.config.ConfigFileTypeHandler/CONFIG]: Config file citadel-common.toml changed, sending notifies
[07Jun2026 04:28:28.669] [Thread-1/DEBUG] [net.minecraftforge.fml.config.ConfigFileTypeHandler/CONFIG]: Config file cluttered-common.toml changed, sending notifies
[07Jun2026 04:28:28.669] [main/DEBUG] [net.minecraftforge.fml.config.ConfigFileTypeHandler/CONFIG]: Built TOML config for /workspaces/NEW-WORLD/servidor_minecraft/config/alexsmobs.toml
[07Jun2026 04:28:28.670] [Thread-1/DEBUG] [net.minecraftforge.fml.config.ConfigFileTypeHandler/CONFIG]: Config file cluttered-common.toml changed, sending notifies
[07Jun2026 04:28:28.673] [main/DEBUG] [net.minecraftforge.fml.config.ConfigFileTypeHandler/CONFIG]: Loaded TOML config file /workspaces/NEW-WORLD/servidor_minecraft/config/alexsmobs.toml
[07Jun2026 04:28:28.673] [main/DEBUG] [net.minecraftforge.fml.config.ConfigFileTypeHandler/CONFIG]: Watching TOML config file /workspaces/NEW-WORLD/servidor_minecraft/config/alexsmobs.toml for changes
[07Jun2026 04:28:28.734] [Thread-1/DEBUG] [net.minecraftforge.fml.config.ConfigFileTypeHandler/CONFIG]: Config file alexsmobs.toml changed, sending notifies
[07Jun2026 04:28:28.734] [main/DEBUG] [net.minecraftforge.fml.config.ConfigFileTypeHandler/CONFIG]: Built TOML config for /workspaces/NEW-WORLD/servidor_minecraft/config/kawaii-dishes-common.toml
[07Jun2026 04:28:28.736] [main/DEBUG] [net.minecraftforge.fml.config.ConfigFileTypeHandler/CONFIG]: Loaded TOML config file /workspaces/NEW-WORLD/servidor_minecraft/config/kawaii-dishes-common.toml
[07Jun2026 04:28:28.737] [main/DEBUG] [net.minecraftforge.fml.config.ConfigFileTypeHandler/CONFIG]: Watching TOML config file /workspaces/NEW-WORLD/servidor_minecraft/config/kawaii-dishes-common.toml for changes
[07Jun2026 04:28:28.737] [main/WARN] [net.minecraftforge.common.ForgeConfigSpec/CORE]: Configuration file /workspaces/NEW-WORLD/servidor_minecraft/config/kawaii-dishes-common.toml is not correct. Correcting
[07Jun2026 04:28:28.738] [main/WARN] [net.minecraftforge.common.ForgeConfigSpec/CORE]: Incorrect key Common Configs for Kawaii Dishes.messages was corrected from [You look so kawaii !!, OuO, Cute <3, You look nice today, Hi Cutie !, Hey sweetie!] to its default, [You look so kawaii !!, OuO, Cute <3, You look nice today, Hi Cutie !, Hey sweetie!]. 
[07Jun2026 04:28:28.739] [main/DEBUG] [net.minecraftforge.fml.config.ConfigFileTypeHandler/CONFIG]: Built TOML config for /workspaces/NEW-WORLD/servidor_minecraft/config/sootsandwichcraft.toml
[07Jun2026 04:28:28.740] [main/DEBUG] [net.minecraftforge.fml.config.ConfigFileTypeHandler/CONFIG]: Loaded TOML config file /workspaces/NEW-WORLD/servidor_minecraft/config/sootsandwichcraft.toml
[07Jun2026 04:28:28.740] [main/DEBUG] [net.minecraftforge.fml.config.ConfigFileTypeHandler/CONFIG]: Watching TOML config file /workspaces/NEW-WORLD/servidor_minecraft/config/sootsandwichcraft.toml for changes
[07Jun2026 04:28:28.742] [modloading-worker-0/INFO] [xaero.lib.XaeroLib/]: Loading XaeroLib common 1/2!
[07Jun2026 04:28:28.762] [Thread-1/DEBUG] [net.minecraftforge.fml.config.ConfigFileTypeHandler/CONFIG]: Config file alexsmobs.toml changed, sending notifies
[07Jun2026 04:28:28.915] [main/DEBUG] [net.minecraftforge.fml.DeferredWorkQueue/LOADING]: Dispatching synchronous work for work queue COMMON_SETUP: 17 jobs
[07Jun2026 04:28:29.117] [Forge Version Check/INFO] [net.minecraftforge.fml.VersionChecker/]: [doggytalents] Starting version check at https://raw.githubusercontent.com/DashieDev/DoggyTalentsNext/refs/heads/1.21-master/check_for_update/update.json
[07Jun2026 04:28:29.312] [main/DEBUG] [mixin/]: Mixing RaidMemberMixin from friendsandfoes-common.mixins.json into net.minecraft.world.entity.raid.Raid$RaiderType
[07Jun2026 04:28:29.331] [Forge Version Check/DEBUG] [net.minecraftforge.fml.VersionChecker/]: [doggytalents] Received version check data:
{
    "homepage": "https://www.curseforge.com/minecraft/mc-mods/doggy-talents-next/",
    "promos": {
       "1.19.2-latest": "1.19.0",
       "1.19.3-latest": "1.13.1",
       "1.19.4-latest": "1.15.0",
       "1.20-latest": "1.19.0",
       "1.20.1-latest": "1.19.0",
       "1.18.2-latest": "1.19.0"
    }
}
[07Jun2026 04:28:29.333] [Forge Version Check/INFO] [net.minecraftforge.fml.VersionChecker/]: [doggytalents] Found status: BETA Current: 1.19.0 Target: 1.19.0
[07Jun2026 04:28:29.333] [Forge Version Check/INFO] [net.minecraftforge.fml.VersionChecker/]: [forge] Starting version check at https://files.minecraftforge.net/net/minecraftforge/forge/promotions_slim.json
[07Jun2026 04:28:29.336] [main/DEBUG] [net.minecraftforge.fml.config.ConfigTracker/CONFIG]: Config file doggytalents-talents.toml for doggytalents tracking
[07Jun2026 04:28:29.339] [main/DEBUG] [net.minecraftforge.fml.DeferredWorkQueue/LOADING]: Synchronous work queue completed in 422.9 ms
[07Jun2026 04:28:29.342] [modloading-worker-0/INFO] [xaero.lib.XaeroLib/]: Loading XaeroLib server 1/2!
[07Jun2026 04:28:29.343] [modloading-worker-0/INFO] [xaero.minimap.XaeroMinimap/]: Loading Xaero's Minimap - Stage 1/2 (Server)
[07Jun2026 04:28:29.345] [main/DEBUG] [net.minecraftforge.fml.DeferredWorkQueue/LOADING]: Dispatching synchronous work for work queue SIDED_SETUP: 2 jobs
[07Jun2026 04:28:29.345] [main/INFO] [xaero.minimap.XaeroMinimap/]: Loading Xaero's Minimap - Stage 2/2 (Server)
[07Jun2026 04:28:29.346] [main/INFO] [xaero.lib.XaeroLib/]: Loading XaeroLib common 2/2!
[07Jun2026 04:28:29.346] [main/INFO] [xaero.lib.XaeroLib/]: Loading XaeroLib server 2/2!
[07Jun2026 04:28:29.347] [main/DEBUG] [net.minecraftforge.fml.DeferredWorkQueue/LOADING]: Synchronous work queue completed in 1.688 ms
[07Jun2026 04:28:29.353] [main/DEBUG] [net.minecraftforge.fml.DeferredWorkQueue/LOADING]: Dispatching synchronous work for work queue COMPLETE: 1 jobs
[07Jun2026 04:28:29.353] [main/DEBUG] [net.minecraftforge.fml.DeferredWorkQueue/LOADING]: Synchronous work queue completed in 38.57 μs
[07Jun2026 04:28:29.495] [Forge Version Check/DEBUG] [net.minecraftforge.fml.VersionChecker/]: [forge] Received version check data:
{
  "homepage": "https://files.minecraftforge.net/net/minecraftforge/forge/",
  "promos": {
    "1.1-latest": "1.3.4.29",
    "1.2.3-latest": "1.4.1.64",
    "1.2.4-latest": "2.0.0.68",
    "1.2.5-latest": "3.4.9.171",
    "1.3.2-latest": "4.3.5.318",
    "1.4.0-latest": "5.0.0.326",
    "1.4.1-latest": "6.0.0.329",
    "1.4.2-latest": "6.0.1.355",
    "1.4.3-latest": "6.2.1.358",
    "1.4.4-latest": "6.3.0.378",
    "1.4.5-latest": "6.4.2.448",
    "1.4.6-latest": "6.5.0.489",
    "1.4.7-latest": "6.6.2.534",
    "1.5-latest": "7.7.0.598",
    "1.5.1-latest": "7.7.2.682",
    "1.5.2-latest": "7.8.1.738",
    "1.5.2-recommended": "7.8.1.738",
    "1.6.1-latest": "8.9.0.775",
    "1.6.2-latest": "9.10.1.871",
    "1.6.2-recommended": "9.10.1.871",
    "1.6.3-latest": "9.11.0.878",
    "1.6.4-latest": "9.11.1.1345",
    "1.6.4-recommended": "9.11.1.1345",
    "1.7.2-latest": "10.12.2.1161",
    "1.7.2-recommended": "10.12.2.1161",
    "1.7.10-latest": "10.13.4.1614",
    "1.7.10-recommended": "10.13.4.1614",
    "1.8-latest": "11.14.4.1577",
    "1.8-recommended": "11.14.4.1563",
    "1.8.8-latest": "11.15.0.1655",
    "1.8.9-latest": "11.15.1.2318",
    "1.8.9-recommended": "11.15.1.2318",
    "1.9-latest": "12.16.1.1938",
    "1.9-recommended": "12.16.1.1887",
    "1.9.4-latest": "12.17.0.2317",
    "1.9.4-recommended": "12.17.0.2317",
    "1.10-latest": "12.18.0.2000",
    "1.10.2-latest": "12.18.3.2511",
    "1.10.2-recommended": "12.18.3.2511",
    "1.11-latest": "13.19.1.2199",
    "1.11-recommended": "13.19.1.2189",
    "1.11.2-latest": "13.20.1.2588",
    "1.11.2-recommended": "13.20.1.2588",
    "1.12-latest": "14.21.1.2443",
    "1.12-recommended": "14.21.1.2387",
    "1.12.1-latest": "14.22.1.2485",
    "1.12.1-recommended": "14.22.1.2478",
    "1.12.2-latest": "14.23.5.2864",
    "1.12.2-recommended": "14.23.5.2859",
    "1.13.2-latest": "25.0.223",
    "1.14.2-latest": "26.0.63",
    "1.14.3-latest": "27.0.60",
    "1.14.4-latest": "28.2.30",
    "1.14.4-recommended": "28.2.26",
    "1.15-latest": "29.0.4",
    "1.15.1-latest": "30.0.51",
    "1.15.2-latest": "31.2.60",
    "1.15.2-recommended": "31.2.57",
    "1.16.1-latest": "32.0.108",
    "1.16.2-latest": "33.0.61",
    "1.16.3-latest": "34.1.42",
    "1.16.3-recommended": "34.1.0",
    "1.16.4-latest": "35.1.37",
    "1.16.4-recommended": "35.1.4",
    "1.16.5-latest": "36.2.42",
    "1.16.5-recommended": "36.2.34",
    "1.17.1-latest": "37.1.1",
    "1.17.1-recommended": "37.1.1",
    "1.18-latest": "38.0.17",
    "1.18.1-latest": "39.1.2",
    "1.18.1-recommended": "39.1.0",
    "1.18.2-recommended": "40.3.0",
    "1.18.2-latest": "40.3.12",
    "1.19-latest": "41.1.0",
    "1.19-recommended": "41.1.0",
    "1.19.1-latest": "42.0.9",
    "1.19.2-recommended": "43.5.0",
    "1.19.2-latest": "43.5.2",
    "1.19.3-latest": "44.1.23",
    "1.19.3-recommended": "44.1.0",
    "1.19.4-recommended": "45.4.0",
    "1.19.4-latest": "45.4.3",
    "1.20-latest": "46.0.14",
    "1.20.1-recommended": "47.4.10",
    "1.20.1-latest": "47.4.20",
    "1.20.2-latest": "48.1.0",
    "1.20.2-recommended": "48.1.0",
    "1.20.3-latest": "49.0.2",
    "1.20.4-latest": "49.2.7",
    "1.20.4-recommended": "49.2.0",
    "1.20.6-latest": "50.2.8",
    "1.20.6-recommended": "50.2.0",
    "1.21-latest": "51.0.33",
    "1.21.1-latest": "52.1.14",
    "1.21.1-recommended": "52.1.0",
    "1.21.3-latest": "53.1.10",
    "1.21.3-recommended": "53.1.0",
    "1.21.4-latest": "54.1.16",
    "1.21.4-recommended": "54.1.14",
    "1.21.5-latest": "55.1.10",
    "1.21.5-recommended": "55.1.0",
    "1.21.6-latest": "56.0.9",
    "1.21.7-latest": "57.0.3",
    "1.21.8-latest": "58.1.18",
    "1.21.8-recommended": "58.1.0",
    "1.21.9-latest": "59.0.5",
    "1.21.10-latest": "60.1.9",
    "1.21.10-recommended": "60.1.0",
    "1.21.11-latest": "61.1.8",
    "1.21.11-recommended": "61.1.0",
    "26.1-latest": "62.0.9",
    "26.1.1-latest": "63.0.2",
    "26.1.2-latest": "64.0.8"
  }
}
[07Jun2026 04:28:29.496] [Forge Version Check/INFO] [net.minecraftforge.fml.VersionChecker/]: [forge] Found status: OUTDATED Current: 47.3.7 Target: 47.4.10
[07Jun2026 04:28:29.497] [Forge Version Check/INFO] [net.minecraftforge.fml.VersionChecker/]: [betterdogs_dtn] Starting version check at https://raw.githubusercontent.com/Mrblueyeti/BetterDogsForDTN/5a1f7643d862e85c05f1e9cd248c02e7fd1603f6/check_fior_updates/update.json
[07Jun2026 04:28:29.508] [Forge Version Check/DEBUG] [net.minecraftforge.fml.VersionChecker/]: [betterdogs_dtn] Received version check data:
{
    "homepage": "",
    "promos": {
       "1.20.1-latest": "1.0"
    }
 }
[07Jun2026 04:28:29.508] [Forge Version Check/INFO] [net.minecraftforge.fml.VersionChecker/]: [betterdogs_dtn] Found status: BETA Current: 1.2.2 Target: 1.0
[07Jun2026 04:28:32.868] [main/INFO] [com.mojang.authlib.yggdrasil.YggdrasilAuthenticationService/]: Environment: authHost='https://authserver.mojang.com', accountsHost='https://api.mojang.com', sessionHost='https://sessionserver.mojang.com', servicesHost='https://api.minecraftservices.com', name='PROD'
[07Jun2026 04:28:34.995] [main/WARN] [net.minecraft.server.packs.VanillaPackResourcesBuilder/]: Assets URL 'union:/workspaces/NEW-WORLD/servidor_minecraft/libraries/net/minecraft/server/1.20.1-20230612.114412/server-1.20.1-20230612.114412-srg.jar%23153!/assets/.mcassetsroot' uses unexpected schema
[07Jun2026 04:28:34.995] [main/WARN] [net.minecraft.server.packs.VanillaPackResourcesBuilder/]: Assets URL 'union:/workspaces/NEW-WORLD/servidor_minecraft/libraries/net/minecraft/server/1.20.1-20230612.114412/server-1.20.1-20230612.114412-srg.jar%23153!/data/.mcassetsroot' uses unexpected schema
[07Jun2026 04:28:35.048] [main/DEBUG] [net.minecraftforge.server.ServerLifecycleHooks/CORE]: Generating PackInfo named mod:farmersdelight for mod file /workspaces/NEW-WORLD/servidor_minecraft/mods/FarmersDelight-1.20.1-1.3.1.jar
[07Jun2026 04:28:35.049] [main/DEBUG] [net.minecraftforge.server.ServerLifecycleHooks/CORE]: Generating PackInfo named mod:tameablebeasts for mod file /workspaces/NEW-WORLD/servidor_minecraft/mods/tameablebeasts-1.20.1-7.1.3.jar
[07Jun2026 04:28:35.049] [main/DEBUG] [net.minecraftforge.server.ServerLifecycleHooks/CORE]: Generating PackInfo named mod:cute_companions_ducks for mod file /workspaces/NEW-WORLD/servidor_minecraft/mods/cute_companions_ducks-0.0.2-forge-1.20.1.jar
[07Jun2026 04:28:35.049] [main/DEBUG] [net.minecraftforge.server.ServerLifecycleHooks/CORE]: Generating PackInfo named mod:explorify for mod file /workspaces/NEW-WORLD/servidor_minecraft/mods/Explorify v1.6.4 f15-88.mod.jar
[07Jun2026 04:28:35.049] [main/DEBUG] [net.minecraftforge.server.ServerLifecycleHooks/CORE]: Generating PackInfo named mod:geckolib for mod file /workspaces/NEW-WORLD/servidor_minecraft/mods/geckolib-forge-1.20.1-4.8.3.jar
[07Jun2026 04:28:35.049] [main/DEBUG] [net.minecraftforge.server.ServerLifecycleHooks/CORE]: Generating PackInfo named mod:cluttered for mod file /workspaces/NEW-WORLD/servidor_minecraft/mods/cluttered-[Forge]-3.0.3-1.20.1.jar
[07Jun2026 04:28:35.050] [main/DEBUG] [net.minecraftforge.server.ServerLifecycleHooks/CORE]: Generating PackInfo named mod:faunify for mod file /workspaces/NEW-WORLD/servidor_minecraft/mods/faunify-forge-1.20.1-1.3.1.jar
[07Jun2026 04:28:35.050] [main/DEBUG] [net.minecraftforge.server.ServerLifecycleHooks/CORE]: Generating PackInfo named mod:xaerolib for mod file 
[07Jun2026 04:28:35.050] [main/DEBUG] [net.minecraftforge.server.ServerLifecycleHooks/CORE]: Generating PackInfo named mod:doggytalents for mod file /workspaces/NEW-WORLD/servidor_minecraft/mods/DoggyTalentsNext-1.20.1-1.19.0.jar
[07Jun2026 04:28:35.050] [main/DEBUG] [net.minecraftforge.server.ServerLifecycleHooks/CORE]: Generating PackInfo named mod:shroom_dealers for mod file /workspaces/NEW-WORLD/servidor_minecraft/mods/shroom_dealers-2.0.2-1.20.1.jar
[07Jun2026 04:28:35.050] [main/DEBUG] [net.minecraftforge.server.ServerLifecycleHooks/CORE]: Generating PackInfo named mod:xaerominimap for mod file /workspaces/NEW-WORLD/servidor_minecraft/mods/xaerominimap-forge-1.20.1-25.3.13.jar
[07Jun2026 04:28:35.051] [main/DEBUG] [net.minecraftforge.server.ServerLifecycleHooks/CORE]: Generating PackInfo named mod:breadcraft for mod file /workspaces/NEW-WORLD/servidor_minecraft/mods/sootsandwichcraft1.2.3[1.20.1].jar
[07Jun2026 04:28:35.051] [main/DEBUG] [net.minecraftforge.server.ServerLifecycleHooks/CORE]: Generating PackInfo named mod:citadel for mod file /workspaces/NEW-WORLD/servidor_minecraft/mods/citadel-2.6.3-1.20.1.jar
[07Jun2026 04:28:35.051] [main/DEBUG] [net.minecraftforge.server.ServerLifecycleHooks/CORE]: Generating PackInfo named mod:alexsmobs for mod file /workspaces/NEW-WORLD/servidor_minecraft/mods/alexsmobs-1.22.9.jar
[07Jun2026 04:28:35.051] [main/DEBUG] [net.minecraftforge.server.ServerLifecycleHooks/CORE]: Generating PackInfo named mod:mixinextras for mod file 
[07Jun2026 04:28:35.051] [main/DEBUG] [net.minecraftforge.server.ServerLifecycleHooks/CORE]: Generating PackInfo named mod:architectury for mod file /workspaces/NEW-WORLD/servidor_minecraft/mods/architectury-9.2.14-forge.jar
[07Jun2026 04:28:35.052] [main/DEBUG] [net.minecraftforge.server.ServerLifecycleHooks/CORE]: Generating PackInfo named mod:furnish for mod file /workspaces/NEW-WORLD/servidor_minecraft/mods/furnish-26-forge.jar
[07Jun2026 04:28:35.052] [main/DEBUG] [net.minecraftforge.server.ServerLifecycleHooks/CORE]: Generating PackInfo named mod:meadow for mod file /workspaces/NEW-WORLD/servidor_minecraft/mods/letsdo-meadow-forge-1.3.25.jar
[07Jun2026 04:28:35.052] [main/DEBUG] [net.minecraftforge.server.ServerLifecycleHooks/CORE]: Generating PackInfo named mod:kawaiidishes for mod file /workspaces/NEW-WORLD/servidor_minecraft/mods/KawaiiDishes_1.10.2-1.20.1.jar
[07Jun2026 04:28:35.052] [main/DEBUG] [net.minecraftforge.server.ServerLifecycleHooks/CORE]: Generating PackInfo named mod:terralith for mod file /workspaces/NEW-WORLD/servidor_minecraft/mods/Terralith_1.20.x_v2.5.4.jar
[07Jun2026 04:28:35.052] [main/DEBUG] [net.minecraftforge.server.ServerLifecycleHooks/CORE]: Generating PackInfo named mod:placeable_food for mod file /workspaces/NEW-WORLD/servidor_minecraft/mods/3d_placeable_food-2.6.0-forge-1.20.1.jar
[07Jun2026 04:28:35.053] [main/DEBUG] [net.minecraftforge.server.ServerLifecycleHooks/CORE]: Generating PackInfo named mod:forge for mod file /workspaces/NEW-WORLD/servidor_minecraft/libraries/net/minecraftforge/forge/1.20.1-47.3.7/forge-1.20.1-47.3.7-universal.jar
[07Jun2026 04:28:35.053] [main/DEBUG] [net.minecraftforge.server.ServerLifecycleHooks/CORE]: Generating PackInfo named mod:t_and_t for mod file /workspaces/NEW-WORLD/servidor_minecraft/mods/Towns-and-Towers-1.12-Fabric+Forge.jar
[07Jun2026 04:28:35.053] [main/DEBUG] [net.minecraftforge.server.ServerLifecycleHooks/CORE]: Generating PackInfo named mod:farm_and_charm for mod file /workspaces/NEW-WORLD/servidor_minecraft/mods/letsdo-farm_and_charm-forge-1.0.14.jar
[07Jun2026 04:28:35.053] [main/DEBUG] [net.minecraftforge.server.ServerLifecycleHooks/CORE]: Generating PackInfo named mod:bakery for mod file /workspaces/NEW-WORLD/servidor_minecraft/mods/letsdo-bakery-forge-2.0.6.jar
[07Jun2026 04:28:35.053] [main/DEBUG] [net.minecraftforge.server.ServerLifecycleHooks/CORE]: Generating PackInfo named mod:friendsandfoes for mod file /workspaces/NEW-WORLD/servidor_minecraft/mods/friendsandfoes-forge-mc1.20.1-3.0.9.jar
[07Jun2026 04:28:35.053] [main/DEBUG] [net.minecraftforge.server.ServerLifecycleHooks/CORE]: Generating PackInfo named mod:cristellib for mod file /workspaces/NEW-WORLD/servidor_minecraft/mods/cristellib-1.1.6-forge.jar
[07Jun2026 04:28:35.054] [main/DEBUG] [net.minecraftforge.server.ServerLifecycleHooks/CORE]: Generating PackInfo named mod:betterdogs_dtn for mod file /workspaces/NEW-WORLD/servidor_minecraft/mods/Better_Dogs_X_Doggy_Talents_Next_v1.2.2 [Forge] - [1.20-1.20.1].jar
[07Jun2026 04:28:36.677] [main/DEBUG] [mixin/]: Mixing PrimaryLevelDataMixin from citadel.mixins.json into net.minecraft.world.level.storage.PrimaryLevelData
[07Jun2026 04:28:36.716] [main/DEBUG] [mixin/]: Mixing MixinLootDataManager from architectury.mixins.json into net.minecraft.world.level.storage.loot.LootDataManager
[07Jun2026 04:28:36.900] [main/DEBUG] [net.minecraftforge.coremod.transformer.CoreModBaseTransformer/COREMOD]: Transforming net/minecraft/server/commands/SummonCommand
[07Jun2026 04:28:37.073] [main/DEBUG] [mixin/]: Mixing accessor.RecipeManagerAccessor from farmersdelight.mixins.json into net.minecraft.world.item.crafting.RecipeManager
[07Jun2026 04:28:37.080] [main/INFO] [com.github.alexthe666.alexsmobs.AlexsMobs/]: Adding datapack listener capsid_recipes
[07Jun2026 04:28:37.289] [Worker-Main-1/DEBUG] [net.minecraftforge.coremod.transformer.CoreModBaseTransformer/COREMOD]: Transforming net/minecraft/world/entity/raid/Raid
[07Jun2026 04:28:37.335] [Worker-Main-2/ERROR] [net.minecraft.tags.TagLoader/]: Couldn't load tag fabric:mineable/needs_tool_level_0 as it is missing following references: placeable_food:w_1 (from 3d_placeable_food-2.6.0-forge-1.20.1.jar), 
	placeable_food:w_2 (from 3d_placeable_food-2.6.0-forge-1.20.1.jar), 
	placeable_food:w_3 (from 3d_placeable_food-2.6.0-forge-1.20.1.jar), 
	placeable_food:w_4 (from 3d_placeable_food-2.6.0-forge-1.20.1.jar), 
	placeable_food:w_5 (from 3d_placeable_food-2.6.0-forge-1.20.1.jar), 
	placeable_food:ch_1 (from 3d_placeable_food-2.6.0-forge-1.20.1.jar), 
	placeable_food:ch_2 (from 3d_placeable_food-2.6.0-forge-1.20.1.jar), 
	placeable_food:ch_3 (from 3d_placeable_food-2.6.0-forge-1.20.1.jar), 
	placeable_food:ch_4 (from 3d_placeable_food-2.6.0-forge-1.20.1.jar), 
	placeable_food:ch_5 (from 3d_placeable_food-2.6.0-forge-1.20.1.jar), 
	placeable_food:rv_1 (from 3d_placeable_food-2.6.0-forge-1.20.1.jar), 
	placeable_food:rv_2 (from 3d_placeable_food-2.6.0-forge-1.20.1.jar), 
	placeable_food:rv_3 (from 3d_placeable_food-2.6.0-forge-1.20.1.jar), 
	placeable_food:rv_4 (from 3d_placeable_food-2.6.0-forge-1.20.1.jar), 
	placeable_food:rv_5 (from 3d_placeable_food-2.6.0-forge-1.20.1.jar), 
	placeable_food:cr_1 (from 3d_placeable_food-2.6.0-forge-1.20.1.jar), 
	placeable_food:cr_2 (from 3d_placeable_food-2.6.0-forge-1.20.1.jar), 
	placeable_food:cr_3 (from 3d_placeable_food-2.6.0-forge-1.20.1.jar), 
	placeable_food:cr_4 (from 3d_placeable_food-2.6.0-forge-1.20.1.jar), 
	placeable_food:cr_5 (from 3d_placeable_food-2.6.0-forge-1.20.1.jar), 
	placeable_food:h_1 (from 3d_placeable_food-2.6.0-forge-1.20.1.jar), 
	placeable_food:h_2 (from 3d_placeable_food-2.6.0-forge-1.20.1.jar), 
	placeable_food:h_3 (from 3d_placeable_food-2.6.0-forge-1.20.1.jar), 
	placeable_food:h_4 (from 3d_placeable_food-2.6.0-forge-1.20.1.jar), 
	placeable_food:h_5 (from 3d_placeable_food-2.6.0-forge-1.20.1.jar), 
	placeable_food:fr_1 (from 3d_placeable_food-2.6.0-forge-1.20.1.jar), 
	placeable_food:fr_2 (from 3d_placeable_food-2.6.0-forge-1.20.1.jar), 
	placeable_food:fr_3 (from 3d_placeable_food-2.6.0-forge-1.20.1.jar), 
	placeable_food:fr_4 (from 3d_placeable_food-2.6.0-forge-1.20.1.jar), 
	placeable_food:fr_5 (from 3d_placeable_food-2.6.0-forge-1.20.1.jar), 
	placeable_food:fr_6 (from 3d_placeable_food-2.6.0-forge-1.20.1.jar), 
	placeable_food:fr_7 (from 3d_placeable_food-2.6.0-forge-1.20.1.jar), 
	placeable_food:fr_8 (from 3d_placeable_food-2.6.0-forge-1.20.1.jar), 
	placeable_food:fr_9 (from 3d_placeable_food-2.6.0-forge-1.20.1.jar), 
	placeable_food:pp_1 (from 3d_placeable_food-2.6.0-forge-1.20.1.jar), 
	placeable_food:pp_2 (from 3d_placeable_food-2.6.0-forge-1.20.1.jar), 
	placeable_food:pp_3 (from 3d_placeable_food-2.6.0-forge-1.20.1.jar), 
	placeable_food:vm_1 (from 3d_placeable_food-2.6.0-forge-1.20.1.jar), 
	placeable_food:vm_2 (from 3d_placeable_food-2.6.0-forge-1.20.1.jar), 
	placeable_food:chm_1 (from 3d_placeable_food-2.6.0-forge-1.20.1.jar), 
	placeable_food:chm_2 (from 3d_placeable_food-2.6.0-forge-1.20.1.jar), 
	placeable_food:pm_1 (from 3d_placeable_food-2.6.0-forge-1.20.1.jar), 
	placeable_food:pm_2 (from 3d_placeable_food-2.6.0-forge-1.20.1.jar), 
	placeable_food:am_1 (from 3d_placeable_food-2.6.0-forge-1.20.1.jar), 
	placeable_food:am_2 (from 3d_placeable_food-2.6.0-forge-1.20.1.jar), 
	placeable_food:pd_1 (from 3d_placeable_food-2.6.0-forge-1.20.1.jar), 
	placeable_food:pd_2 (from 3d_placeable_food-2.6.0-forge-1.20.1.jar), 
	placeable_food:pd_3 (from 3d_placeable_food-2.6.0-forge-1.20.1.jar), 
	placeable_food:pmg_1 (from 3d_placeable_food-2.6.0-forge-1.20.1.jar), 
	placeable_food:pmg_2 (from 3d_placeable_food-2.6.0-forge-1.20.1.jar), 
	placeable_food:pmg_3 (from 3d_placeable_food-2.6.0-forge-1.20.1.jar), 
	placeable_food:p_1 (from 3d_placeable_food-2.6.0-forge-1.20.1.jar), 
	placeable_food:p_2 (from 3d_placeable_food-2.6.0-forge-1.20.1.jar), 
	placeable_food:p_3 (from 3d_placeable_food-2.6.0-forge-1.20.1.jar), 
	placeable_food:b_1 (from 3d_placeable_food-2.6.0-forge-1.20.1.jar), 
	placeable_food:b_2 (from 3d_placeable_food-2.6.0-forge-1.20.1.jar), 
	placeable_food:b_3 (from 3d_placeable_food-2.6.0-forge-1.20.1.jar), 
	placeable_food:b_4 (from 3d_placeable_food-2.6.0-forge-1.20.1.jar), 
	placeable_food:b_5 (from 3d_placeable_food-2.6.0-forge-1.20.1.jar), 
	placeable_food:hs_1 (from 3d_placeable_food-2.6.0-forge-1.20.1.jar), 
	placeable_food:hs_2 (from 3d_placeable_food-2.6.0-forge-1.20.1.jar), 
	placeable_food:hs_3 (from 3d_placeable_food-2.6.0-forge-1.20.1.jar), 
	placeable_food:ms_1 (from 3d_placeable_food-2.6.0-forge-1.20.1.jar), 
	placeable_food:ms_2 (from 3d_placeable_food-2.6.0-forge-1.20.1.jar), 
	placeable_food:ms_3 (from 3d_placeable_food-2.6.0-forge-1.20.1.jar), 
	placeable_food:vs_1 (from 3d_placeable_food-2.6.0-forge-1.20.1.jar), 
	placeable_food:vs_2 (from 3d_placeable_food-2.6.0-forge-1.20.1.jar), 
	placeable_food:vs_3 (from 3d_placeable_food-2.6.0-forge-1.20.1.jar), 
	placeable_food:c_1 (from 3d_placeable_food-2.6.0-forge-1.20.1.jar), 
	placeable_food:c_2 (from 3d_placeable_food-2.6.0-forge-1.20.1.jar), 
	placeable_food:c_3 (from 3d_placeable_food-2.6.0-forge-1.20.1.jar), 
	placeable_food:c_4 (from 3d_placeable_food-2.6.0-forge-1.20.1.jar), 
	placeable_food:c_5 (from 3d_placeable_food-2.6.0-forge-1.20.1.jar), 
	placeable_food:bb_1 (from 3d_placeable_food-2.6.0-forge-1.20.1.jar), 
	placeable_food:bb_2 (from 3d_placeable_food-2.6.0-forge-1.20.1.jar), 
	placeable_food:bb_3 (from 3d_placeable_food-2.6.0-forge-1.20.1.jar), 
	placeable_food:bb_4 (from 3d_placeable_food-2.6.0-forge-1.20.1.jar), 
	placeable_food:bb_5 (from 3d_placeable_food-2.6.0-forge-1.20.1.jar), 
	placeable_food:po_1 (from 3d_placeable_food-2.6.0-forge-1.20.1.jar), 
	placeable_food:po_2 (from 3d_placeable_food-2.6.0-forge-1.20.1.jar), 
	placeable_food:po_3 (from 3d_placeable_food-2.6.0-forge-1.20.1.jar), 
	placeable_food:po_4 (from 3d_placeable_food-2.6.0-forge-1.20.1.jar), 
	placeable_food:po_5 (from 3d_placeable_food-2.6.0-forge-1.20.1.jar), 
	placeable_food:fs_1 (from 3d_placeable_food-2.6.0-forge-1.20.1.jar), 
	placeable_food:fs_2 (from 3d_placeable_food-2.6.0-forge-1.20.1.jar), 
	placeable_food:fs_3 (from 3d_placeable_food-2.6.0-forge-1.20.1.jar), 
	placeable_food:vgs_1 (from 3d_placeable_food-2.6.0-forge-1.20.1.jar), 
	placeable_food:vgs_2 (from 3d_placeable_food-2.6.0-forge-1.20.1.jar), 
	placeable_food:vgs_3 (from 3d_placeable_food-2.6.0-forge-1.20.1.jar), 
	placeable_food:ps_1 (from 3d_placeable_food-2.6.0-forge-1.20.1.jar), 
	placeable_food:ps_2 (from 3d_placeable_food-2.6.0-forge-1.20.1.jar), 
	placeable_food:ps_3 (from 3d_placeable_food-2.6.0-forge-1.20.1.jar), 
	placeable_food:bc_1 (from 3d_placeable_food-2.6.0-forge-1.20.1.jar), 
	placeable_food:bc_2 (from 3d_placeable_food-2.6.0-forge-1.20.1.jar), 
	placeable_food:bc_3 (from 3d_placeable_food-2.6.0-forge-1.20.1.jar), 
	placeable_food:bc_4 (from 3d_placeable_food-2.6.0-forge-1.20.1.jar), 
	placeable_food:bc_5 (from 3d_placeable_food-2.6.0-forge-1.20.1.jar), 
	placeable_food:bp_1 (from 3d_placeable_food-2.6.0-forge-1.20.1.jar), 
	placeable_food:bp_2 (from 3d_placeable_food-2.6.0-forge-1.20.1.jar), 
	placeable_food:bp_3 (from 3d_placeable_food-2.6.0-forge-1.20.1.jar), 
	placeable_food:pbs_1 (from 3d_placeable_food-2.6.0-forge-1.20.1.jar), 
	placeable_food:pbs_2 (from 3d_placeable_food-2.6.0-forge-1.20.1.jar), 
	placeable_food:pbs_3 (from 3d_placeable_food-2.6.0-forge-1.20.1.jar), 
	placeable_food:pbs_4 (from 3d_placeable_food-2.6.0-forge-1.20.1.jar), 
	placeable_food:rp_1 (from 3d_placeable_food-2.6.0-forge-1.20.1.jar), 
	placeable_food:rp_2 (from 3d_placeable_food-2.6.0-forge-1.20.1.jar), 
	placeable_food:rp_3 (from 3d_placeable_food-2.6.0-forge-1.20.1.jar), 
	placeable_food:rp_4 (from 3d_placeable_food-2.6.0-forge-1.20.1.jar), 
	placeable_food:pch_1 (from 3d_placeable_food-2.6.0-forge-1.20.1.jar), 
	placeable_food:pch_2 (from 3d_placeable_food-2.6.0-forge-1.20.1.jar), 
	placeable_food:pch_3 (from 3d_placeable_food-2.6.0-forge-1.20.1.jar), 
	placeable_food:rf_1 (from 3d_placeable_food-2.6.0-forge-1.20.1.jar), 
	placeable_food:rf_2 (from 3d_placeable_food-2.6.0-forge-1.20.1.jar), 
	placeable_food:rf_3 (from 3d_placeable_food-2.6.0-forge-1.20.1.jar), 
	placeable_food:rf_4 (from 3d_placeable_food-2.6.0-forge-1.20.1.jar), 
	placeable_food:rf_5 (from 3d_placeable_food-2.6.0-forge-1.20.1.jar), 
	placeable_food:rr_1 (from 3d_placeable_food-2.6.0-forge-1.20.1.jar), 
	placeable_food:rr_2 (from 3d_placeable_food-2.6.0-forge-1.20.1.jar), 
	placeable_food:rr_3 (from 3d_placeable_food-2.6.0-forge-1.20.1.jar), 
	placeable_food:gp_1 (from 3d_placeable_food-2.6.0-forge-1.20.1.jar), 
	placeable_food:gp_2 (from 3d_placeable_food-2.6.0-forge-1.20.1.jar), 
	placeable_food:gp_3 (from 3d_placeable_food-2.6.0-forge-1.20.1.jar), 
	placeable_food:cs_1 (from 3d_placeable_food-2.6.0-forge-1.20.1.jar), 
	placeable_food:cs_2 (from 3d_placeable_food-2.6.0-forge-1.20.1.jar)
[07Jun2026 04:28:37.401] [Worker-Main-1/DEBUG] [mixin/]: Mixing RaidMixin from friendsandfoes-common.mixins.json into net.minecraft.world.entity.raid.Raid
[07Jun2026 04:28:38.536] [main/ERROR] [net.minecraft.world.item.crafting.RecipeManager/]: Parsing error loading recipe kawaiidishes:create/mixing/white_chocolate
com.google.gson.JsonSyntaxException: Invalid or unsupported recipe type 'create:mixing'
	at net.minecraft.world.item.crafting.RecipeManager.m_220253_(RecipeManager.java:170) ~[server-1.20.1-20230612.114412-srg.jar%23153!/:?]
	at java.util.Optional.orElseThrow(Optional.java:403) ~[?:?]
	at net.minecraft.world.item.crafting.RecipeManager.fromJson(RecipeManager.java:169) ~[server-1.20.1-20230612.114412-srg.jar%23153!/:?]
	at net.minecraft.world.item.crafting.RecipeManager.m_5787_(RecipeManager.java:67) ~[server-1.20.1-20230612.114412-srg.jar%23153!/:?]
	at net.minecraft.world.item.crafting.RecipeManager.m_5787_(RecipeManager.java:34) ~[server-1.20.1-20230612.114412-srg.jar%23153!/:?]
	at net.minecraft.server.packs.resources.SimplePreparableReloadListener.m_10789_(SimplePreparableReloadListener.java:13) ~[server-1.20.1-20230612.114412-srg.jar%23153!/:?]
	at java.util.concurrent.CompletableFuture$UniAccept.tryFire(CompletableFuture.java:718) ~[?:?]
	at java.util.concurrent.CompletableFuture$Completion.run(CompletableFuture.java:482) ~[?:?]
	at net.minecraft.server.packs.resources.SimpleReloadInstance.m_143940_(SimpleReloadInstance.java:69) ~[server-1.20.1-20230612.114412-srg.jar%23153!/:?]
	at net.minecraft.Util.m_214652_(Util.java:783) ~[server-1.20.1-20230612.114412-srg.jar%23153!/:?]
	at net.minecraft.Util.m_214679_(Util.java:772) ~[server-1.20.1-20230612.114412-srg.jar%23153!/:?]
	at net.minecraft.server.Main.main(Main.java:166) ~[server-1.20.1-20230612.114412-srg.jar%23153!/:?]
	at jdk.internal.reflect.NativeMethodAccessorImpl.invoke0(Native Method) ~[?:?]
	at jdk.internal.reflect.NativeMethodAccessorImpl.invoke(NativeMethodAccessorImpl.java:77) ~[?:?]
	at jdk.internal.reflect.DelegatingMethodAccessorImpl.invoke(DelegatingMethodAccessorImpl.java:43) ~[?:?]
	at java.lang.reflect.Method.invoke(Method.java:569) ~[?:?]
	at net.minecraftforge.fml.loading.targets.CommonLaunchHandler.runTarget(CommonLaunchHandler.java:111) ~[fmlloader-1.20.1-47.3.7.jar%2369!/:?]
	at net.minecraftforge.fml.loading.targets.CommonLaunchHandler.serverService(CommonLaunchHandler.java:103) ~[fmlloader-1.20.1-47.3.7.jar%2369!/:?]
	at net.minecraftforge.fml.loading.targets.CommonServerLaunchHandler.lambda$makeService$0(CommonServerLaunchHandler.java:27) ~[fmlloader-1.20.1-47.3.7.jar%2369!/:?]
	at cpw.mods.modlauncher.LaunchServiceHandlerDecorator.launch(LaunchServiceHandlerDecorator.java:30) ~[modlauncher-10.0.9.jar%2355!/:?]
	at cpw.mods.modlauncher.LaunchServiceHandler.launch(LaunchServiceHandler.java:53) ~[modlauncher-10.0.9.jar%2355!/:?]
	at cpw.mods.modlauncher.LaunchServiceHandler.launch(LaunchServiceHandler.java:71) ~[modlauncher-10.0.9.jar%2355!/:?]
	at cpw.mods.modlauncher.Launcher.run(Launcher.java:108) ~[modlauncher-10.0.9.jar%2355!/:?]
	at cpw.mods.modlauncher.Launcher.main(Launcher.java:78) ~[modlauncher-10.0.9.jar%2355!/:?]
	at cpw.mods.modlauncher.BootstrapLaunchConsumer.accept(BootstrapLaunchConsumer.java:26) ~[modlauncher-10.0.9.jar%2355!/:?]
	at cpw.mods.modlauncher.BootstrapLaunchConsumer.accept(BootstrapLaunchConsumer.java:23) ~[modlauncher-10.0.9.jar%2355!/:?]
	at cpw.mods.bootstraplauncher.BootstrapLauncher.main(BootstrapLauncher.java:141) ~[bootstraplauncher-1.1.2.jar:?]
[07Jun2026 04:28:38.610] [main/ERROR] [net.minecraft.world.item.crafting.RecipeManager/]: Parsing error loading recipe kawaiidishes:create/haunting/unbinding_cookie_inactive
com.google.gson.JsonSyntaxException: Invalid or unsupported recipe type 'create:haunting'
	at net.minecraft.world.item.crafting.RecipeManager.m_220253_(RecipeManager.java:170) ~[server-1.20.1-20230612.114412-srg.jar%23153!/:?]
	at java.util.Optional.orElseThrow(Optional.java:403) ~[?:?]
	at net.minecraft.world.item.crafting.RecipeManager.fromJson(RecipeManager.java:169) ~[server-1.20.1-20230612.114412-srg.jar%23153!/:?]
	at net.minecraft.world.item.crafting.RecipeManager.m_5787_(RecipeManager.java:67) ~[server-1.20.1-20230612.114412-srg.jar%23153!/:?]
	at net.minecraft.world.item.crafting.RecipeManager.m_5787_(RecipeManager.java:34) ~[server-1.20.1-20230612.114412-srg.jar%23153!/:?]
	at net.minecraft.server.packs.resources.SimplePreparableReloadListener.m_10789_(SimplePreparableReloadListener.java:13) ~[server-1.20.1-20230612.114412-srg.jar%23153!/:?]
	at java.util.concurrent.CompletableFuture$UniAccept.tryFire(CompletableFuture.java:718) ~[?:?]
	at java.util.concurrent.CompletableFuture$Completion.run(CompletableFuture.java:482) ~[?:?]
	at net.minecraft.server.packs.resources.SimpleReloadInstance.m_143940_(SimpleReloadInstance.java:69) ~[server-1.20.1-20230612.114412-srg.jar%23153!/:?]
	at net.minecraft.Util.m_214652_(Util.java:783) ~[server-1.20.1-20230612.114412-srg.jar%23153!/:?]
	at net.minecraft.Util.m_214679_(Util.java:772) ~[server-1.20.1-20230612.114412-srg.jar%23153!/:?]
	at net.minecraft.server.Main.main(Main.java:166) ~[server-1.20.1-20230612.114412-srg.jar%23153!/:?]
	at jdk.internal.reflect.NativeMethodAccessorImpl.invoke0(Native Method) ~[?:?]
	at jdk.internal.reflect.NativeMethodAccessorImpl.invoke(NativeMethodAccessorImpl.java:77) ~[?:?]
	at jdk.internal.reflect.DelegatingMethodAccessorImpl.invoke(DelegatingMethodAccessorImpl.java:43) ~[?:?]
	at java.lang.reflect.Method.invoke(Method.java:569) ~[?:?]
	at net.minecraftforge.fml.loading.targets.CommonLaunchHandler.runTarget(CommonLaunchHandler.java:111) ~[fmlloader-1.20.1-47.3.7.jar%2369!/:?]
	at net.minecraftforge.fml.loading.targets.CommonLaunchHandler.serverService(CommonLaunchHandler.java:103) ~[fmlloader-1.20.1-47.3.7.jar%2369!/:?]
	at net.minecraftforge.fml.loading.targets.CommonServerLaunchHandler.lambda$makeService$0(CommonServerLaunchHandler.java:27) ~[fmlloader-1.20.1-47.3.7.jar%2369!/:?]
	at cpw.mods.modlauncher.LaunchServiceHandlerDecorator.launch(LaunchServiceHandlerDecorator.java:30) ~[modlauncher-10.0.9.jar%2355!/:?]
	at cpw.mods.modlauncher.LaunchServiceHandler.launch(LaunchServiceHandler.java:53) ~[modlauncher-10.0.9.jar%2355!/:?]
	at cpw.mods.modlauncher.LaunchServiceHandler.launch(LaunchServiceHandler.java:71) ~[modlauncher-10.0.9.jar%2355!/:?]
	at cpw.mods.modlauncher.Launcher.run(Launcher.java:108) ~[modlauncher-10.0.9.jar%2355!/:?]
	at cpw.mods.modlauncher.Launcher.main(Launcher.java:78) ~[modlauncher-10.0.9.jar%2355!/:?]
	at cpw.mods.modlauncher.BootstrapLaunchConsumer.accept(BootstrapLaunchConsumer.java:26) ~[modlauncher-10.0.9.jar%2355!/:?]
	at cpw.mods.modlauncher.BootstrapLaunchConsumer.accept(BootstrapLaunchConsumer.java:23) ~[modlauncher-10.0.9.jar%2355!/:?]
	at cpw.mods.bootstraplauncher.BootstrapLauncher.main(BootstrapLauncher.java:141) ~[bootstraplauncher-1.1.2.jar:?]
[07Jun2026 04:28:38.698] [main/ERROR] [net.minecraft.world.item.crafting.RecipeManager/]: Parsing error loading recipe kawaiidishes:create/mixing/milk_chocolate
com.google.gson.JsonSyntaxException: Invalid or unsupported recipe type 'create:mixing'
	at net.minecraft.world.item.crafting.RecipeManager.m_220253_(RecipeManager.java:170) ~[server-1.20.1-20230612.114412-srg.jar%23153!/:?]
	at java.util.Optional.orElseThrow(Optional.java:403) ~[?:?]
	at net.minecraft.world.item.crafting.RecipeManager.fromJson(RecipeManager.java:169) ~[server-1.20.1-20230612.114412-srg.jar%23153!/:?]
	at net.minecraft.world.item.crafting.RecipeManager.m_5787_(RecipeManager.java:67) ~[server-1.20.1-20230612.114412-srg.jar%23153!/:?]
	at net.minecraft.world.item.crafting.RecipeManager.m_5787_(RecipeManager.java:34) ~[server-1.20.1-20230612.114412-srg.jar%23153!/:?]
	at net.minecraft.server.packs.resources.SimplePreparableReloadListener.m_10789_(SimplePreparableReloadListener.java:13) ~[server-1.20.1-20230612.114412-srg.jar%23153!/:?]
	at java.util.concurrent.CompletableFuture$UniAccept.tryFire(CompletableFuture.java:718) ~[?:?]
	at java.util.concurrent.CompletableFuture$Completion.run(CompletableFuture.java:482) ~[?:?]
	at net.minecraft.server.packs.resources.SimpleReloadInstance.m_143940_(SimpleReloadInstance.java:69) ~[server-1.20.1-20230612.114412-srg.jar%23153!/:?]
	at net.minecraft.Util.m_214652_(Util.java:783) ~[server-1.20.1-20230612.114412-srg.jar%23153!/:?]
	at net.minecraft.Util.m_214679_(Util.java:772) ~[server-1.20.1-20230612.114412-srg.jar%23153!/:?]
	at net.minecraft.server.Main.main(Main.java:166) ~[server-1.20.1-20230612.114412-srg.jar%23153!/:?]
	at jdk.internal.reflect.NativeMethodAccessorImpl.invoke0(Native Method) ~[?:?]
	at jdk.internal.reflect.NativeMethodAccessorImpl.invoke(NativeMethodAccessorImpl.java:77) ~[?:?]
	at jdk.internal.reflect.DelegatingMethodAccessorImpl.invoke(DelegatingMethodAccessorImpl.java:43) ~[?:?]
	at java.lang.reflect.Method.invoke(Method.java:569) ~[?:?]
	at net.minecraftforge.fml.loading.targets.CommonLaunchHandler.runTarget(CommonLaunchHandler.java:111) ~[fmlloader-1.20.1-47.3.7.jar%2369!/:?]
	at net.minecraftforge.fml.loading.targets.CommonLaunchHandler.serverService(CommonLaunchHandler.java:103) ~[fmlloader-1.20.1-47.3.7.jar%2369!/:?]
	at net.minecraftforge.fml.loading.targets.CommonServerLaunchHandler.lambda$makeService$0(CommonServerLaunchHandler.java:27) ~[fmlloader-1.20.1-47.3.7.jar%2369!/:?]
	at cpw.mods.modlauncher.LaunchServiceHandlerDecorator.launch(LaunchServiceHandlerDecorator.java:30) ~[modlauncher-10.0.9.jar%2355!/:?]
	at cpw.mods.modlauncher.LaunchServiceHandler.launch(LaunchServiceHandler.java:53) ~[modlauncher-10.0.9.jar%2355!/:?]
	at cpw.mods.modlauncher.LaunchServiceHandler.launch(LaunchServiceHandler.java:71) ~[modlauncher-10.0.9.jar%2355!/:?]
	at cpw.mods.modlauncher.Launcher.run(Launcher.java:108) ~[modlauncher-10.0.9.jar%2355!/:?]
	at cpw.mods.modlauncher.Launcher.main(Launcher.java:78) ~[modlauncher-10.0.9.jar%2355!/:?]
	at cpw.mods.modlauncher.BootstrapLaunchConsumer.accept(BootstrapLaunchConsumer.java:26) ~[modlauncher-10.0.9.jar%2355!/:?]
	at cpw.mods.modlauncher.BootstrapLaunchConsumer.accept(BootstrapLaunchConsumer.java:23) ~[modlauncher-10.0.9.jar%2355!/:?]
	at cpw.mods.bootstraplauncher.BootstrapLauncher.main(BootstrapLauncher.java:141) ~[bootstraplauncher-1.1.2.jar:?]
[07Jun2026 04:28:38.767] [main/ERROR] [net.minecraft.world.item.crafting.RecipeManager/]: Parsing error loading recipe kawaiidishes:create/milling/coffee_powder
com.google.gson.JsonSyntaxException: Invalid or unsupported recipe type 'create:milling'
	at net.minecraft.world.item.crafting.RecipeManager.m_220253_(RecipeManager.java:170) ~[server-1.20.1-20230612.114412-srg.jar%23153!/:?]
	at java.util.Optional.orElseThrow(Optional.java:403) ~[?:?]
	at net.minecraft.world.item.crafting.RecipeManager.fromJson(RecipeManager.java:169) ~[server-1.20.1-20230612.114412-srg.jar%23153!/:?]
	at net.minecraft.world.item.crafting.RecipeManager.m_5787_(RecipeManager.java:67) ~[server-1.20.1-20230612.114412-srg.jar%23153!/:?]
	at net.minecraft.world.item.crafting.RecipeManager.m_5787_(RecipeManager.java:34) ~[server-1.20.1-20230612.114412-srg.jar%23153!/:?]
	at net.minecraft.server.packs.resources.SimplePreparableReloadListener.m_10789_(SimplePreparableReloadListener.java:13) ~[server-1.20.1-20230612.114412-srg.jar%23153!/:?]
	at java.util.concurrent.CompletableFuture$UniAccept.tryFire(CompletableFuture.java:718) ~[?:?]
	at java.util.concurrent.CompletableFuture$Completion.run(CompletableFuture.java:482) ~[?:?]
	at net.minecraft.server.packs.resources.SimpleReloadInstance.m_143940_(SimpleReloadInstance.java:69) ~[server-1.20.1-20230612.114412-srg.jar%23153!/:?]
	at net.minecraft.Util.m_214652_(Util.java:783) ~[server-1.20.1-20230612.114412-srg.jar%23153!/:?]
	at net.minecraft.Util.m_214679_(Util.java:772) ~[server-1.20.1-20230612.114412-srg.jar%23153!/:?]
	at net.minecraft.server.Main.main(Main.java:166) ~[server-1.20.1-20230612.114412-srg.jar%23153!/:?]
	at jdk.internal.reflect.NativeMethodAccessorImpl.invoke0(Native Method) ~[?:?]
	at jdk.internal.reflect.NativeMethodAccessorImpl.invoke(NativeMethodAccessorImpl.java:77) ~[?:?]
	at jdk.internal.reflect.DelegatingMethodAccessorImpl.invoke(DelegatingMethodAccessorImpl.java:43) ~[?:?]
	at java.lang.reflect.Method.invoke(Method.java:569) ~[?:?]
	at net.minecraftforge.fml.loading.targets.CommonLaunchHandler.runTarget(CommonLaunchHandler.java:111) ~[fmlloader-1.20.1-47.3.7.jar%2369!/:?]
	at net.minecraftforge.fml.loading.targets.CommonLaunchHandler.serverService(CommonLaunchHandler.java:103) ~[fmlloader-1.20.1-47.3.7.jar%2369!/:?]
	at net.minecraftforge.fml.loading.targets.CommonServerLaunchHandler.lambda$makeService$0(CommonServerLaunchHandler.java:27) ~[fmlloader-1.20.1-47.3.7.jar%2369!/:?]
	at cpw.mods.modlauncher.LaunchServiceHandlerDecorator.launch(LaunchServiceHandlerDecorator.java:30) ~[modlauncher-10.0.9.jar%2355!/:?]
	at cpw.mods.modlauncher.LaunchServiceHandler.launch(LaunchServiceHandler.java:53) ~[modlauncher-10.0.9.jar%2355!/:?]
	at cpw.mods.modlauncher.LaunchServiceHandler.launch(LaunchServiceHandler.java:71) ~[modlauncher-10.0.9.jar%2355!/:?]
	at cpw.mods.modlauncher.Launcher.run(Launcher.java:108) ~[modlauncher-10.0.9.jar%2355!/:?]
	at cpw.mods.modlauncher.Launcher.main(Launcher.java:78) ~[modlauncher-10.0.9.jar%2355!/:?]
	at cpw.mods.modlauncher.BootstrapLaunchConsumer.accept(BootstrapLaunchConsumer.java:26) ~[modlauncher-10.0.9.jar%2355!/:?]
	at cpw.mods.modlauncher.BootstrapLaunchConsumer.accept(BootstrapLaunchConsumer.java:23) ~[modlauncher-10.0.9.jar%2355!/:?]
	at cpw.mods.bootstraplauncher.BootstrapLauncher.main(BootstrapLauncher.java:141) ~[bootstraplauncher-1.1.2.jar:?]
[07Jun2026 04:28:38.820] [main/ERROR] [net.minecraft.world.item.crafting.RecipeManager/]: Parsing error loading recipe kawaiidishes:create/milling/cocoa_powder
com.google.gson.JsonSyntaxException: Invalid or unsupported recipe type 'create:milling'
	at net.minecraft.world.item.crafting.RecipeManager.m_220253_(RecipeManager.java:170) ~[server-1.20.1-20230612.114412-srg.jar%23153!/:?]
	at java.util.Optional.orElseThrow(Optional.java:403) ~[?:?]
	at net.minecraft.world.item.crafting.RecipeManager.fromJson(RecipeManager.java:169) ~[server-1.20.1-20230612.114412-srg.jar%23153!/:?]
	at net.minecraft.world.item.crafting.RecipeManager.m_5787_(RecipeManager.java:67) ~[server-1.20.1-20230612.114412-srg.jar%23153!/:?]
	at net.minecraft.world.item.crafting.RecipeManager.m_5787_(RecipeManager.java:34) ~[server-1.20.1-20230612.114412-srg.jar%23153!/:?]
	at net.minecraft.server.packs.resources.SimplePreparableReloadListener.m_10789_(SimplePreparableReloadListener.java:13) ~[server-1.20.1-20230612.114412-srg.jar%23153!/:?]
	at java.util.concurrent.CompletableFuture$UniAccept.tryFire(CompletableFuture.java:718) ~[?:?]
	at java.util.concurrent.CompletableFuture$Completion.run(CompletableFuture.java:482) ~[?:?]
	at net.minecraft.server.packs.resources.SimpleReloadInstance.m_143940_(SimpleReloadInstance.java:69) ~[server-1.20.1-20230612.114412-srg.jar%23153!/:?]
	at net.minecraft.Util.m_214652_(Util.java:783) ~[server-1.20.1-20230612.114412-srg.jar%23153!/:?]
	at net.minecraft.Util.m_214679_(Util.java:772) ~[server-1.20.1-20230612.114412-srg.jar%23153!/:?]
	at net.minecraft.server.Main.main(Main.java:166) ~[server-1.20.1-20230612.114412-srg.jar%23153!/:?]
	at jdk.internal.reflect.NativeMethodAccessorImpl.invoke0(Native Method) ~[?:?]
	at jdk.internal.reflect.NativeMethodAccessorImpl.invoke(NativeMethodAccessorImpl.java:77) ~[?:?]
	at jdk.internal.reflect.DelegatingMethodAccessorImpl.invoke(DelegatingMethodAccessorImpl.java:43) ~[?:?]
	at java.lang.reflect.Method.invoke(Method.java:569) ~[?:?]
	at net.minecraftforge.fml.loading.targets.CommonLaunchHandler.runTarget(CommonLaunchHandler.java:111) ~[fmlloader-1.20.1-47.3.7.jar%2369!/:?]
	at net.minecraftforge.fml.loading.targets.CommonLaunchHandler.serverService(CommonLaunchHandler.java:103) ~[fmlloader-1.20.1-47.3.7.jar%2369!/:?]
	at net.minecraftforge.fml.loading.targets.CommonServerLaunchHandler.lambda$makeService$0(CommonServerLaunchHandler.java:27) ~[fmlloader-1.20.1-47.3.7.jar%2369!/:?]
	at cpw.mods.modlauncher.LaunchServiceHandlerDecorator.launch(LaunchServiceHandlerDecorator.java:30) ~[modlauncher-10.0.9.jar%2355!/:?]
	at cpw.mods.modlauncher.LaunchServiceHandler.launch(LaunchServiceHandler.java:53) ~[modlauncher-10.0.9.jar%2355!/:?]
	at cpw.mods.modlauncher.LaunchServiceHandler.launch(LaunchServiceHandler.java:71) ~[modlauncher-10.0.9.jar%2355!/:?]
	at cpw.mods.modlauncher.Launcher.run(Launcher.java:108) ~[modlauncher-10.0.9.jar%2355!/:?]
	at cpw.mods.modlauncher.Launcher.main(Launcher.java:78) ~[modlauncher-10.0.9.jar%2355!/:?]
	at cpw.mods.modlauncher.BootstrapLaunchConsumer.accept(BootstrapLaunchConsumer.java:26) ~[modlauncher-10.0.9.jar%2355!/:?]
	at cpw.mods.modlauncher.BootstrapLaunchConsumer.accept(BootstrapLaunchConsumer.java:23) ~[modlauncher-10.0.9.jar%2355!/:?]
	at cpw.mods.bootstraplauncher.BootstrapLauncher.main(BootstrapLauncher.java:141) ~[bootstraplauncher-1.1.2.jar:?]
[07Jun2026 04:28:38.834] [main/ERROR] [net.minecraft.world.item.crafting.RecipeManager/]: Parsing error loading recipe breadcraft:raisins_recipe_3
com.google.gson.JsonSyntaxException: Unknown item 'minecraft:sweet_berry_bush'
	at net.minecraft.world.item.crafting.ShapedRecipe.m_151280_(ShapedRecipe.java:292) ~[server-1.20.1-20230612.114412-srg.jar%23153!/:?]
	at java.util.Optional.orElseThrow(Optional.java:403) ~[?:?]
	at net.minecraft.world.item.crafting.ShapedRecipe.m_151278_(ShapedRecipe.java:291) ~[server-1.20.1-20230612.114412-srg.jar%23153!/:?]
	at net.minecraft.world.item.crafting.Ingredient.m_43919_(Ingredient.java:219) ~[server-1.20.1-20230612.114412-srg.jar%23153!/:?]
	at net.minecraftforge.common.crafting.VanillaIngredientSerializer.parse(VanillaIngredientSerializer.java:27) ~[forge-1.20.1-47.3.7-universal.jar%23158!/:?]
	at net.minecraftforge.common.crafting.CraftingHelper.getIngredient(CraftingHelper.java:148) ~[forge-1.20.1-47.3.7-universal.jar%23158!/:?]
	at net.minecraft.world.item.crafting.Ingredient.m_288218_(Ingredient.java:194) ~[server-1.20.1-20230612.114412-srg.jar%23153!/:?]
	at net.minecraft.world.item.crafting.SimpleCookingSerializer.m_6729_(SimpleCookingSerializer.java:24) ~[server-1.20.1-20230612.114412-srg.jar%23153!/:?]
	at net.minecraft.world.item.crafting.SimpleCookingSerializer.m_6729_(SimpleCookingSerializer.java:11) ~[server-1.20.1-20230612.114412-srg.jar%23153!/:?]
	at net.minecraftforge.common.extensions.IForgeRecipeSerializer.fromJson(IForgeRecipeSerializer.java:23) ~[forge-1.20.1-47.3.7-universal.jar%23158!/:?]
	at net.minecraft.world.item.crafting.RecipeManager.fromJson(RecipeManager.java:171) ~[server-1.20.1-20230612.114412-srg.jar%23153!/:?]
	at net.minecraft.world.item.crafting.RecipeManager.m_5787_(RecipeManager.java:67) ~[server-1.20.1-20230612.114412-srg.jar%23153!/:?]
	at net.minecraft.world.item.crafting.RecipeManager.m_5787_(RecipeManager.java:34) ~[server-1.20.1-20230612.114412-srg.jar%23153!/:?]
	at net.minecraft.server.packs.resources.SimplePreparableReloadListener.m_10789_(SimplePreparableReloadListener.java:13) ~[server-1.20.1-20230612.114412-srg.jar%23153!/:?]
	at java.util.concurrent.CompletableFuture$UniAccept.tryFire(CompletableFuture.java:718) ~[?:?]
	at java.util.concurrent.CompletableFuture$Completion.run(CompletableFuture.java:482) ~[?:?]
	at net.minecraft.server.packs.resources.SimpleReloadInstance.m_143940_(SimpleReloadInstance.java:69) ~[server-1.20.1-20230612.114412-srg.jar%23153!/:?]
	at net.minecraft.Util.m_214652_(Util.java:783) ~[server-1.20.1-20230612.114412-srg.jar%23153!/:?]
	at net.minecraft.Util.m_214679_(Util.java:772) ~[server-1.20.1-20230612.114412-srg.jar%23153!/:?]
	at net.minecraft.server.Main.main(Main.java:166) ~[server-1.20.1-20230612.114412-srg.jar%23153!/:?]
	at jdk.internal.reflect.NativeMethodAccessorImpl.invoke0(Native Method) ~[?:?]
	at jdk.internal.reflect.NativeMethodAccessorImpl.invoke(NativeMethodAccessorImpl.java:77) ~[?:?]
	at jdk.internal.reflect.DelegatingMethodAccessorImpl.invoke(DelegatingMethodAccessorImpl.java:43) ~[?:?]
	at java.lang.reflect.Method.invoke(Method.java:569) ~[?:?]
	at net.minecraftforge.fml.loading.targets.CommonLaunchHandler.runTarget(CommonLaunchHandler.java:111) ~[fmlloader-1.20.1-47.3.7.jar%2369!/:?]
	at net.minecraftforge.fml.loading.targets.CommonLaunchHandler.serverService(CommonLaunchHandler.java:103) ~[fmlloader-1.20.1-47.3.7.jar%2369!/:?]
	at net.minecraftforge.fml.loading.targets.CommonServerLaunchHandler.lambda$makeService$0(CommonServerLaunchHandler.java:27) ~[fmlloader-1.20.1-47.3.7.jar%2369!/:?]
	at cpw.mods.modlauncher.LaunchServiceHandlerDecorator.launch(LaunchServiceHandlerDecorator.java:30) ~[modlauncher-10.0.9.jar%2355!/:?]
	at cpw.mods.modlauncher.LaunchServiceHandler.launch(LaunchServiceHandler.java:53) ~[modlauncher-10.0.9.jar%2355!/:?]
	at cpw.mods.modlauncher.LaunchServiceHandler.launch(LaunchServiceHandler.java:71) ~[modlauncher-10.0.9.jar%2355!/:?]
	at cpw.mods.modlauncher.Launcher.run(Launcher.java:108) ~[modlauncher-10.0.9.jar%2355!/:?]
	at cpw.mods.modlauncher.Launcher.main(Launcher.java:78) ~[modlauncher-10.0.9.jar%2355!/:?]
	at cpw.mods.modlauncher.BootstrapLaunchConsumer.accept(BootstrapLaunchConsumer.java:26) ~[modlauncher-10.0.9.jar%2355!/:?]
	at cpw.mods.modlauncher.BootstrapLaunchConsumer.accept(BootstrapLaunchConsumer.java:23) ~[modlauncher-10.0.9.jar%2355!/:?]
	at cpw.mods.bootstraplauncher.BootstrapLauncher.main(BootstrapLauncher.java:141) ~[bootstraplauncher-1.1.2.jar:?]
[07Jun2026 04:28:38.908] [main/ERROR] [net.minecraft.world.item.crafting.RecipeManager/]: Parsing error loading recipe kawaiidishes:create/deploying/unbinding_cookie_active
com.google.gson.JsonSyntaxException: Invalid or unsupported recipe type 'create:deploying'
	at net.minecraft.world.item.crafting.RecipeManager.m_220253_(RecipeManager.java:170) ~[server-1.20.1-20230612.114412-srg.jar%23153!/:?]
	at java.util.Optional.orElseThrow(Optional.java:403) ~[?:?]
	at net.minecraft.world.item.crafting.RecipeManager.fromJson(RecipeManager.java:169) ~[server-1.20.1-20230612.114412-srg.jar%23153!/:?]
	at net.minecraft.world.item.crafting.RecipeManager.m_5787_(RecipeManager.java:67) ~[server-1.20.1-20230612.114412-srg.jar%23153!/:?]
	at net.minecraft.world.item.crafting.RecipeManager.m_5787_(RecipeManager.java:34) ~[server-1.20.1-20230612.114412-srg.jar%23153!/:?]
	at net.minecraft.server.packs.resources.SimplePreparableReloadListener.m_10789_(SimplePreparableReloadListener.java:13) ~[server-1.20.1-20230612.114412-srg.jar%23153!/:?]
	at java.util.concurrent.CompletableFuture$UniAccept.tryFire(CompletableFuture.java:718) ~[?:?]
	at java.util.concurrent.CompletableFuture$Completion.run(CompletableFuture.java:482) ~[?:?]
	at net.minecraft.server.packs.resources.SimpleReloadInstance.m_143940_(SimpleReloadInstance.java:69) ~[server-1.20.1-20230612.114412-srg.jar%23153!/:?]
	at net.minecraft.Util.m_214652_(Util.java:783) ~[server-1.20.1-20230612.114412-srg.jar%23153!/:?]
	at net.minecraft.Util.m_214679_(Util.java:772) ~[server-1.20.1-20230612.114412-srg.jar%23153!/:?]
	at net.minecraft.server.Main.main(Main.java:166) ~[server-1.20.1-20230612.114412-srg.jar%23153!/:?]
	at jdk.internal.reflect.NativeMethodAccessorImpl.invoke0(Native Method) ~[?:?]
	at jdk.internal.reflect.NativeMethodAccessorImpl.invoke(NativeMethodAccessorImpl.java:77) ~[?:?]
	at jdk.internal.reflect.DelegatingMethodAccessorImpl.invoke(DelegatingMethodAccessorImpl.java:43) ~[?:?]
	at java.lang.reflect.Method.invoke(Method.java:569) ~[?:?]
	at net.minecraftforge.fml.loading.targets.CommonLaunchHandler.runTarget(CommonLaunchHandler.java:111) ~[fmlloader-1.20.1-47.3.7.jar%2369!/:?]
	at net.minecraftforge.fml.loading.targets.CommonLaunchHandler.serverService(CommonLaunchHandler.java:103) ~[fmlloader-1.20.1-47.3.7.jar%2369!/:?]
	at net.minecraftforge.fml.loading.targets.CommonServerLaunchHandler.lambda$makeService$0(CommonServerLaunchHandler.java:27) ~[fmlloader-1.20.1-47.3.7.jar%2369!/:?]
	at cpw.mods.modlauncher.LaunchServiceHandlerDecorator.launch(LaunchServiceHandlerDecorator.java:30) ~[modlauncher-10.0.9.jar%2355!/:?]
	at cpw.mods.modlauncher.LaunchServiceHandler.launch(LaunchServiceHandler.java:53) ~[modlauncher-10.0.9.jar%2355!/:?]
	at cpw.mods.modlauncher.LaunchServiceHandler.launch(LaunchServiceHandler.java:71) ~[modlauncher-10.0.9.jar%2355!/:?]
	at cpw.mods.modlauncher.Launcher.run(Launcher.java:108) ~[modlauncher-10.0.9.jar%2355!/:?]
	at cpw.mods.modlauncher.Launcher.main(Launcher.java:78) ~[modlauncher-10.0.9.jar%2355!/:?]
	at cpw.mods.modlauncher.BootstrapLaunchConsumer.accept(BootstrapLaunchConsumer.java:26) ~[modlauncher-10.0.9.jar%2355!/:?]
	at cpw.mods.modlauncher.BootstrapLaunchConsumer.accept(BootstrapLaunchConsumer.java:23) ~[modlauncher-10.0.9.jar%2355!/:?]
	at cpw.mods.bootstraplauncher.BootstrapLauncher.main(BootstrapLauncher.java:141) ~[bootstraplauncher-1.1.2.jar:?]
[07Jun2026 04:28:38.916] [main/ERROR] [net.minecraft.world.item.crafting.RecipeManager/]: Parsing error loading recipe kawaiidishes:create/mixing/dark_chocolate
com.google.gson.JsonSyntaxException: Invalid or unsupported recipe type 'create:mixing'
	at net.minecraft.world.item.crafting.RecipeManager.m_220253_(RecipeManager.java:170) ~[server-1.20.1-20230612.114412-srg.jar%23153!/:?]
	at java.util.Optional.orElseThrow(Optional.java:403) ~[?:?]
	at net.minecraft.world.item.crafting.RecipeManager.fromJson(RecipeManager.java:169) ~[server-1.20.1-20230612.114412-srg.jar%23153!/:?]
	at net.minecraft.world.item.crafting.RecipeManager.m_5787_(RecipeManager.java:67) ~[server-1.20.1-20230612.114412-srg.jar%23153!/:?]
	at net.minecraft.world.item.crafting.RecipeManager.m_5787_(RecipeManager.java:34) ~[server-1.20.1-20230612.114412-srg.jar%23153!/:?]
	at net.minecraft.server.packs.resources.SimplePreparableReloadListener.m_10789_(SimplePreparableReloadListener.java:13) ~[server-1.20.1-20230612.114412-srg.jar%23153!/:?]
	at java.util.concurrent.CompletableFuture$UniAccept.tryFire(CompletableFuture.java:718) ~[?:?]
	at java.util.concurrent.CompletableFuture$Completion.run(CompletableFuture.java:482) ~[?:?]
	at net.minecraft.server.packs.resources.SimpleReloadInstance.m_143940_(SimpleReloadInstance.java:69) ~[server-1.20.1-20230612.114412-srg.jar%23153!/:?]
	at net.minecraft.Util.m_214652_(Util.java:783) ~[server-1.20.1-20230612.114412-srg.jar%23153!/:?]
	at net.minecraft.Util.m_214679_(Util.java:772) ~[server-1.20.1-20230612.114412-srg.jar%23153!/:?]
	at net.minecraft.server.Main.main(Main.java:166) ~[server-1.20.1-20230612.114412-srg.jar%23153!/:?]
	at jdk.internal.reflect.NativeMethodAccessorImpl.invoke0(Native Method) ~[?:?]
	at jdk.internal.reflect.NativeMethodAccessorImpl.invoke(NativeMethodAccessorImpl.java:77) ~[?:?]
	at jdk.internal.reflect.DelegatingMethodAccessorImpl.invoke(DelegatingMethodAccessorImpl.java:43) ~[?:?]
	at java.lang.reflect.Method.invoke(Method.java:569) ~[?:?]
	at net.minecraftforge.fml.loading.targets.CommonLaunchHandler.runTarget(CommonLaunchHandler.java:111) ~[fmlloader-1.20.1-47.3.7.jar%2369!/:?]
	at net.minecraftforge.fml.loading.targets.CommonLaunchHandler.serverService(CommonLaunchHandler.java:103) ~[fmlloader-1.20.1-47.3.7.jar%2369!/:?]
	at net.minecraftforge.fml.loading.targets.CommonServerLaunchHandler.lambda$makeService$0(CommonServerLaunchHandler.java:27) ~[fmlloader-1.20.1-47.3.7.jar%2369!/:?]
	at cpw.mods.modlauncher.LaunchServiceHandlerDecorator.launch(LaunchServiceHandlerDecorator.java:30) ~[modlauncher-10.0.9.jar%2355!/:?]
	at cpw.mods.modlauncher.LaunchServiceHandler.launch(LaunchServiceHandler.java:53) ~[modlauncher-10.0.9.jar%2355!/:?]
	at cpw.mods.modlauncher.LaunchServiceHandler.launch(LaunchServiceHandler.java:71) ~[modlauncher-10.0.9.jar%2355!/:?]
	at cpw.mods.modlauncher.Launcher.run(Launcher.java:108) ~[modlauncher-10.0.9.jar%2355!/:?]
	at cpw.mods.modlauncher.Launcher.main(Launcher.java:78) ~[modlauncher-10.0.9.jar%2355!/:?]
	at cpw.mods.modlauncher.BootstrapLaunchConsumer.accept(BootstrapLaunchConsumer.java:26) ~[modlauncher-10.0.9.jar%2355!/:?]
	at cpw.mods.modlauncher.BootstrapLaunchConsumer.accept(BootstrapLaunchConsumer.java:23) ~[modlauncher-10.0.9.jar%2355!/:?]
	at cpw.mods.bootstraplauncher.BootstrapLauncher.main(BootstrapLauncher.java:141) ~[bootstraplauncher-1.1.2.jar:?]
[07Jun2026 04:28:38.983] [main/INFO] [net.minecraft.world.item.crafting.RecipeManager/]: Loaded 24 recipes
[07Jun2026 04:28:39.171] [main/INFO] [net.minecraft.advancements.AdvancementList/]: Loaded 3994 advancements
[07Jun2026 04:28:41.412] [main/DEBUG] [net.minecraftforge.common.ForgeHooks/WP]: Gathering id map for writing to world save world
[07Jun2026 04:28:41.483] [main/DEBUG] [net.minecraftforge.common.ForgeHooks/WP]: ID Map collection complete world
[07Jun2026 04:28:41.601] [Server thread/INFO] [net.minecraft.server.dedicated.DedicatedServer/]: Starting minecraft server version 1.20.1
[07Jun2026 04:28:41.602] [Server thread/INFO] [net.minecraft.server.dedicated.DedicatedServer/]: Loading properties
[07Jun2026 04:28:41.603] [Server thread/INFO] [net.minecraft.server.dedicated.DedicatedServer/]: Default game type: SURVIVAL
[07Jun2026 04:28:41.604] [Server thread/INFO] [net.minecraft.server.MinecraftServer/]: Generating keypair
[07Jun2026 04:28:41.803] [Server thread/INFO] [net.minecraft.server.dedicated.DedicatedServer/]: Starting Minecraft server on *:25565
[07Jun2026 04:28:41.806] [Server thread/DEBUG] [net.minecraftforge.network.DualStackUtils/]: Detected IPv6 address: "0:0:0:0:0:0:0:0"
[07Jun2026 04:28:41.815] [Server thread/DEBUG] [io.netty.util.internal.NativeLibraryLoader/]: -Dio.netty.native.workdir: /tmp (io.netty.tmpdir)
[07Jun2026 04:28:41.815] [Server thread/DEBUG] [io.netty.util.internal.NativeLibraryLoader/]: -Dio.netty.native.deleteLibAfterLoading: true
[07Jun2026 04:28:41.815] [Server thread/DEBUG] [io.netty.util.internal.NativeLibraryLoader/]: -Dio.netty.native.tryPatchShadedId: true
[07Jun2026 04:28:41.815] [Server thread/DEBUG] [io.netty.util.internal.NativeLibraryLoader/]: -Dio.netty.native.detectNativeLibraryDuplicates: true
[07Jun2026 04:28:41.826] [Server thread/DEBUG] [io.netty.util.internal.NativeLibraryLoader/]: Successfully loaded the library /tmp/libnetty_transport_native_epoll_x86_6412208011371544902559.so
[07Jun2026 04:28:41.830] [Server thread/DEBUG] [io.netty.util.NetUtil/]: -Djava.net.preferIPv4Stack: false
[07Jun2026 04:28:41.830] [Server thread/DEBUG] [io.netty.util.NetUtil/]: -Djava.net.preferIPv6Addresses: true
[07Jun2026 04:28:41.832] [Server thread/DEBUG] [io.netty.util.NetUtilInitializations/]: Loopback interface: lo (lo, 0:0:0:0:0:0:0:1%lo)
[07Jun2026 04:28:41.835] [Server thread/DEBUG] [io.netty.util.NetUtil/]: /proc/sys/net/core/somaxconn: 4096
[07Jun2026 04:28:41.839] [Server thread/INFO] [net.minecraft.server.network.ServerConnectionListener/]: Using epoll channel type
[07Jun2026 04:28:41.856] [Server thread/DEBUG] [io.netty.channel.MultithreadEventLoopGroup/]: -Dio.netty.eventLoopThreads: 8
[07Jun2026 04:28:41.869] [Server thread/DEBUG] [io.netty.util.internal.InternalThreadLocalMap/]: -Dio.netty.threadLocalMap.stringBuilder.initialSize: 1024
[07Jun2026 04:28:41.870] [Server thread/DEBUG] [io.netty.util.internal.InternalThreadLocalMap/]: -Dio.netty.threadLocalMap.stringBuilder.maxSize: 4096
[07Jun2026 04:28:41.882] [Server thread/DEBUG] [io.netty.util.internal.PlatformDependent/]: org.jctools-core.MpscChunkedArrayQueue: available
[07Jun2026 04:28:41.901] [Server thread/DEBUG] [io.netty.channel.DefaultChannelId/]: -Dio.netty.processId: 4281 (auto-detected)
[07Jun2026 04:28:41.903] [Server thread/DEBUG] [io.netty.channel.DefaultChannelId/]: -Dio.netty.machineId: 7c:1e:52:ff:fe:e8:58:e3 (auto-detected)
[07Jun2026 04:28:41.938] [Server thread/DEBUG] [io.netty.buffer.PooledByteBufAllocator/]: -Dio.netty.allocator.numHeapArenas: 8
[07Jun2026 04:28:41.938] [Server thread/DEBUG] [io.netty.buffer.PooledByteBufAllocator/]: -Dio.netty.allocator.numDirectArenas: 8
[07Jun2026 04:28:41.938] [Server thread/DEBUG] [io.netty.buffer.PooledByteBufAllocator/]: -Dio.netty.allocator.pageSize: 8192
[07Jun2026 04:28:41.939] [Server thread/DEBUG] [io.netty.buffer.PooledByteBufAllocator/]: -Dio.netty.allocator.maxOrder: 9
[07Jun2026 04:28:41.939] [Server thread/DEBUG] [io.netty.buffer.PooledByteBufAllocator/]: -Dio.netty.allocator.chunkSize: 4194304
[07Jun2026 04:28:41.939] [Server thread/DEBUG] [io.netty.buffer.PooledByteBufAllocator/]: -Dio.netty.allocator.smallCacheSize: 256
[07Jun2026 04:28:41.939] [Server thread/DEBUG] [io.netty.buffer.PooledByteBufAllocator/]: -Dio.netty.allocator.normalCacheSize: 64
[07Jun2026 04:28:41.939] [Server thread/DEBUG] [io.netty.buffer.PooledByteBufAllocator/]: -Dio.netty.allocator.maxCachedBufferCapacity: 32768
[07Jun2026 04:28:41.939] [Server thread/DEBUG] [io.netty.buffer.PooledByteBufAllocator/]: -Dio.netty.allocator.cacheTrimInterval: 8192
[07Jun2026 04:28:41.939] [Server thread/DEBUG] [io.netty.buffer.PooledByteBufAllocator/]: -Dio.netty.allocator.cacheTrimIntervalMillis: 0
[07Jun2026 04:28:41.939] [Server thread/DEBUG] [io.netty.buffer.PooledByteBufAllocator/]: -Dio.netty.allocator.useCacheForAllThreads: false
[07Jun2026 04:28:41.939] [Server thread/DEBUG] [io.netty.buffer.PooledByteBufAllocator/]: -Dio.netty.allocator.maxCachedByteBuffersPerChunk: 1023
[07Jun2026 04:28:41.950] [Server thread/DEBUG] [io.netty.buffer.ByteBufUtil/]: -Dio.netty.allocator.type: pooled
[07Jun2026 04:28:41.950] [Server thread/DEBUG] [io.netty.buffer.ByteBufUtil/]: -Dio.netty.threadLocalDirectBufferSize: 0
[07Jun2026 04:28:41.950] [Server thread/DEBUG] [io.netty.buffer.ByteBufUtil/]: -Dio.netty.maxThreadLocalCharBufferSize: 16384
[07Jun2026 04:28:41.961] [Server thread/WARN] [net.minecraft.server.dedicated.DedicatedServer/]: **** SERVER IS RUNNING IN OFFLINE/INSECURE MODE!
[07Jun2026 04:28:41.962] [Server thread/WARN] [net.minecraft.server.dedicated.DedicatedServer/]: The server will make no attempt to authenticate usernames. Beware.
[07Jun2026 04:28:41.963] [Server thread/WARN] [net.minecraft.server.dedicated.DedicatedServer/]: While this makes the game possible to play without internet access, it also opens up the ability for hackers to connect with any username they choose.
[07Jun2026 04:28:41.963] [Server thread/WARN] [net.minecraft.server.dedicated.DedicatedServer/]: To change this, set "online-mode" to "true" in the server.properties file.
[07Jun2026 04:28:41.983] [Server thread/DEBUG] [net.minecraftforge.fml.config.ConfigTracker/CONFIG]: Loading configs type SERVER
[07Jun2026 04:28:41.983] [Server thread/DEBUG] [net.minecraftforge.fml.config.ConfigFileTypeHandler/CONFIG]: Built TOML config for ./world/serverconfig/doggytalents-server.toml
[07Jun2026 04:28:41.984] [Server thread/DEBUG] [net.minecraftforge.fml.config.ConfigFileTypeHandler/CONFIG]: Loaded TOML config file ./world/serverconfig/doggytalents-server.toml
[07Jun2026 04:28:41.985] [Server thread/DEBUG] [net.minecraftforge.fml.config.ConfigFileTypeHandler/CONFIG]: Watching TOML config file ./world/serverconfig/doggytalents-server.toml for changes
[07Jun2026 04:28:41.986] [Thread-1/DEBUG] [net.minecraftforge.fml.config.ConfigFileTypeHandler/CONFIG]: Config file doggytalents-server.toml changed, sending notifies
[07Jun2026 04:28:41.990] [Server thread/DEBUG] [net.minecraftforge.fml.config.ConfigFileTypeHandler/CONFIG]: Built TOML config for ./world/serverconfig/doggytalents-respawn_tags_to_remove.toml
[07Jun2026 04:28:41.990] [Server thread/DEBUG] [net.minecraftforge.fml.config.ConfigFileTypeHandler/CONFIG]: Loaded TOML config file ./world/serverconfig/doggytalents-respawn_tags_to_remove.toml
[07Jun2026 04:28:41.991] [Server thread/DEBUG] [net.minecraftforge.fml.config.ConfigFileTypeHandler/CONFIG]: Watching TOML config file ./world/serverconfig/doggytalents-respawn_tags_to_remove.toml for changes
[07Jun2026 04:28:41.991] [Server thread/DEBUG] [net.minecraftforge.fml.config.ConfigFileTypeHandler/CONFIG]: Built TOML config for ./world/serverconfig/forge-server.toml
[07Jun2026 04:28:41.991] [Server thread/DEBUG] [net.minecraftforge.fml.config.ConfigFileTypeHandler/CONFIG]: Loaded TOML config file ./world/serverconfig/forge-server.toml
[07Jun2026 04:28:41.992] [Server thread/DEBUG] [net.minecraftforge.fml.config.ConfigFileTypeHandler/CONFIG]: Watching TOML config file ./world/serverconfig/forge-server.toml for changes
[07Jun2026 04:28:41.992] [Server thread/DEBUG] [net.minecraftforge.common.ForgeConfig/FORGEMOD]: Loaded forge config file forge-server.toml
[07Jun2026 04:28:41.995] [Server thread/DEBUG] [net.minecraftforge.fml.config.ConfigFileTypeHandler/CONFIG]: Built TOML config for ./world/serverconfig/doggytalents-talents.toml
[07Jun2026 04:28:41.996] [Server thread/DEBUG] [net.minecraftforge.fml.config.ConfigFileTypeHandler/CONFIG]: Loaded TOML config file ./world/serverconfig/doggytalents-talents.toml
[07Jun2026 04:28:41.996] [Server thread/DEBUG] [net.minecraftforge.fml.config.ConfigFileTypeHandler/CONFIG]: Watching TOML config file ./world/serverconfig/doggytalents-talents.toml for changes
[07Jun2026 04:28:41.992] [Thread-1/DEBUG] [net.minecraftforge.fml.config.ConfigFileTypeHandler/CONFIG]: Config file doggytalents-server.toml changed, sending notifies
[07Jun2026 04:28:41.996] [Thread-1/DEBUG] [net.minecraftforge.fml.config.ConfigFileTypeHandler/CONFIG]: Config file doggytalents-respawn_tags_to_remove.toml changed, sending notifies
[07Jun2026 04:28:41.997] [Thread-1/DEBUG] [net.minecraftforge.fml.config.ConfigFileTypeHandler/CONFIG]: Config file forge-server.toml changed, sending notifies
[07Jun2026 04:28:41.997] [Thread-1/DEBUG] [net.minecraftforge.common.ForgeConfig/FORGEMOD]: Forge config just got changed on the file system!
[07Jun2026 04:28:41.997] [Thread-1/DEBUG] [net.minecraftforge.fml.config.ConfigFileTypeHandler/CONFIG]: Config file doggytalents-talents.toml changed, sending notifies
[07Jun2026 04:28:42.250] [Server thread/INFO] [net.minecraft.server.dedicated.DedicatedServer/]: Preparing level "world"
[07Jun2026 04:28:42.260] [Server thread/DEBUG] [net.minecraftforge.coremod.transformer.CoreModBaseTransformer/COREMOD]: Transforming net/minecraft/world/level/levelgen/PhantomSpawner
[07Jun2026 04:28:42.273] [Server thread/DEBUG] [net.minecraftforge.coremod.transformer.CoreModBaseTransformer/COREMOD]: Transforming net/minecraft/world/level/levelgen/PatrolSpawner
[07Jun2026 04:28:42.280] [Server thread/DEBUG] [mixin/]: Mixing PatrolSpawnerAccessor from friendsandfoes-common.mixins.json into net.minecraft.world.level.levelgen.PatrolSpawner
[07Jun2026 04:28:42.281] [Server thread/DEBUG] [mixin/]: Mixing PatrolSpawnerMixin from friendsandfoes-common.mixins.json into net.minecraft.world.level.levelgen.PatrolSpawner
[07Jun2026 04:28:42.290] [Server thread/DEBUG] [net.minecraftforge.coremod.transformer.CoreModBaseTransformer/COREMOD]: Transforming net/minecraft/world/entity/npc/CatSpawner
[07Jun2026 04:28:42.298] [Server thread/DEBUG] [net.minecraftforge.coremod.transformer.CoreModBaseTransformer/COREMOD]: Transforming net/minecraft/world/entity/ai/village/VillageSiege
[07Jun2026 04:28:42.365] [Server thread/DEBUG] [mixin/]: Mixing ServerLevel_EntityCallbackMixin from doggytalents.mixins.json into net.minecraft.server.level.ServerLevel$EntityCallbacks
[07Jun2026 04:28:45.693] [Server thread/INFO] [net.minecraft.server.MinecraftServer/]: Preparing start region for dimension minecraft:overworld
[07Jun2026 04:28:47.000] [Server thread/DEBUG] [mixin/]: Mixing MixinChunkSerializer from architectury.mixins.json into net.minecraft.world.level.chunk.storage.ChunkSerializer
[07Jun2026 04:28:47.709] [Server thread/DEBUG] [net.minecraftforge.coremod.transformer.CoreModBaseTransformer/COREMOD]: Transforming net/minecraft/world/level/levelgen/structure/templatesystem/StructureTemplate
[07Jun2026 04:28:50.380] [Worker-Main-3/INFO] [net.minecraft.server.level.progress.LoggerChunkProgressListener/]: Preparing spawn area: 0%
[07Jun2026 04:28:50.383] [Worker-Main-3/INFO] [net.minecraft.server.level.progress.LoggerChunkProgressListener/]: Preparing spawn area: 0%
[07Jun2026 04:28:50.384] [Worker-Main-3/INFO] [net.minecraft.server.level.progress.LoggerChunkProgressListener/]: Preparing spawn area: 0%
[07Jun2026 04:28:50.385] [Worker-Main-1/INFO] [net.minecraft.server.level.progress.LoggerChunkProgressListener/]: Preparing spawn area: 0%
[07Jun2026 04:28:50.386] [Worker-Main-2/INFO] [net.minecraft.server.level.progress.LoggerChunkProgressListener/]: Preparing spawn area: 0%
[07Jun2026 04:28:50.387] [Worker-Main-2/INFO] [net.minecraft.server.level.progress.LoggerChunkProgressListener/]: Preparing spawn area: 0%
[07Jun2026 04:28:50.389] [Worker-Main-3/INFO] [net.minecraft.server.level.progress.LoggerChunkProgressListener/]: Preparing spawn area: 0%
[07Jun2026 04:28:50.389] [Worker-Main-3/INFO] [net.minecraft.server.level.progress.LoggerChunkProgressListener/]: Preparing spawn area: 0%
[07Jun2026 04:28:50.390] [Worker-Main-3/INFO] [net.minecraft.server.level.progress.LoggerChunkProgressListener/]: Preparing spawn area: 0%
[07Jun2026 04:28:50.393] [Worker-Main-3/INFO] [net.minecraft.server.level.progress.LoggerChunkProgressListener/]: Preparing spawn area: 0%
[07Jun2026 04:28:50.694] [Worker-Main-2/INFO] [net.minecraft.server.level.progress.LoggerChunkProgressListener/]: Preparing spawn area: 1%
[07Jun2026 04:28:50.871] [Server thread/DEBUG] [mixin/]: Mixing LimbAnimatorAccessor from friendsandfoes-common.mixins.json into net.minecraft.world.entity.WalkAnimationState
[07Jun2026 04:28:51.194] [Worker-Main-2/INFO] [net.minecraft.server.level.progress.LoggerChunkProgressListener/]: Preparing spawn area: 58%
[07Jun2026 04:28:51.659] [Server thread/INFO] [net.minecraft.server.level.progress.LoggerChunkProgressListener/]: Time elapsed: 5966 ms
[07Jun2026 04:28:51.660] [Server thread/INFO] [net.minecraft.server.dedicated.DedicatedServer/]: Done (9.677s)! For help, type "help"
[07Jun2026 04:28:51.673] [Server thread/DEBUG] [net.minecraftforge.network.DualStackUtils/]: Detected IPv6 address: "0:0:0:0:0:0:0:0"
[07Jun2026 04:28:51.707] [Server thread/DEBUG] [net.minecraftforge.common.ForgeI18n/CORE]: Loading I18N data entries: 7198
[07Jun2026 04:28:51.711] [Server thread/INFO] [net.minecraftforge.server.permission.PermissionAPI/]: Successfully initialized permission handler forge:default_handler
[07Jun2026 04:28:51.735] [Server thread/DEBUG] [io.netty.buffer.AbstractByteBuf/]: -Dio.netty.buffer.checkAccessible: true
[07Jun2026 04:28:51.735] [Server thread/DEBUG] [io.netty.buffer.AbstractByteBuf/]: -Dio.netty.buffer.checkBounds: true
[07Jun2026 04:28:51.736] [Server thread/DEBUG] [io.netty.util.ResourceLeakDetectorFactory/]: Loaded default ResourceLeakDetector: io.netty.util.ResourceLeakDetector@7dceecee
[07Jun2026 04:28:51.793] [Server thread/DEBUG] [net.minecraftforge.coremod.transformer.CoreModBaseTransformer/COREMOD]: Transforming net/minecraft/world/level/NaturalSpawner
[07Jun2026 04:29:06.218] [Netty Epoll Server IO #1/DEBUG] [io.netty.util.Recycler/]: -Dio.netty.recycler.maxCapacityPerThread: 4096
[07Jun2026 04:29:06.219] [Netty Epoll Server IO #1/DEBUG] [io.netty.util.Recycler/]: -Dio.netty.recycler.ratio: 8
[07Jun2026 04:29:06.219] [Netty Epoll Server IO #1/DEBUG] [io.netty.util.Recycler/]: -Dio.netty.recycler.chunkSize: 32
[07Jun2026 04:29:06.219] [Netty Epoll Server IO #1/DEBUG] [io.netty.util.Recycler/]: -Dio.netty.recycler.blocking: false
[07Jun2026 04:29:12.376] [Netty Epoll Server IO #2/DEBUG] [net.minecraftforge.network.HandshakeHandler/FMLHANDSHAKE]: Starting new modded impl connection. Found 29 messages to dispatch.
[07Jun2026 04:29:12.416] [Server thread/DEBUG] [net.minecraftforge.network.HandshakeHandler/FMLHANDSHAKE]: Sending ticking packet info 'net.minecraftforge.network.HandshakeMessages$S2CModData' to 'fml:handshake' sequence 0
[07Jun2026 04:29:12.465] [Server thread/DEBUG] [net.minecraftforge.network.HandshakeHandler/FMLHANDSHAKE]: Sending ticking packet info 'net.minecraftforge.network.HandshakeMessages$S2CModList' to 'fml:handshake' sequence 1
[07Jun2026 04:29:12.515] [Server thread/DEBUG] [net.minecraftforge.network.HandshakeHandler/FMLHANDSHAKE]: Sending ticking packet info 'Registry minecraft:command_argument_type' to 'fml:handshake' sequence 2
[07Jun2026 04:29:12.565] [Server thread/DEBUG] [net.minecraftforge.network.HandshakeHandler/FMLHANDSHAKE]: Sending ticking packet info 'Registry minecraft:recipe_serializer' to 'fml:handshake' sequence 3
[07Jun2026 04:29:12.615] [Server thread/DEBUG] [net.minecraftforge.network.HandshakeHandler/FMLHANDSHAKE]: Sending ticking packet info 'Registry minecraft:sound_event' to 'fml:handshake' sequence 4
[07Jun2026 04:29:12.665] [Server thread/DEBUG] [net.minecraftforge.network.HandshakeHandler/FMLHANDSHAKE]: Sending ticking packet info 'Registry minecraft:particle_type' to 'fml:handshake' sequence 5
[07Jun2026 04:29:12.715] [Server thread/DEBUG] [net.minecraftforge.network.HandshakeHandler/FMLHANDSHAKE]: Sending ticking packet info 'Registry minecraft:villager_profession' to 'fml:handshake' sequence 6
[07Jun2026 04:29:12.738] [Netty Epoll Server IO #2/DEBUG] [net.minecraftforge.network.LoginWrapper/FMLHANDSHAKE]: Recieved login wrapper packet event for channel fml:handshake with index 1
[07Jun2026 04:29:12.740] [Netty Epoll Server IO #2/DEBUG] [net.minecraftforge.network.HandshakeHandler/FMLHANDSHAKE]: Received client indexed reply 1 of type net.minecraftforge.network.HandshakeMessages$C2SModListReply
[07Jun2026 04:29:12.741] [Netty Epoll Server IO #2/DEBUG] [net.minecraftforge.network.HandshakeHandler/FMLHANDSHAKE]: Received client connection with modlist [minecraft, farmersdelight, tameablebeasts, cute_companions_ducks, explorify, geckolib, cluttered, faunify, xaerolib, doggytalents, shroom_dealers, xaerominimap, breadcraft, citadel, alexsmobs, mixinextras, architectury, furnish, meadow, kawaiidishes, terralith, placeable_food, forge, t_and_t, farm_and_charm, bakery, friendsandfoes, cristellib, betterdogs_dtn]
[07Jun2026 04:29:12.742] [Netty Epoll Server IO #2/DEBUG] [net.minecraftforge.network.NetworkRegistry/NETREGISTRY]: Channel 'fml:loginwrapper' : Version test of 'FML3' from client : ACCEPTED
[07Jun2026 04:29:12.742] [Netty Epoll Server IO #2/DEBUG] [net.minecraftforge.network.NetworkRegistry/NETREGISTRY]: Channel 'forge:tier_sorting' : Version test of '1.0' from client : ACCEPTED
[07Jun2026 04:29:12.742] [Netty Epoll Server IO #2/DEBUG] [net.minecraftforge.network.NetworkRegistry/NETREGISTRY]: Channel 'architectury:network' : Version test of '1' from client : ACCEPTED
[07Jun2026 04:29:12.742] [Netty Epoll Server IO #2/DEBUG] [net.minecraftforge.network.NetworkRegistry/NETREGISTRY]: Channel 'alexsmobs:main_channel' : Version test of '1' from client : ACCEPTED
[07Jun2026 04:29:12.742] [Netty Epoll Server IO #2/DEBUG] [net.minecraftforge.network.NetworkRegistry/NETREGISTRY]: Channel 'xaerolib:main' : Version test of '1.0' from client : ACCEPTED
[07Jun2026 04:29:12.742] [Netty Epoll Server IO #2/DEBUG] [net.minecraftforge.network.NetworkRegistry/NETREGISTRY]: Channel 'minecraft:unregister' : Version test of 'FML3' from client : ACCEPTED
[07Jun2026 04:29:12.742] [Netty Epoll Server IO #2/DEBUG] [net.minecraftforge.network.NetworkRegistry/NETREGISTRY]: Channel 'tameablebeasts:main' : Version test of 'FML3' from client : ACCEPTED
[07Jun2026 04:29:12.742] [Netty Epoll Server IO #2/DEBUG] [net.minecraftforge.network.NetworkRegistry/NETREGISTRY]: Channel 'fml:play' : Version test of 'FML3' from client : ACCEPTED
[07Jun2026 04:29:12.742] [Netty Epoll Server IO #2/DEBUG] [net.minecraftforge.network.NetworkRegistry/NETREGISTRY]: Channel 'xaerominimap:main' : Version test of '1.0' from client : ACCEPTED
[07Jun2026 04:29:12.742] [Netty Epoll Server IO #2/DEBUG] [net.minecraftforge.network.NetworkRegistry/NETREGISTRY]: Channel 'citadel:main_channel' : Version test of '1' from client : ACCEPTED
[07Jun2026 04:29:12.742] [Netty Epoll Server IO #2/DEBUG] [net.minecraftforge.network.NetworkRegistry/NETREGISTRY]: Channel 'shroom_dealers:shroom_dealers' : Version test of '1' from client : ACCEPTED
[07Jun2026 04:29:12.742] [Netty Epoll Server IO #2/DEBUG] [net.minecraftforge.network.NetworkRegistry/NETREGISTRY]: Channel 'cute_companions_ducks:cute_companions_ducks' : Version test of '1' from client : ACCEPTED
[07Jun2026 04:29:12.742] [Netty Epoll Server IO #2/DEBUG] [net.minecraftforge.network.NetworkRegistry/NETREGISTRY]: Channel 'friendsandfoes:networking' : Version test of '3.0.9' from client : ACCEPTED
[07Jun2026 04:29:12.742] [Netty Epoll Server IO #2/DEBUG] [net.minecraftforge.network.NetworkRegistry/NETREGISTRY]: Channel 'fml:handshake' : Version test of 'FML3' from client : ACCEPTED
[07Jun2026 04:29:12.742] [Netty Epoll Server IO #2/DEBUG] [net.minecraftforge.network.NetworkRegistry/NETREGISTRY]: Channel 'farmersdelight:main' : Version test of '1' from client : ACCEPTED
[07Jun2026 04:29:12.742] [Netty Epoll Server IO #2/DEBUG] [net.minecraftforge.network.NetworkRegistry/NETREGISTRY]: Channel 'doggytalents:channel' : Version test of '3' from client : ACCEPTED
[07Jun2026 04:29:12.742] [Netty Epoll Server IO #2/DEBUG] [net.minecraftforge.network.NetworkRegistry/NETREGISTRY]: Channel 'placeable_food:placeable_food' : Version test of '1' from client : ACCEPTED
[07Jun2026 04:29:12.742] [Netty Epoll Server IO #2/DEBUG] [net.minecraftforge.network.NetworkRegistry/NETREGISTRY]: Channel 'minecraft:register' : Version test of 'FML3' from client : ACCEPTED
[07Jun2026 04:29:12.742] [Netty Epoll Server IO #2/DEBUG] [net.minecraftforge.network.NetworkRegistry/NETREGISTRY]: Channel 'forge:split' : Version test of '1.1' from client : ACCEPTED
[07Jun2026 04:29:12.742] [Netty Epoll Server IO #2/DEBUG] [net.minecraftforge.network.NetworkRegistry/NETREGISTRY]: Channel 'breadcraft:breadcraft' : Version test of '1' from client : ACCEPTED
[07Jun2026 04:29:12.742] [Netty Epoll Server IO #2/DEBUG] [net.minecraftforge.network.NetworkRegistry/NETREGISTRY]: Channel 'geckolib:main' : Version test of '1' from client : ACCEPTED
[07Jun2026 04:29:12.742] [Netty Epoll Server IO #2/DEBUG] [net.minecraftforge.network.NetworkRegistry/NETREGISTRY]: Channel 'kawaiidishes:messages' : Version test of '1.0' from client : ACCEPTED
[07Jun2026 04:29:12.742] [Netty Epoll Server IO #2/DEBUG] [net.minecraftforge.network.NetworkRegistry/NETREGISTRY]: Accepting channel list from client
[07Jun2026 04:29:12.743] [Netty Epoll Server IO #2/DEBUG] [net.minecraftforge.network.HandshakeHandler/FMLHANDSHAKE]: Accepted client connection mod list
[07Jun2026 04:29:12.765] [Server thread/DEBUG] [net.minecraftforge.network.HandshakeHandler/FMLHANDSHAKE]: Sending ticking packet info 'Registry minecraft:item' to 'fml:handshake' sequence 7
[07Jun2026 04:29:12.787] [Netty Epoll Server IO #2/DEBUG] [net.minecraftforge.network.LoginWrapper/FMLHANDSHAKE]: Recieved login wrapper packet event for channel fml:handshake with index 2
[07Jun2026 04:29:12.787] [Netty Epoll Server IO #2/DEBUG] [net.minecraftforge.network.HandshakeHandler/FMLHANDSHAKE]: Received client indexed reply 2 of type net.minecraftforge.network.HandshakeMessages$C2SAcknowledge
[07Jun2026 04:29:12.787] [Netty Epoll Server IO #2/DEBUG] [net.minecraftforge.network.HandshakeHandler/FMLHANDSHAKE]: Received acknowledgement from client
[07Jun2026 04:29:12.815] [Server thread/DEBUG] [net.minecraftforge.network.HandshakeHandler/FMLHANDSHAKE]: Sending ticking packet info 'Registry minecraft:potion' to 'fml:handshake' sequence 8
[07Jun2026 04:29:12.830] [Netty Epoll Server IO #2/DEBUG] [net.minecraftforge.network.LoginWrapper/FMLHANDSHAKE]: Recieved login wrapper packet event for channel fml:handshake with index 3
[07Jun2026 04:29:12.830] [Netty Epoll Server IO #2/DEBUG] [net.minecraftforge.network.HandshakeHandler/FMLHANDSHAKE]: Received client indexed reply 3 of type net.minecraftforge.network.HandshakeMessages$C2SAcknowledge
[07Jun2026 04:29:12.830] [Netty Epoll Server IO #2/DEBUG] [net.minecraftforge.network.HandshakeHandler/FMLHANDSHAKE]: Received acknowledgement from client
[07Jun2026 04:29:12.865] [Server thread/DEBUG] [net.minecraftforge.network.HandshakeHandler/FMLHANDSHAKE]: Sending ticking packet info 'Registry doggytalents:talents' to 'fml:handshake' sequence 9
[07Jun2026 04:29:12.915] [Server thread/DEBUG] [net.minecraftforge.network.HandshakeHandler/FMLHANDSHAKE]: Sending ticking packet info 'Registry minecraft:painting_variant' to 'fml:handshake' sequence 10
[07Jun2026 04:29:12.965] [Server thread/DEBUG] [net.minecraftforge.network.HandshakeHandler/FMLHANDSHAKE]: Sending ticking packet info 'Registry forge:fluid_type' to 'fml:handshake' sequence 11
[07Jun2026 04:29:13.015] [Server thread/DEBUG] [net.minecraftforge.network.HandshakeHandler/FMLHANDSHAKE]: Sending ticking packet info 'Registry minecraft:block_entity_type' to 'fml:handshake' sequence 12
[07Jun2026 04:29:13.065] [Server thread/DEBUG] [net.minecraftforge.network.HandshakeHandler/FMLHANDSHAKE]: Sending ticking packet info 'Registry forge:display_contexts' to 'fml:handshake' sequence 13
[07Jun2026 04:29:13.115] [Server thread/DEBUG] [net.minecraftforge.network.HandshakeHandler/FMLHANDSHAKE]: Sending ticking packet info 'Registry minecraft:block' to 'fml:handshake' sequence 14
[07Jun2026 04:29:13.165] [Server thread/DEBUG] [net.minecraftforge.network.HandshakeHandler/FMLHANDSHAKE]: Sending ticking packet info 'Registry forge:entity_data_serializers' to 'fml:handshake' sequence 15
[07Jun2026 04:29:13.215] [Server thread/DEBUG] [net.minecraftforge.network.HandshakeHandler/FMLHANDSHAKE]: Sending ticking packet info 'Registry minecraft:mob_effect' to 'fml:handshake' sequence 16
[07Jun2026 04:29:13.265] [Server thread/DEBUG] [net.minecraftforge.network.HandshakeHandler/FMLHANDSHAKE]: Sending ticking packet info 'Registry minecraft:stat_type' to 'fml:handshake' sequence 17
[07Jun2026 04:29:13.315] [Server thread/DEBUG] [net.minecraftforge.network.HandshakeHandler/FMLHANDSHAKE]: Sending ticking packet info 'Registry minecraft:menu' to 'fml:handshake' sequence 18
[07Jun2026 04:29:13.365] [Server thread/DEBUG] [net.minecraftforge.network.HandshakeHandler/FMLHANDSHAKE]: Sending ticking packet info 'Registry minecraft:enchantment' to 'fml:handshake' sequence 19
[07Jun2026 04:29:13.413] [Netty Epoll Server IO #2/DEBUG] [net.minecraftforge.network.LoginWrapper/FMLHANDSHAKE]: Recieved login wrapper packet event for channel fml:handshake with index 4
[07Jun2026 04:29:13.413] [Netty Epoll Server IO #2/DEBUG] [net.minecraftforge.network.HandshakeHandler/FMLHANDSHAKE]: Received client indexed reply 4 of type net.minecraftforge.network.HandshakeMessages$C2SAcknowledge
[07Jun2026 04:29:13.413] [Netty Epoll Server IO #2/DEBUG] [net.minecraftforge.network.HandshakeHandler/FMLHANDSHAKE]: Received acknowledgement from client
[07Jun2026 04:29:13.414] [Netty Epoll Server IO #2/DEBUG] [net.minecraftforge.network.LoginWrapper/FMLHANDSHAKE]: Recieved login wrapper packet event for channel fml:handshake with index 5
[07Jun2026 04:29:13.414] [Netty Epoll Server IO #2/DEBUG] [net.minecraftforge.network.HandshakeHandler/FMLHANDSHAKE]: Received client indexed reply 5 of type net.minecraftforge.network.HandshakeMessages$C2SAcknowledge
[07Jun2026 04:29:13.414] [Netty Epoll Server IO #2/DEBUG] [net.minecraftforge.network.HandshakeHandler/FMLHANDSHAKE]: Received acknowledgement from client
[07Jun2026 04:29:13.414] [Netty Epoll Server IO #2/DEBUG] [net.minecraftforge.network.LoginWrapper/FMLHANDSHAKE]: Recieved login wrapper packet event for channel fml:handshake with index 6
[07Jun2026 04:29:13.414] [Netty Epoll Server IO #2/DEBUG] [net.minecraftforge.network.HandshakeHandler/FMLHANDSHAKE]: Received client indexed reply 6 of type net.minecraftforge.network.HandshakeMessages$C2SAcknowledge
[07Jun2026 04:29:13.414] [Netty Epoll Server IO #2/DEBUG] [net.minecraftforge.network.HandshakeHandler/FMLHANDSHAKE]: Received acknowledgement from client
[07Jun2026 04:29:13.415] [Server thread/DEBUG] [net.minecraftforge.network.HandshakeHandler/FMLHANDSHAKE]: Sending ticking packet info 'Registry doggytalents:talent_options' to 'fml:handshake' sequence 20
[07Jun2026 04:29:13.465] [Server thread/DEBUG] [net.minecraftforge.network.HandshakeHandler/FMLHANDSHAKE]: Sending ticking packet info 'Registry minecraft:fluid' to 'fml:handshake' sequence 21
[07Jun2026 04:29:13.515] [Server thread/DEBUG] [net.minecraftforge.network.HandshakeHandler/FMLHANDSHAKE]: Sending ticking packet info 'Registry doggytalents:dog_variant' to 'fml:handshake' sequence 22
[07Jun2026 04:29:13.565] [Server thread/DEBUG] [net.minecraftforge.network.HandshakeHandler/FMLHANDSHAKE]: Sending ticking packet info 'Registry minecraft:entity_type' to 'fml:handshake' sequence 23
[07Jun2026 04:29:13.615] [Server thread/DEBUG] [net.minecraftforge.network.HandshakeHandler/FMLHANDSHAKE]: Sending ticking packet info 'Registry doggytalents:accessories' to 'fml:handshake' sequence 24
[07Jun2026 04:29:13.665] [Server thread/DEBUG] [net.minecraftforge.network.HandshakeHandler/FMLHANDSHAKE]: Sending ticking packet info 'Config doggytalents-respawn_tags_to_remove.toml' to 'fml:handshake' sequence 25
[07Jun2026 04:29:13.715] [Server thread/DEBUG] [net.minecraftforge.network.HandshakeHandler/FMLHANDSHAKE]: Sending ticking packet info 'Config doggytalents-talents.toml' to 'fml:handshake' sequence 26
[07Jun2026 04:29:13.765] [Server thread/DEBUG] [net.minecraftforge.network.HandshakeHandler/FMLHANDSHAKE]: Sending ticking packet info 'Config doggytalents-server.toml' to 'fml:handshake' sequence 27
[07Jun2026 04:29:13.793] [Netty Epoll Server IO #2/DEBUG] [net.minecraftforge.network.LoginWrapper/FMLHANDSHAKE]: Recieved login wrapper packet event for channel fml:handshake with index 7
[07Jun2026 04:29:13.793] [Netty Epoll Server IO #2/DEBUG] [net.minecraftforge.network.HandshakeHandler/FMLHANDSHAKE]: Received client indexed reply 7 of type net.minecraftforge.network.HandshakeMessages$C2SAcknowledge
[07Jun2026 04:29:13.793] [Netty Epoll Server IO #2/DEBUG] [net.minecraftforge.network.HandshakeHandler/FMLHANDSHAKE]: Received acknowledgement from client
[07Jun2026 04:29:13.794] [Netty Epoll Server IO #2/DEBUG] [net.minecraftforge.network.LoginWrapper/FMLHANDSHAKE]: Recieved login wrapper packet event for channel fml:handshake with index 8
[07Jun2026 04:29:13.794] [Netty Epoll Server IO #2/DEBUG] [net.minecraftforge.network.HandshakeHandler/FMLHANDSHAKE]: Received client indexed reply 8 of type net.minecraftforge.network.HandshakeMessages$C2SAcknowledge
[07Jun2026 04:29:13.794] [Netty Epoll Server IO #2/DEBUG] [net.minecraftforge.network.HandshakeHandler/FMLHANDSHAKE]: Received acknowledgement from client
[07Jun2026 04:29:13.794] [Netty Epoll Server IO #2/DEBUG] [net.minecraftforge.network.LoginWrapper/FMLHANDSHAKE]: Recieved login wrapper packet event for channel fml:handshake with index 9
[07Jun2026 04:29:13.794] [Netty Epoll Server IO #2/DEBUG] [net.minecraftforge.network.HandshakeHandler/FMLHANDSHAKE]: Received client indexed reply 9 of type net.minecraftforge.network.HandshakeMessages$C2SAcknowledge
[07Jun2026 04:29:13.794] [Netty Epoll Server IO #2/DEBUG] [net.minecraftforge.network.HandshakeHandler/FMLHANDSHAKE]: Received acknowledgement from client
[07Jun2026 04:29:13.796] [Netty Epoll Server IO #2/DEBUG] [net.minecraftforge.network.LoginWrapper/FMLHANDSHAKE]: Recieved login wrapper packet event for channel fml:handshake with index 10
[07Jun2026 04:29:13.796] [Netty Epoll Server IO #2/DEBUG] [net.minecraftforge.network.HandshakeHandler/FMLHANDSHAKE]: Received client indexed reply 10 of type net.minecraftforge.network.HandshakeMessages$C2SAcknowledge
[07Jun2026 04:29:13.796] [Netty Epoll Server IO #2/DEBUG] [net.minecraftforge.network.HandshakeHandler/FMLHANDSHAKE]: Received acknowledgement from client
[07Jun2026 04:29:13.796] [Netty Epoll Server IO #2/DEBUG] [net.minecraftforge.network.LoginWrapper/FMLHANDSHAKE]: Recieved login wrapper packet event for channel fml:handshake with index 11
[07Jun2026 04:29:13.796] [Netty Epoll Server IO #2/DEBUG] [net.minecraftforge.network.HandshakeHandler/FMLHANDSHAKE]: Received client indexed reply 11 of type net.minecraftforge.network.HandshakeMessages$C2SAcknowledge
[07Jun2026 04:29:13.796] [Netty Epoll Server IO #2/DEBUG] [net.minecraftforge.network.HandshakeHandler/FMLHANDSHAKE]: Received acknowledgement from client
[07Jun2026 04:29:13.796] [Netty Epoll Server IO #2/DEBUG] [net.minecraftforge.network.LoginWrapper/FMLHANDSHAKE]: Recieved login wrapper packet event for channel fml:handshake with index 12
[07Jun2026 04:29:13.796] [Netty Epoll Server IO #2/DEBUG] [net.minecraftforge.network.HandshakeHandler/FMLHANDSHAKE]: Received client indexed reply 12 of type net.minecraftforge.network.HandshakeMessages$C2SAcknowledge
[07Jun2026 04:29:13.796] [Netty Epoll Server IO #2/DEBUG] [net.minecraftforge.network.HandshakeHandler/FMLHANDSHAKE]: Received acknowledgement from client
[07Jun2026 04:29:13.797] [Netty Epoll Server IO #2/DEBUG] [net.minecraftforge.network.LoginWrapper/FMLHANDSHAKE]: Recieved login wrapper packet event for channel fml:handshake with index 13
[07Jun2026 04:29:13.797] [Netty Epoll Server IO #2/DEBUG] [net.minecraftforge.network.HandshakeHandler/FMLHANDSHAKE]: Received client indexed reply 13 of type net.minecraftforge.network.HandshakeMessages$C2SAcknowledge
[07Jun2026 04:29:13.797] [Netty Epoll Server IO #2/DEBUG] [net.minecraftforge.network.HandshakeHandler/FMLHANDSHAKE]: Received acknowledgement from client
[07Jun2026 04:29:13.815] [Server thread/DEBUG] [net.minecraftforge.network.HandshakeHandler/FMLHANDSHAKE]: Sending ticking packet info 'Config forge-server.toml' to 'fml:handshake' sequence 28
[07Jun2026 04:29:13.941] [Netty Epoll Server IO #2/DEBUG] [net.minecraftforge.network.LoginWrapper/FMLHANDSHAKE]: Recieved login wrapper packet event for channel fml:handshake with index 14
[07Jun2026 04:29:13.941] [Netty Epoll Server IO #2/DEBUG] [net.minecraftforge.network.HandshakeHandler/FMLHANDSHAKE]: Received client indexed reply 14 of type net.minecraftforge.network.HandshakeMessages$C2SAcknowledge
[07Jun2026 04:29:13.941] [Netty Epoll Server IO #2/DEBUG] [net.minecraftforge.network.HandshakeHandler/FMLHANDSHAKE]: Received acknowledgement from client
[07Jun2026 04:29:13.941] [Netty Epoll Server IO #2/DEBUG] [net.minecraftforge.network.LoginWrapper/FMLHANDSHAKE]: Recieved login wrapper packet event for channel fml:handshake with index 15
[07Jun2026 04:29:13.942] [Netty Epoll Server IO #2/DEBUG] [net.minecraftforge.network.HandshakeHandler/FMLHANDSHAKE]: Received client indexed reply 15 of type net.minecraftforge.network.HandshakeMessages$C2SAcknowledge
[07Jun2026 04:29:13.942] [Netty Epoll Server IO #2/DEBUG] [net.minecraftforge.network.HandshakeHandler/FMLHANDSHAKE]: Received acknowledgement from client
[07Jun2026 04:29:13.942] [Netty Epoll Server IO #2/DEBUG] [net.minecraftforge.network.LoginWrapper/FMLHANDSHAKE]: Recieved login wrapper packet event for channel fml:handshake with index 16
[07Jun2026 04:29:13.942] [Netty Epoll Server IO #2/DEBUG] [net.minecraftforge.network.HandshakeHandler/FMLHANDSHAKE]: Received client indexed reply 16 of type net.minecraftforge.network.HandshakeMessages$C2SAcknowledge
[07Jun2026 04:29:13.942] [Netty Epoll Server IO #2/DEBUG] [net.minecraftforge.network.HandshakeHandler/FMLHANDSHAKE]: Received acknowledgement from client
[07Jun2026 04:29:13.942] [Netty Epoll Server IO #2/DEBUG] [net.minecraftforge.network.LoginWrapper/FMLHANDSHAKE]: Recieved login wrapper packet event for channel fml:handshake with index 17
[07Jun2026 04:29:13.942] [Netty Epoll Server IO #2/DEBUG] [net.minecraftforge.network.HandshakeHandler/FMLHANDSHAKE]: Received client indexed reply 17 of type net.minecraftforge.network.HandshakeMessages$C2SAcknowledge
[07Jun2026 04:29:13.942] [Netty Epoll Server IO #2/DEBUG] [net.minecraftforge.network.HandshakeHandler/FMLHANDSHAKE]: Received acknowledgement from client
[07Jun2026 04:29:13.942] [Netty Epoll Server IO #2/DEBUG] [net.minecraftforge.network.LoginWrapper/FMLHANDSHAKE]: Recieved login wrapper packet event for channel fml:handshake with index 18
[07Jun2026 04:29:13.943] [Netty Epoll Server IO #2/DEBUG] [net.minecraftforge.network.HandshakeHandler/FMLHANDSHAKE]: Received client indexed reply 18 of type net.minecraftforge.network.HandshakeMessages$C2SAcknowledge
[07Jun2026 04:29:13.943] [Netty Epoll Server IO #2/DEBUG] [net.minecraftforge.network.HandshakeHandler/FMLHANDSHAKE]: Received acknowledgement from client
[07Jun2026 04:29:13.943] [Netty Epoll Server IO #2/DEBUG] [net.minecraftforge.network.LoginWrapper/FMLHANDSHAKE]: Recieved login wrapper packet event for channel fml:handshake with index 19
[07Jun2026 04:29:13.943] [Netty Epoll Server IO #2/DEBUG] [net.minecraftforge.network.HandshakeHandler/FMLHANDSHAKE]: Received client indexed reply 19 of type net.minecraftforge.network.HandshakeMessages$C2SAcknowledge
[07Jun2026 04:29:13.943] [Netty Epoll Server IO #2/DEBUG] [net.minecraftforge.network.HandshakeHandler/FMLHANDSHAKE]: Received acknowledgement from client
[07Jun2026 04:29:13.944] [Netty Epoll Server IO #2/DEBUG] [net.minecraftforge.network.LoginWrapper/FMLHANDSHAKE]: Recieved login wrapper packet event for channel fml:handshake with index 20
[07Jun2026 04:29:13.944] [Netty Epoll Server IO #2/DEBUG] [net.minecraftforge.network.HandshakeHandler/FMLHANDSHAKE]: Received client indexed reply 20 of type net.minecraftforge.network.HandshakeMessages$C2SAcknowledge
[07Jun2026 04:29:13.944] [Netty Epoll Server IO #2/DEBUG] [net.minecraftforge.network.HandshakeHandler/FMLHANDSHAKE]: Received acknowledgement from client
[07Jun2026 04:29:13.944] [Netty Epoll Server IO #2/DEBUG] [net.minecraftforge.network.LoginWrapper/FMLHANDSHAKE]: Recieved login wrapper packet event for channel fml:handshake with index 21
[07Jun2026 04:29:13.944] [Netty Epoll Server IO #2/DEBUG] [net.minecraftforge.network.HandshakeHandler/FMLHANDSHAKE]: Received client indexed reply 21 of type net.minecraftforge.network.HandshakeMessages$C2SAcknowledge
[07Jun2026 04:29:13.944] [Netty Epoll Server IO #2/DEBUG] [net.minecraftforge.network.HandshakeHandler/FMLHANDSHAKE]: Received acknowledgement from client
[07Jun2026 04:29:13.944] [Netty Epoll Server IO #2/DEBUG] [net.minecraftforge.network.LoginWrapper/FMLHANDSHAKE]: Recieved login wrapper packet event for channel fml:handshake with index 22
[07Jun2026 04:29:13.944] [Netty Epoll Server IO #2/DEBUG] [net.minecraftforge.network.HandshakeHandler/FMLHANDSHAKE]: Received client indexed reply 22 of type net.minecraftforge.network.HandshakeMessages$C2SAcknowledge
[07Jun2026 04:29:13.944] [Netty Epoll Server IO #2/DEBUG] [net.minecraftforge.network.HandshakeHandler/FMLHANDSHAKE]: Received acknowledgement from client
[07Jun2026 04:29:13.944] [Netty Epoll Server IO #2/DEBUG] [net.minecraftforge.network.LoginWrapper/FMLHANDSHAKE]: Recieved login wrapper packet event for channel fml:handshake with index 23
[07Jun2026 04:29:13.945] [Netty Epoll Server IO #2/DEBUG] [net.minecraftforge.network.HandshakeHandler/FMLHANDSHAKE]: Received client indexed reply 23 of type net.minecraftforge.network.HandshakeMessages$C2SAcknowledge
[07Jun2026 04:29:13.945] [Netty Epoll Server IO #2/DEBUG] [net.minecraftforge.network.HandshakeHandler/FMLHANDSHAKE]: Received acknowledgement from client
[07Jun2026 04:29:15.334] [Netty Epoll Server IO #2/DEBUG] [net.minecraftforge.network.LoginWrapper/FMLHANDSHAKE]: Recieved login wrapper packet event for channel fml:handshake with index 24
[07Jun2026 04:29:15.334] [Netty Epoll Server IO #2/DEBUG] [net.minecraftforge.network.HandshakeHandler/FMLHANDSHAKE]: Received client indexed reply 24 of type net.minecraftforge.network.HandshakeMessages$C2SAcknowledge
[07Jun2026 04:29:15.334] [Netty Epoll Server IO #2/DEBUG] [net.minecraftforge.network.HandshakeHandler/FMLHANDSHAKE]: Received acknowledgement from client
[07Jun2026 04:29:15.335] [Netty Epoll Server IO #2/DEBUG] [net.minecraftforge.network.LoginWrapper/FMLHANDSHAKE]: Recieved login wrapper packet event for channel fml:handshake with index 25
[07Jun2026 04:29:15.335] [Netty Epoll Server IO #2/DEBUG] [net.minecraftforge.network.HandshakeHandler/FMLHANDSHAKE]: Received client indexed reply 25 of type net.minecraftforge.network.HandshakeMessages$C2SAcknowledge
[07Jun2026 04:29:15.335] [Netty Epoll Server IO #2/DEBUG] [net.minecraftforge.network.HandshakeHandler/FMLHANDSHAKE]: Received acknowledgement from client
[07Jun2026 04:29:15.336] [Netty Epoll Server IO #2/DEBUG] [net.minecraftforge.network.LoginWrapper/FMLHANDSHAKE]: Recieved login wrapper packet event for channel fml:handshake with index 26
[07Jun2026 04:29:15.336] [Netty Epoll Server IO #2/DEBUG] [net.minecraftforge.network.HandshakeHandler/FMLHANDSHAKE]: Received client indexed reply 26 of type net.minecraftforge.network.HandshakeMessages$C2SAcknowledge
[07Jun2026 04:29:15.336] [Netty Epoll Server IO #2/DEBUG] [net.minecraftforge.network.HandshakeHandler/FMLHANDSHAKE]: Received acknowledgement from client
[07Jun2026 04:29:15.338] [Netty Epoll Server IO #2/DEBUG] [net.minecraftforge.network.LoginWrapper/FMLHANDSHAKE]: Recieved login wrapper packet event for channel fml:handshake with index 27
[07Jun2026 04:29:15.338] [Netty Epoll Server IO #2/DEBUG] [net.minecraftforge.network.HandshakeHandler/FMLHANDSHAKE]: Received client indexed reply 27 of type net.minecraftforge.network.HandshakeMessages$C2SAcknowledge
[07Jun2026 04:29:15.338] [Netty Epoll Server IO #2/DEBUG] [net.minecraftforge.network.HandshakeHandler/FMLHANDSHAKE]: Received acknowledgement from client
[07Jun2026 04:29:15.340] [Netty Epoll Server IO #2/DEBUG] [net.minecraftforge.network.LoginWrapper/FMLHANDSHAKE]: Recieved login wrapper packet event for channel fml:handshake with index 28
[07Jun2026 04:29:15.340] [Netty Epoll Server IO #2/DEBUG] [net.minecraftforge.network.HandshakeHandler/FMLHANDSHAKE]: Received client indexed reply 28 of type net.minecraftforge.network.HandshakeMessages$C2SAcknowledge
[07Jun2026 04:29:15.340] [Netty Epoll Server IO #2/DEBUG] [net.minecraftforge.network.HandshakeHandler/FMLHANDSHAKE]: Received acknowledgement from client
[07Jun2026 04:29:15.365] [Server thread/DEBUG] [net.minecraftforge.network.HandshakeHandler/FMLHANDSHAKE]: Handshake complete!
[07Jun2026 04:29:15.536] [Server thread/INFO] [net.minecraft.server.players.PlayerList/]: harubie[/100.99.209.47:61200] logged in with entity id 86 at (-224.3696318242542, 116.0, 31.080918216181928)
[07Jun2026 04:29:15.546] [Server thread/DEBUG] [net.minecraftforge.network.filters.NetworkFilters/]: Injected net.minecraftforge.network.filters.ForgeConnectionNetworkFilter@3d0343f9 into net.minecraft.network.Connection@5e52ce9
[07Jun2026 04:29:15.630] [Server thread/INFO] [net.minecraft.server.MinecraftServer/]: harubie joined the game
[07Jun2026 04:29:16.297] [Server thread/DEBUG] [io.netty.util.internal.ThreadLocalRandom/]: -Dio.netty.initialSeedUniquifier: 0xc8242767dd671367
[07Jun2026 04:29:20.156] [Server thread/DEBUG] [mixin/]: Mixing VillagerTaskListProviderMixin from friendsandfoes-common.mixins.json into net.minecraft.world.entity.ai.behavior.VillagerGoalPackages
[07Jun2026 04:29:26.914] [Netty Epoll Server IO #5/DEBUG] [net.minecraftforge.network.HandshakeHandler/FMLHANDSHAKE]: Starting new modded impl connection. Found 29 messages to dispatch.
[07Jun2026 04:29:26.936] [Server thread/DEBUG] [net.minecraftforge.network.HandshakeHandler/FMLHANDSHAKE]: Sending ticking packet info 'net.minecraftforge.network.HandshakeMessages$S2CModData' to 'fml:handshake' sequence 0
[07Jun2026 04:29:26.995] [Server thread/DEBUG] [net.minecraftforge.network.HandshakeHandler/FMLHANDSHAKE]: Sending ticking packet info 'net.minecraftforge.network.HandshakeMessages$S2CModList' to 'fml:handshake' sequence 1
[07Jun2026 04:29:27.031] [Server thread/DEBUG] [net.minecraftforge.network.HandshakeHandler/FMLHANDSHAKE]: Sending ticking packet info 'Registry minecraft:command_argument_type' to 'fml:handshake' sequence 2
[07Jun2026 04:29:27.082] [Netty Epoll Server IO #5/DEBUG] [net.minecraftforge.network.LoginWrapper/FMLHANDSHAKE]: Recieved login wrapper packet event for channel fml:handshake with index 1
[07Jun2026 04:29:27.083] [Netty Epoll Server IO #5/DEBUG] [net.minecraftforge.network.HandshakeHandler/FMLHANDSHAKE]: Received client indexed reply 1 of type net.minecraftforge.network.HandshakeMessages$C2SModListReply
[07Jun2026 04:29:27.083] [Netty Epoll Server IO #5/DEBUG] [net.minecraftforge.network.HandshakeHandler/FMLHANDSHAKE]: Received client connection with modlist [minecraft, farmersdelight, tameablebeasts, cute_companions_ducks, explorify, geckolib, cluttered, faunify, xaerolib, doggytalents, shroom_dealers, xaerominimap, breadcraft, citadel, alexsmobs, mixinextras, architectury, furnish, meadow, kawaiidishes, terralith, placeable_food, forge, t_and_t, farm_and_charm, bakery, friendsandfoes, cristellib, betterdogs_dtn]
[07Jun2026 04:29:27.083] [Netty Epoll Server IO #5/DEBUG] [net.minecraftforge.network.NetworkRegistry/NETREGISTRY]: Channel 'fml:loginwrapper' : Version test of 'FML3' from client : ACCEPTED
[07Jun2026 04:29:27.083] [Netty Epoll Server IO #5/DEBUG] [net.minecraftforge.network.NetworkRegistry/NETREGISTRY]: Channel 'forge:tier_sorting' : Version test of '1.0' from client : ACCEPTED
[07Jun2026 04:29:27.083] [Netty Epoll Server IO #5/DEBUG] [net.minecraftforge.network.NetworkRegistry/NETREGISTRY]: Channel 'architectury:network' : Version test of '1' from client : ACCEPTED
[07Jun2026 04:29:27.083] [Netty Epoll Server IO #5/DEBUG] [net.minecraftforge.network.NetworkRegistry/NETREGISTRY]: Channel 'alexsmobs:main_channel' : Version test of '1' from client : ACCEPTED
[07Jun2026 04:29:27.083] [Netty Epoll Server IO #5/DEBUG] [net.minecraftforge.network.NetworkRegistry/NETREGISTRY]: Channel 'xaerolib:main' : Version test of '1.0' from client : ACCEPTED
[07Jun2026 04:29:27.083] [Netty Epoll Server IO #5/DEBUG] [net.minecraftforge.network.NetworkRegistry/NETREGISTRY]: Channel 'minecraft:unregister' : Version test of 'FML3' from client : ACCEPTED
[07Jun2026 04:29:27.084] [Netty Epoll Server IO #5/DEBUG] [net.minecraftforge.network.NetworkRegistry/NETREGISTRY]: Channel 'tameablebeasts:main' : Version test of 'FML3' from client : ACCEPTED
[07Jun2026 04:29:27.084] [Netty Epoll Server IO #5/DEBUG] [net.minecraftforge.network.NetworkRegistry/NETREGISTRY]: Channel 'fml:play' : Version test of 'FML3' from client : ACCEPTED
[07Jun2026 04:29:27.084] [Netty Epoll Server IO #5/DEBUG] [net.minecraftforge.network.NetworkRegistry/NETREGISTRY]: Channel 'xaerominimap:main' : Version test of '1.0' from client : ACCEPTED
[07Jun2026 04:29:27.084] [Netty Epoll Server IO #5/DEBUG] [net.minecraftforge.network.NetworkRegistry/NETREGISTRY]: Channel 'citadel:main_channel' : Version test of '1' from client : ACCEPTED
[07Jun2026 04:29:27.084] [Netty Epoll Server IO #5/DEBUG] [net.minecraftforge.network.NetworkRegistry/NETREGISTRY]: Channel 'shroom_dealers:shroom_dealers' : Version test of '1' from client : ACCEPTED
[07Jun2026 04:29:27.084] [Netty Epoll Server IO #5/DEBUG] [net.minecraftforge.network.NetworkRegistry/NETREGISTRY]: Channel 'cute_companions_ducks:cute_companions_ducks' : Version test of '1' from client : ACCEPTED
[07Jun2026 04:29:27.084] [Netty Epoll Server IO #5/DEBUG] [net.minecraftforge.network.NetworkRegistry/NETREGISTRY]: Channel 'friendsandfoes:networking' : Version test of '3.0.9' from client : ACCEPTED
[07Jun2026 04:29:27.084] [Netty Epoll Server IO #5/DEBUG] [net.minecraftforge.network.NetworkRegistry/NETREGISTRY]: Channel 'fml:handshake' : Version test of 'FML3' from client : ACCEPTED
[07Jun2026 04:29:27.084] [Netty Epoll Server IO #5/DEBUG] [net.minecraftforge.network.NetworkRegistry/NETREGISTRY]: Channel 'farmersdelight:main' : Version test of '1' from client : ACCEPTED
[07Jun2026 04:29:27.084] [Netty Epoll Server IO #5/DEBUG] [net.minecraftforge.network.NetworkRegistry/NETREGISTRY]: Channel 'doggytalents:channel' : Version test of '3' from client : ACCEPTED
[07Jun2026 04:29:27.084] [Netty Epoll Server IO #5/DEBUG] [net.minecraftforge.network.NetworkRegistry/NETREGISTRY]: Channel 'placeable_food:placeable_food' : Version test of '1' from client : ACCEPTED
[07Jun2026 04:29:27.084] [Netty Epoll Server IO #5/DEBUG] [net.minecraftforge.network.NetworkRegistry/NETREGISTRY]: Channel 'minecraft:register' : Version test of 'FML3' from client : ACCEPTED
[07Jun2026 04:29:27.084] [Netty Epoll Server IO #5/DEBUG] [net.minecraftforge.network.NetworkRegistry/NETREGISTRY]: Channel 'forge:split' : Version test of '1.1' from client : ACCEPTED
[07Jun2026 04:29:27.084] [Netty Epoll Server IO #5/DEBUG] [net.minecraftforge.network.NetworkRegistry/NETREGISTRY]: Channel 'breadcraft:breadcraft' : Version test of '1' from client : ACCEPTED
[07Jun2026 04:29:27.084] [Netty Epoll Server IO #5/DEBUG] [net.minecraftforge.network.NetworkRegistry/NETREGISTRY]: Channel 'geckolib:main' : Version test of '1' from client : ACCEPTED
[07Jun2026 04:29:27.084] [Netty Epoll Server IO #5/DEBUG] [net.minecraftforge.network.NetworkRegistry/NETREGISTRY]: Channel 'kawaiidishes:messages' : Version test of '1.0' from client : ACCEPTED
[07Jun2026 04:29:27.084] [Netty Epoll Server IO #5/DEBUG] [net.minecraftforge.network.NetworkRegistry/NETREGISTRY]: Accepting channel list from client
[07Jun2026 04:29:27.084] [Server thread/DEBUG] [net.minecraftforge.network.HandshakeHandler/FMLHANDSHAKE]: Sending ticking packet info 'Registry minecraft:recipe_serializer' to 'fml:handshake' sequence 3
[07Jun2026 04:29:27.085] [Netty Epoll Server IO #5/DEBUG] [net.minecraftforge.network.HandshakeHandler/FMLHANDSHAKE]: Accepted client connection mod list
[07Jun2026 04:29:27.122] [Netty Epoll Server IO #5/DEBUG] [net.minecraftforge.network.LoginWrapper/FMLHANDSHAKE]: Recieved login wrapper packet event for channel fml:handshake with index 2
[07Jun2026 04:29:27.123] [Netty Epoll Server IO #5/DEBUG] [net.minecraftforge.network.HandshakeHandler/FMLHANDSHAKE]: Received client indexed reply 2 of type net.minecraftforge.network.HandshakeMessages$C2SAcknowledge
[07Jun2026 04:29:27.123] [Netty Epoll Server IO #5/DEBUG] [net.minecraftforge.network.HandshakeHandler/FMLHANDSHAKE]: Received acknowledgement from client
[07Jun2026 04:29:27.133] [Server thread/DEBUG] [net.minecraftforge.network.HandshakeHandler/FMLHANDSHAKE]: Sending ticking packet info 'Registry minecraft:sound_event' to 'fml:handshake' sequence 4
[07Jun2026 04:29:27.166] [Netty Epoll Server IO #5/DEBUG] [net.minecraftforge.network.LoginWrapper/FMLHANDSHAKE]: Recieved login wrapper packet event for channel fml:handshake with index 3
[07Jun2026 04:29:27.167] [Netty Epoll Server IO #5/DEBUG] [net.minecraftforge.network.HandshakeHandler/FMLHANDSHAKE]: Received client indexed reply 3 of type net.minecraftforge.network.HandshakeMessages$C2SAcknowledge
[07Jun2026 04:29:27.167] [Netty Epoll Server IO #5/DEBUG] [net.minecraftforge.network.HandshakeHandler/FMLHANDSHAKE]: Received acknowledgement from client
[07Jun2026 04:29:27.191] [Server thread/DEBUG] [net.minecraftforge.network.HandshakeHandler/FMLHANDSHAKE]: Sending ticking packet info 'Registry minecraft:particle_type' to 'fml:handshake' sequence 5
[07Jun2026 04:29:27.237] [Server thread/DEBUG] [net.minecraftforge.network.HandshakeHandler/FMLHANDSHAKE]: Sending ticking packet info 'Registry minecraft:villager_profession' to 'fml:handshake' sequence 6
[07Jun2026 04:29:27.279] [Server thread/DEBUG] [net.minecraftforge.network.HandshakeHandler/FMLHANDSHAKE]: Sending ticking packet info 'Registry minecraft:item' to 'fml:handshake' sequence 7
[07Jun2026 04:29:27.333] [Server thread/DEBUG] [net.minecraftforge.network.HandshakeHandler/FMLHANDSHAKE]: Sending ticking packet info 'Registry minecraft:potion' to 'fml:handshake' sequence 8
[07Jun2026 04:29:27.385] [Server thread/DEBUG] [net.minecraftforge.network.HandshakeHandler/FMLHANDSHAKE]: Sending ticking packet info 'Registry doggytalents:talents' to 'fml:handshake' sequence 9
[07Jun2026 04:29:27.386] [Netty Epoll Server IO #5/DEBUG] [net.minecraftforge.network.LoginWrapper/FMLHANDSHAKE]: Recieved login wrapper packet event for channel fml:handshake with index 4
[07Jun2026 04:29:27.386] [Netty Epoll Server IO #5/DEBUG] [net.minecraftforge.network.HandshakeHandler/FMLHANDSHAKE]: Received client indexed reply 4 of type net.minecraftforge.network.HandshakeMessages$C2SAcknowledge
[07Jun2026 04:29:27.386] [Netty Epoll Server IO #5/DEBUG] [net.minecraftforge.network.HandshakeHandler/FMLHANDSHAKE]: Received acknowledgement from client
[07Jun2026 04:29:27.386] [Netty Epoll Server IO #5/DEBUG] [net.minecraftforge.network.LoginWrapper/FMLHANDSHAKE]: Recieved login wrapper packet event for channel fml:handshake with index 5
[07Jun2026 04:29:27.386] [Netty Epoll Server IO #5/DEBUG] [net.minecraftforge.network.HandshakeHandler/FMLHANDSHAKE]: Received client indexed reply 5 of type net.minecraftforge.network.HandshakeMessages$C2SAcknowledge
[07Jun2026 04:29:27.387] [Netty Epoll Server IO #5/DEBUG] [net.minecraftforge.network.HandshakeHandler/FMLHANDSHAKE]: Received acknowledgement from client
[07Jun2026 04:29:27.387] [Netty Epoll Server IO #5/DEBUG] [net.minecraftforge.network.LoginWrapper/FMLHANDSHAKE]: Recieved login wrapper packet event for channel fml:handshake with index 6
[07Jun2026 04:29:27.387] [Netty Epoll Server IO #5/DEBUG] [net.minecraftforge.network.HandshakeHandler/FMLHANDSHAKE]: Received client indexed reply 6 of type net.minecraftforge.network.HandshakeMessages$C2SAcknowledge
[07Jun2026 04:29:27.387] [Netty Epoll Server IO #5/DEBUG] [net.minecraftforge.network.HandshakeHandler/FMLHANDSHAKE]: Received acknowledgement from client
[07Jun2026 04:29:27.436] [Server thread/DEBUG] [net.minecraftforge.network.HandshakeHandler/FMLHANDSHAKE]: Sending ticking packet info 'Registry minecraft:painting_variant' to 'fml:handshake' sequence 10
[07Jun2026 04:29:27.482] [Server thread/DEBUG] [net.minecraftforge.network.HandshakeHandler/FMLHANDSHAKE]: Sending ticking packet info 'Registry forge:fluid_type' to 'fml:handshake' sequence 11
[07Jun2026 04:29:27.530] [Server thread/DEBUG] [net.minecraftforge.network.HandshakeHandler/FMLHANDSHAKE]: Sending ticking packet info 'Registry minecraft:block_entity_type' to 'fml:handshake' sequence 12
[07Jun2026 04:29:27.546] [Netty Epoll Server IO #5/DEBUG] [net.minecraftforge.network.LoginWrapper/FMLHANDSHAKE]: Recieved login wrapper packet event for channel fml:handshake with index 7
[07Jun2026 04:29:27.546] [Netty Epoll Server IO #5/DEBUG] [net.minecraftforge.network.HandshakeHandler/FMLHANDSHAKE]: Received client indexed reply 7 of type net.minecraftforge.network.HandshakeMessages$C2SAcknowledge
[07Jun2026 04:29:27.546] [Netty Epoll Server IO #5/DEBUG] [net.minecraftforge.network.HandshakeHandler/FMLHANDSHAKE]: Received acknowledgement from client
[07Jun2026 04:29:27.546] [Netty Epoll Server IO #5/DEBUG] [net.minecraftforge.network.LoginWrapper/FMLHANDSHAKE]: Recieved login wrapper packet event for channel fml:handshake with index 8
[07Jun2026 04:29:27.546] [Netty Epoll Server IO #5/DEBUG] [net.minecraftforge.network.HandshakeHandler/FMLHANDSHAKE]: Received client indexed reply 8 of type net.minecraftforge.network.HandshakeMessages$C2SAcknowledge
[07Jun2026 04:29:27.546] [Netty Epoll Server IO #5/DEBUG] [net.minecraftforge.network.HandshakeHandler/FMLHANDSHAKE]: Received acknowledgement from client
[07Jun2026 04:29:27.547] [Netty Epoll Server IO #5/DEBUG] [net.minecraftforge.network.LoginWrapper/FMLHANDSHAKE]: Recieved login wrapper packet event for channel fml:handshake with index 9
[07Jun2026 04:29:27.547] [Netty Epoll Server IO #5/DEBUG] [net.minecraftforge.network.HandshakeHandler/FMLHANDSHAKE]: Received client indexed reply 9 of type net.minecraftforge.network.HandshakeMessages$C2SAcknowledge
[07Jun2026 04:29:27.547] [Netty Epoll Server IO #5/DEBUG] [net.minecraftforge.network.HandshakeHandler/FMLHANDSHAKE]: Received acknowledgement from client
[07Jun2026 04:29:27.547] [Netty Epoll Server IO #5/DEBUG] [net.minecraftforge.network.LoginWrapper/FMLHANDSHAKE]: Recieved login wrapper packet event for channel fml:handshake with index 10
[07Jun2026 04:29:27.547] [Netty Epoll Server IO #5/DEBUG] [net.minecraftforge.network.HandshakeHandler/FMLHANDSHAKE]: Received client indexed reply 10 of type net.minecraftforge.network.HandshakeMessages$C2SAcknowledge
[07Jun2026 04:29:27.547] [Netty Epoll Server IO #5/DEBUG] [net.minecraftforge.network.HandshakeHandler/FMLHANDSHAKE]: Received acknowledgement from client
[07Jun2026 04:29:27.564] [Netty Epoll Server IO #5/DEBUG] [net.minecraftforge.network.LoginWrapper/FMLHANDSHAKE]: Recieved login wrapper packet event for channel fml:handshake with index 11
[07Jun2026 04:29:27.564] [Netty Epoll Server IO #5/DEBUG] [net.minecraftforge.network.HandshakeHandler/FMLHANDSHAKE]: Received client indexed reply 11 of type net.minecraftforge.network.HandshakeMessages$C2SAcknowledge
[07Jun2026 04:29:27.564] [Netty Epoll Server IO #5/DEBUG] [net.minecraftforge.network.HandshakeHandler/FMLHANDSHAKE]: Received acknowledgement from client
[07Jun2026 04:29:27.585] [Server thread/DEBUG] [net.minecraftforge.network.HandshakeHandler/FMLHANDSHAKE]: Sending ticking packet info 'Registry forge:display_contexts' to 'fml:handshake' sequence 13
[07Jun2026 04:29:27.611] [Netty Epoll Server IO #5/DEBUG] [net.minecraftforge.network.LoginWrapper/FMLHANDSHAKE]: Recieved login wrapper packet event for channel fml:handshake with index 12
[07Jun2026 04:29:27.611] [Netty Epoll Server IO #5/DEBUG] [net.minecraftforge.network.HandshakeHandler/FMLHANDSHAKE]: Received client indexed reply 12 of type net.minecraftforge.network.HandshakeMessages$C2SAcknowledge
[07Jun2026 04:29:27.612] [Netty Epoll Server IO #5/DEBUG] [net.minecraftforge.network.HandshakeHandler/FMLHANDSHAKE]: Received acknowledgement from client
[07Jun2026 04:29:27.629] [Server thread/DEBUG] [net.minecraftforge.network.HandshakeHandler/FMLHANDSHAKE]: Sending ticking packet info 'Registry minecraft:block' to 'fml:handshake' sequence 14
[07Jun2026 04:29:27.667] [Netty Epoll Server IO #5/DEBUG] [net.minecraftforge.network.LoginWrapper/FMLHANDSHAKE]: Recieved login wrapper packet event for channel fml:handshake with index 13
[07Jun2026 04:29:27.667] [Netty Epoll Server IO #5/DEBUG] [net.minecraftforge.network.HandshakeHandler/FMLHANDSHAKE]: Received client indexed reply 13 of type net.minecraftforge.network.HandshakeMessages$C2SAcknowledge
[07Jun2026 04:29:27.667] [Netty Epoll Server IO #5/DEBUG] [net.minecraftforge.network.HandshakeHandler/FMLHANDSHAKE]: Received acknowledgement from client
[07Jun2026 04:29:27.685] [Server thread/DEBUG] [net.minecraftforge.network.HandshakeHandler/FMLHANDSHAKE]: Sending ticking packet info 'Registry forge:entity_data_serializers' to 'fml:handshake' sequence 15
[07Jun2026 04:29:27.716] [Netty Epoll Server IO #5/DEBUG] [net.minecraftforge.network.LoginWrapper/FMLHANDSHAKE]: Recieved login wrapper packet event for channel fml:handshake with index 14
[07Jun2026 04:29:27.717] [Netty Epoll Server IO #5/DEBUG] [net.minecraftforge.network.HandshakeHandler/FMLHANDSHAKE]: Received client indexed reply 14 of type net.minecraftforge.network.HandshakeMessages$C2SAcknowledge
[07Jun2026 04:29:27.717] [Netty Epoll Server IO #5/DEBUG] [net.minecraftforge.network.HandshakeHandler/FMLHANDSHAKE]: Received acknowledgement from client
[07Jun2026 04:29:27.734] [Server thread/DEBUG] [net.minecraftforge.network.HandshakeHandler/FMLHANDSHAKE]: Sending ticking packet info 'Registry minecraft:mob_effect' to 'fml:handshake' sequence 16
[07Jun2026 04:29:27.766] [Netty Epoll Server IO #5/DEBUG] [net.minecraftforge.network.LoginWrapper/FMLHANDSHAKE]: Recieved login wrapper packet event for channel fml:handshake with index 15
[07Jun2026 04:29:27.766] [Netty Epoll Server IO #5/DEBUG] [net.minecraftforge.network.HandshakeHandler/FMLHANDSHAKE]: Received client indexed reply 15 of type net.minecraftforge.network.HandshakeMessages$C2SAcknowledge
[07Jun2026 04:29:27.766] [Netty Epoll Server IO #5/DEBUG] [net.minecraftforge.network.HandshakeHandler/FMLHANDSHAKE]: Received acknowledgement from client
[07Jun2026 04:29:27.791] [Server thread/DEBUG] [net.minecraftforge.network.HandshakeHandler/FMLHANDSHAKE]: Sending ticking packet info 'Registry minecraft:stat_type' to 'fml:handshake' sequence 17
[07Jun2026 04:29:27.816] [Netty Epoll Server IO #5/DEBUG] [net.minecraftforge.network.LoginWrapper/FMLHANDSHAKE]: Recieved login wrapper packet event for channel fml:handshake with index 16
[07Jun2026 04:29:27.816] [Netty Epoll Server IO #5/DEBUG] [net.minecraftforge.network.HandshakeHandler/FMLHANDSHAKE]: Received client indexed reply 16 of type net.minecraftforge.network.HandshakeMessages$C2SAcknowledge
[07Jun2026 04:29:27.816] [Netty Epoll Server IO #5/DEBUG] [net.minecraftforge.network.HandshakeHandler/FMLHANDSHAKE]: Received acknowledgement from client
[07Jun2026 04:29:27.831] [Server thread/DEBUG] [net.minecraftforge.network.HandshakeHandler/FMLHANDSHAKE]: Sending ticking packet info 'Registry minecraft:menu' to 'fml:handshake' sequence 18
[07Jun2026 04:29:27.874] [Netty Epoll Server IO #5/DEBUG] [net.minecraftforge.network.LoginWrapper/FMLHANDSHAKE]: Recieved login wrapper packet event for channel fml:handshake with index 17
[07Jun2026 04:29:27.874] [Netty Epoll Server IO #5/DEBUG] [net.minecraftforge.network.HandshakeHandler/FMLHANDSHAKE]: Received client indexed reply 17 of type net.minecraftforge.network.HandshakeMessages$C2SAcknowledge
[07Jun2026 04:29:27.874] [Netty Epoll Server IO #5/DEBUG] [net.minecraftforge.network.HandshakeHandler/FMLHANDSHAKE]: Received acknowledgement from client
[07Jun2026 04:29:27.885] [Server thread/DEBUG] [net.minecraftforge.network.HandshakeHandler/FMLHANDSHAKE]: Sending ticking packet info 'Registry minecraft:enchantment' to 'fml:handshake' sequence 19
[07Jun2026 04:29:27.912] [Netty Epoll Server IO #5/DEBUG] [net.minecraftforge.network.LoginWrapper/FMLHANDSHAKE]: Recieved login wrapper packet event for channel fml:handshake with index 18
[07Jun2026 04:29:27.913] [Netty Epoll Server IO #5/DEBUG] [net.minecraftforge.network.HandshakeHandler/FMLHANDSHAKE]: Received client indexed reply 18 of type net.minecraftforge.network.HandshakeMessages$C2SAcknowledge
[07Jun2026 04:29:27.913] [Netty Epoll Server IO #5/DEBUG] [net.minecraftforge.network.HandshakeHandler/FMLHANDSHAKE]: Received acknowledgement from client
[07Jun2026 04:29:27.932] [Server thread/DEBUG] [net.minecraftforge.network.HandshakeHandler/FMLHANDSHAKE]: Sending ticking packet info 'Registry doggytalents:talent_options' to 'fml:handshake' sequence 20
[07Jun2026 04:29:27.973] [Netty Epoll Server IO #5/DEBUG] [net.minecraftforge.network.LoginWrapper/FMLHANDSHAKE]: Recieved login wrapper packet event for channel fml:handshake with index 19
[07Jun2026 04:29:27.974] [Netty Epoll Server IO #5/DEBUG] [net.minecraftforge.network.HandshakeHandler/FMLHANDSHAKE]: Received client indexed reply 19 of type net.minecraftforge.network.HandshakeMessages$C2SAcknowledge
[07Jun2026 04:29:27.974] [Netty Epoll Server IO #5/DEBUG] [net.minecraftforge.network.HandshakeHandler/FMLHANDSHAKE]: Received acknowledgement from client
[07Jun2026 04:29:27.981] [Server thread/DEBUG] [net.minecraftforge.network.HandshakeHandler/FMLHANDSHAKE]: Sending ticking packet info 'Registry minecraft:fluid' to 'fml:handshake' sequence 21
[07Jun2026 04:29:28.018] [Netty Epoll Server IO #5/DEBUG] [net.minecraftforge.network.LoginWrapper/FMLHANDSHAKE]: Recieved login wrapper packet event for channel fml:handshake with index 20
[07Jun2026 04:29:28.018] [Netty Epoll Server IO #5/DEBUG] [net.minecraftforge.network.HandshakeHandler/FMLHANDSHAKE]: Received client indexed reply 20 of type net.minecraftforge.network.HandshakeMessages$C2SAcknowledge
[07Jun2026 04:29:28.018] [Netty Epoll Server IO #5/DEBUG] [net.minecraftforge.network.HandshakeHandler/FMLHANDSHAKE]: Received acknowledgement from client
[07Jun2026 04:29:28.032] [Server thread/DEBUG] [net.minecraftforge.network.HandshakeHandler/FMLHANDSHAKE]: Sending ticking packet info 'Registry doggytalents:dog_variant' to 'fml:handshake' sequence 22
[07Jun2026 04:29:28.062] [Netty Epoll Server IO #5/DEBUG] [net.minecraftforge.network.LoginWrapper/FMLHANDSHAKE]: Recieved login wrapper packet event for channel fml:handshake with index 21
[07Jun2026 04:29:28.062] [Netty Epoll Server IO #5/DEBUG] [net.minecraftforge.network.HandshakeHandler/FMLHANDSHAKE]: Received client indexed reply 21 of type net.minecraftforge.network.HandshakeMessages$C2SAcknowledge
[07Jun2026 04:29:28.062] [Netty Epoll Server IO #5/DEBUG] [net.minecraftforge.network.HandshakeHandler/FMLHANDSHAKE]: Received acknowledgement from client
[07Jun2026 04:29:28.082] [Server thread/DEBUG] [net.minecraftforge.network.HandshakeHandler/FMLHANDSHAKE]: Sending ticking packet info 'Registry minecraft:entity_type' to 'fml:handshake' sequence 23
[07Jun2026 04:29:28.114] [Netty Epoll Server IO #5/DEBUG] [net.minecraftforge.network.LoginWrapper/FMLHANDSHAKE]: Recieved login wrapper packet event for channel fml:handshake with index 22
[07Jun2026 04:29:28.114] [Netty Epoll Server IO #5/DEBUG] [net.minecraftforge.network.HandshakeHandler/FMLHANDSHAKE]: Received client indexed reply 22 of type net.minecraftforge.network.HandshakeMessages$C2SAcknowledge
[07Jun2026 04:29:28.114] [Netty Epoll Server IO #5/DEBUG] [net.minecraftforge.network.HandshakeHandler/FMLHANDSHAKE]: Received acknowledgement from client
[07Jun2026 04:29:28.132] [Server thread/DEBUG] [net.minecraftforge.network.HandshakeHandler/FMLHANDSHAKE]: Sending ticking packet info 'Registry doggytalents:accessories' to 'fml:handshake' sequence 24
[07Jun2026 04:29:28.163] [Netty Epoll Server IO #5/DEBUG] [net.minecraftforge.network.LoginWrapper/FMLHANDSHAKE]: Recieved login wrapper packet event for channel fml:handshake with index 23
[07Jun2026 04:29:28.163] [Netty Epoll Server IO #5/DEBUG] [net.minecraftforge.network.HandshakeHandler/FMLHANDSHAKE]: Received client indexed reply 23 of type net.minecraftforge.network.HandshakeMessages$C2SAcknowledge
[07Jun2026 04:29:28.163] [Netty Epoll Server IO #5/DEBUG] [net.minecraftforge.network.HandshakeHandler/FMLHANDSHAKE]: Received acknowledgement from client
[07Jun2026 04:29:28.194] [Server thread/DEBUG] [net.minecraftforge.network.HandshakeHandler/FMLHANDSHAKE]: Sending ticking packet info 'Config doggytalents-respawn_tags_to_remove.toml' to 'fml:handshake' sequence 25
[07Jun2026 04:29:28.231] [Server thread/DEBUG] [net.minecraftforge.network.HandshakeHandler/FMLHANDSHAKE]: Sending ticking packet info 'Config doggytalents-talents.toml' to 'fml:handshake' sequence 26
[07Jun2026 04:29:28.284] [Server thread/DEBUG] [net.minecraftforge.network.HandshakeHandler/FMLHANDSHAKE]: Sending ticking packet info 'Config doggytalents-server.toml' to 'fml:handshake' sequence 27
[07Jun2026 04:29:28.332] [Server thread/DEBUG] [net.minecraftforge.network.HandshakeHandler/FMLHANDSHAKE]: Sending ticking packet info 'Config forge-server.toml' to 'fml:handshake' sequence 28
[07Jun2026 04:29:29.277] [Netty Epoll Server IO #5/DEBUG] [net.minecraftforge.network.LoginWrapper/FMLHANDSHAKE]: Recieved login wrapper packet event for channel fml:handshake with index 24
[07Jun2026 04:29:29.277] [Netty Epoll Server IO #5/DEBUG] [net.minecraftforge.network.HandshakeHandler/FMLHANDSHAKE]: Received client indexed reply 24 of type net.minecraftforge.network.HandshakeMessages$C2SAcknowledge
[07Jun2026 04:29:29.278] [Netty Epoll Server IO #5/DEBUG] [net.minecraftforge.network.HandshakeHandler/FMLHANDSHAKE]: Received acknowledgement from client
[07Jun2026 04:29:29.282] [Netty Epoll Server IO #5/DEBUG] [net.minecraftforge.network.LoginWrapper/FMLHANDSHAKE]: Recieved login wrapper packet event for channel fml:handshake with index 25
[07Jun2026 04:29:29.283] [Netty Epoll Server IO #5/DEBUG] [net.minecraftforge.network.HandshakeHandler/FMLHANDSHAKE]: Received client indexed reply 25 of type net.minecraftforge.network.HandshakeMessages$C2SAcknowledge
[07Jun2026 04:29:29.283] [Netty Epoll Server IO #5/DEBUG] [net.minecraftforge.network.HandshakeHandler/FMLHANDSHAKE]: Received acknowledgement from client
[07Jun2026 04:29:29.284] [Netty Epoll Server IO #5/DEBUG] [net.minecraftforge.network.LoginWrapper/FMLHANDSHAKE]: Recieved login wrapper packet event for channel fml:handshake with index 26
[07Jun2026 04:29:29.284] [Netty Epoll Server IO #5/DEBUG] [net.minecraftforge.network.HandshakeHandler/FMLHANDSHAKE]: Received client indexed reply 26 of type net.minecraftforge.network.HandshakeMessages$C2SAcknowledge
[07Jun2026 04:29:29.284] [Netty Epoll Server IO #5/DEBUG] [net.minecraftforge.network.HandshakeHandler/FMLHANDSHAKE]: Received acknowledgement from client
[07Jun2026 04:29:29.284] [Netty Epoll Server IO #5/DEBUG] [net.minecraftforge.network.LoginWrapper/FMLHANDSHAKE]: Recieved login wrapper packet event for channel fml:handshake with index 27
[07Jun2026 04:29:29.284] [Netty Epoll Server IO #5/DEBUG] [net.minecraftforge.network.HandshakeHandler/FMLHANDSHAKE]: Received client indexed reply 27 of type net.minecraftforge.network.HandshakeMessages$C2SAcknowledge
[07Jun2026 04:29:29.284] [Netty Epoll Server IO #5/DEBUG] [net.minecraftforge.network.HandshakeHandler/FMLHANDSHAKE]: Received acknowledgement from client
[07Jun2026 04:29:29.286] [Netty Epoll Server IO #5/DEBUG] [net.minecraftforge.network.LoginWrapper/FMLHANDSHAKE]: Recieved login wrapper packet event for channel fml:handshake with index 28
[07Jun2026 04:29:29.286] [Netty Epoll Server IO #5/DEBUG] [net.minecraftforge.network.HandshakeHandler/FMLHANDSHAKE]: Received client indexed reply 28 of type net.minecraftforge.network.HandshakeMessages$C2SAcknowledge
[07Jun2026 04:29:29.286] [Netty Epoll Server IO #5/DEBUG] [net.minecraftforge.network.HandshakeHandler/FMLHANDSHAKE]: Received acknowledgement from client
[07Jun2026 04:29:29.294] [Server thread/DEBUG] [net.minecraftforge.network.HandshakeHandler/FMLHANDSHAKE]: Handshake complete!
[07Jun2026 04:29:29.371] [Server thread/INFO] [net.minecraft.server.players.PlayerList/]: ATOM-22[/100.116.208.116:55287] logged in with entity id 270 at (-224.86711779807663, 116.0625, 31.75202105051162)
[07Jun2026 04:29:29.372] [Server thread/DEBUG] [net.minecraftforge.network.filters.NetworkFilters/]: Injected net.minecraftforge.network.filters.ForgeConnectionNetworkFilter@37b37706 into net.minecraft.network.Connection@3e7dd022
[07Jun2026 04:29:29.396] [Server thread/INFO] [net.minecraft.server.MinecraftServer/]: ATOM-22 joined the game
[07Jun2026 04:31:10.845] [Worker-Main-2/INFO] [citadel/]: vanilla surface rule behavior unchanged
[07Jun2026 04:31:13.064] [Server thread/INFO] [net.minecraft.server.MinecraftServer/]: harubie has made the advancement [We Need to Go Deeper]
[07Jun2026 04:31:14.831] [Server thread/WARN] [net.minecraft.server.MinecraftServer/]: Can't keep up! Is the server overloaded? Running 4366ms or 87 ticks behind
[07Jun2026 04:31:14.929] [Server thread/INFO] [net.minecraft.server.MinecraftServer/]: ATOM-22 has made the advancement [We Need to Go Deeper]
[07Jun2026 04:31:41.168] [Server thread/INFO] [net.minecraft.server.MinecraftServer/]: [ATOM-22: Teleported harubie to ATOM-22]
[07Jun2026 04:32:39.581] [Server thread/INFO] [net.minecraft.server.MinecraftServer/]: [ATOM-22: Teleported harubie to ATOM-22]
[07Jun2026 04:33:44.433] [Server thread/INFO] [net.minecraft.server.MinecraftServer/]: ATOM-22 has made the advancement [What a Deal!]
[07Jun2026 04:33:56.125] [Server thread/DEBUG] [net.minecraftforge.common.ForgeHooks/WP]: Gathering id map for writing to world save world
[07Jun2026 04:33:56.141] [Server thread/DEBUG] [net.minecraftforge.common.ForgeHooks/WP]: ID Map collection complete world
[07Jun2026 04:38:56.068] [Server thread/DEBUG] [net.minecraftforge.common.ForgeHooks/WP]: Gathering id map for writing to world save world
[07Jun2026 04:38:56.092] [Server thread/DEBUG] [net.minecraftforge.common.ForgeHooks/WP]: ID Map collection complete world
[07Jun2026 04:40:37.544] [Server thread/INFO] [net.minecraft.server.MinecraftServer/]: ATOM-22 has made the advancement [Ghost! Ghost! Toast?]
[07Jun2026 04:43:39.380] [Server thread/INFO] [net.minecraft.server.MinecraftServer/]: ATOM-22 has made the advancement [Mariachi?]
[07Jun2026 04:43:56.080] [Server thread/DEBUG] [net.minecraftforge.common.ForgeHooks/WP]: Gathering id map for writing to world save world
[07Jun2026 04:43:56.098] [Server thread/DEBUG] [net.minecraftforge.common.ForgeHooks/WP]: ID Map collection complete world
[07Jun2026 04:44:01.077] [Server thread/INFO] [net.minecraft.server.MinecraftServer/]: ATOM-22 has completed the challenge [Mariachi!]
[07Jun2026 04:48:56.122] [Server thread/DEBUG] [net.minecraftforge.common.ForgeHooks/WP]: Gathering id map for writing to world save world
[07Jun2026 04:48:56.142] [Server thread/DEBUG] [net.minecraftforge.common.ForgeHooks/WP]: ID Map collection complete world
[07Jun2026 04:48:58.343] [Server thread/INFO] [net.minecraft.server.MinecraftServer/]: ATOM-22 has made the advancement [Freedom Intensifies]
[07Jun2026 04:51:26.952] [Server thread/INFO] [net.minecraft.server.MinecraftServer/]: ATOM-22 has made the advancement [You're too Slow!]
[07Jun2026 04:52:52.845] [Server thread/INFO] [net.minecraft.server.MinecraftServer/]: [ATOM-22: Set the weather to clear]
[07Jun2026 04:53:21.446] [Server thread/INFO] [net.minecraft.server.MinecraftServer/]: ATOM-22 has made the advancement [Ticket to the End of the World]
[07Jun2026 04:53:25.129] [Server thread/INFO] [net.minecraft.server.MinecraftServer/]: ATOM-22 has made the advancement [Break On Through...]
[07Jun2026 04:53:56.061] [Server thread/DEBUG] [net.minecraftforge.common.ForgeHooks/WP]: Gathering id map for writing to world save world
[07Jun2026 04:53:56.074] [Server thread/DEBUG] [net.minecraftforge.common.ForgeHooks/WP]: ID Map collection complete world
[07Jun2026 04:55:29.983] [Server thread/INFO] [net.minecraft.server.MinecraftServer/]: ATOM-22 has made the advancement [Weird Fishes/Arpeggi]
[07Jun2026 04:55:35.877] [Server thread/INFO] [net.minecraft.server.MinecraftServer/]: ATOM-22 has made the advancement [Race Against The Clock]
[07Jun2026 04:56:19.248] [Server thread/INFO] [net.minecraft.server.MinecraftServer/]: [ATOM-22: Set the time to 1000]
[07Jun2026 04:58:56.058] [Server thread/DEBUG] [net.minecraftforge.common.ForgeHooks/WP]: Gathering id map for writing to world save world
[07Jun2026 04:58:56.072] [Server thread/DEBUG] [net.minecraftforge.common.ForgeHooks/WP]: ID Map collection complete world
[07Jun2026 05:03:56.057] [Server thread/DEBUG] [net.minecraftforge.common.ForgeHooks/WP]: Gathering id map for writing to world save world
[07Jun2026 05:03:56.070] [Server thread/DEBUG] [net.minecraftforge.common.ForgeHooks/WP]: ID Map collection complete world
[07Jun2026 05:08:56.059] [Server thread/DEBUG] [net.minecraftforge.common.ForgeHooks/WP]: Gathering id map for writing to world save world
[07Jun2026 05:08:56.073] [Server thread/DEBUG] [net.minecraftforge.common.ForgeHooks/WP]: ID Map collection complete world
[07Jun2026 05:13:56.060] [Server thread/DEBUG] [net.minecraftforge.common.ForgeHooks/WP]: Gathering id map for writing to world save world
[07Jun2026 05:13:56.076] [Server thread/DEBUG] [net.minecraftforge.common.ForgeHooks/WP]: ID Map collection complete world
[07Jun2026 05:18:56.058] [Server thread/DEBUG] [net.minecraftforge.common.ForgeHooks/WP]: Gathering id map for writing to world save world
[07Jun2026 05:18:56.072] [Server thread/DEBUG] [net.minecraftforge.common.ForgeHooks/WP]: ID Map collection complete world
[07Jun2026 05:23:56.053] [Server thread/DEBUG] [net.minecraftforge.common.ForgeHooks/WP]: Gathering id map for writing to world save world
[07Jun2026 05:23:56.067] [Server thread/DEBUG] [net.minecraftforge.common.ForgeHooks/WP]: ID Map collection complete world
[07Jun2026 05:24:43.810] [Server thread/INFO] [net.minecraft.server.MinecraftServer/]: ATOM-22 has made the advancement [Ad End-stra]
[07Jun2026 05:26:00.377] [Server thread/INFO] [net.minecraft.server.MinecraftServer/]: ATOM-22 has made the advancement [Eye of The Storm]
[07Jun2026 05:26:26.080] [Server thread/INFO] [net.minecraft.server.MinecraftServer/]: ATOM-22 has made the advancement [Pocket Sand!]
[07Jun2026 05:27:16.076] [Server thread/INFO] [net.minecraft.server.MinecraftServer/]: ATOM-22 has made the advancement [Hand In Glove]
[07Jun2026 05:28:56.073] [Server thread/DEBUG] [net.minecraftforge.common.ForgeHooks/WP]: Gathering id map for writing to world save world
[07Jun2026 05:28:56.085] [Server thread/DEBUG] [net.minecraftforge.common.ForgeHooks/WP]: ID Map collection complete world
[07Jun2026 05:33:56.083] [Server thread/DEBUG] [net.minecraftforge.common.ForgeHooks/WP]: Gathering id map for writing to world save world
[07Jun2026 05:33:56.100] [Server thread/DEBUG] [net.minecraftforge.common.ForgeHooks/WP]: ID Map collection complete world
[07Jun2026 05:38:56.055] [Server thread/DEBUG] [net.minecraftforge.common.ForgeHooks/WP]: Gathering id map for writing to world save world
[07Jun2026 05:38:56.068] [Server thread/DEBUG] [net.minecraftforge.common.ForgeHooks/WP]: ID Map collection complete world
[07Jun2026 05:43:56.053] [Server thread/DEBUG] [net.minecraftforge.common.ForgeHooks/WP]: Gathering id map for writing to world save world
[07Jun2026 05:43:56.065] [Server thread/DEBUG] [net.minecraftforge.common.ForgeHooks/WP]: ID Map collection complete world
[07Jun2026 05:48:56.056] [Server thread/DEBUG] [net.minecraftforge.common.ForgeHooks/WP]: Gathering id map for writing to world save world
[07Jun2026 05:48:56.068] [Server thread/DEBUG] [net.minecraftforge.common.ForgeHooks/WP]: ID Map collection complete world
[07Jun2026 05:53:56.068] [Server thread/DEBUG] [net.minecraftforge.common.ForgeHooks/WP]: Gathering id map for writing to world save world
[07Jun2026 05:53:56.085] [Server thread/DEBUG] [net.minecraftforge.common.ForgeHooks/WP]: ID Map collection complete world
[07Jun2026 05:56:38.085] [Server thread/INFO] [net.minecraft.server.MinecraftServer/]: ATOM-22 has made the advancement [Cluckingham Palace]
[07Jun2026 05:58:56.053] [Server thread/DEBUG] [net.minecraftforge.common.ForgeHooks/WP]: Gathering id map for writing to world save world
[07Jun2026 05:58:56.065] [Server thread/DEBUG] [net.minecraftforge.common.ForgeHooks/WP]: ID Map collection complete world
